ISO-10303-21;
HEADER;
FILE_DESCRIPTION(('FreeCAD Model'),'2;1');
FILE_NAME('Open CASCADE Shape Model','2026-09-13T15:26:26',('FreeCAD'),(
    'FreeCAD'),'Open CASCADE STEP processor 7.8','FreeCAD','Unknown');
FILE_SCHEMA(('AUTOMOTIVE_DESIGN { 1 0 10303 214 1 1 1 1 }'));
ENDSEC;
DATA;
#1 = APPLICATION_PROTOCOL_DEFINITION('international standard',
  'automotive_design',2000,#2);
#2 = APPLICATION_CONTEXT(
  'core data for automotive mechanical design processes');
#3 = SHAPE_DEFINITION_REPRESENTATION(#4,#10);
#4 = PRODUCT_DEFINITION_SHAPE('','',#5);
#5 = PRODUCT_DEFINITION('design','',#6,#9);
#6 = PRODUCT_DEFINITION_FORMATION('','',#7);
#7 = PRODUCT('Open CASCADE STEP translator 7.8 1',
  'Open CASCADE STEP translator 7.8 1','',(#8));
#8 = PRODUCT_CONTEXT('',#2,'mechanical');
#9 = PRODUCT_DEFINITION_CONTEXT('part definition',#2,'design');
#10 = SHAPE_REPRESENTATION('',(#11,#15,#762,#1420),#5256);
#11 = AXIS2_PLACEMENT_3D('',#12,#13,#14);
#12 = CARTESIAN_POINT('',(0.,0.,0.));
#13 = DIRECTION('',(0.,0.,1.));
#14 = DIRECTION('',(1.,0.,-0.));
#15 = MANIFOLD_SOLID_BREP('',#16);
#16 = CLOSED_SHELL('',(#17,#57,#188,#223,#347,#364,#381,#398,#415,#432,
    #449,#466,#483,#500,#517,#545,#562,#612,#624,#658,#692,#710,#735,
    #753));
#17 = ADVANCED_FACE('',(#18),#52,.F.);
#18 = FACE_BOUND('',#19,.F.);
#19 = EDGE_LOOP('',(#20,#30,#38,#46));
#20 = ORIENTED_EDGE('',*,*,#21,.F.);
#21 = EDGE_CURVE('',#22,#24,#26,.T.);
#22 = VERTEX_POINT('',#23);
#23 = CARTESIAN_POINT('',(-14.,23.,18.));
#24 = VERTEX_POINT('',#25);
#25 = CARTESIAN_POINT('',(-14.,23.,26.));
#26 = LINE('',#27,#28);
#27 = CARTESIAN_POINT('',(-14.,23.,18.));
#28 = VECTOR('',#29,1.);
#29 = DIRECTION('',(0.,0.,1.));
#30 = ORIENTED_EDGE('',*,*,#31,.T.);
#31 = EDGE_CURVE('',#22,#32,#34,.T.);
#32 = VERTEX_POINT('',#33);
#33 = CARTESIAN_POINT('',(-14.,33.,18.));
#34 = LINE('',#35,#36);
#35 = CARTESIAN_POINT('',(-14.,23.,18.));
#36 = VECTOR('',#37,1.);
#37 = DIRECTION('',(-0.,1.,0.));
#38 = ORIENTED_EDGE('',*,*,#39,.T.);
#39 = EDGE_CURVE('',#32,#40,#42,.T.);
#40 = VERTEX_POINT('',#41);
#41 = CARTESIAN_POINT('',(-14.,33.,26.));
#42 = LINE('',#43,#44);
#43 = CARTESIAN_POINT('',(-14.,33.,18.));
#44 = VECTOR('',#45,1.);
#45 = DIRECTION('',(0.,0.,1.));
#46 = ORIENTED_EDGE('',*,*,#47,.F.);
#47 = EDGE_CURVE('',#24,#40,#48,.T.);
#48 = LINE('',#49,#50);
#49 = CARTESIAN_POINT('',(-14.,23.,26.));
#50 = VECTOR('',#51,1.);
#51 = DIRECTION('',(-0.,1.,0.));
#52 = PLANE('',#53);
#53 = AXIS2_PLACEMENT_3D('',#54,#55,#56);
#54 = CARTESIAN_POINT('',(-14.,23.,18.));
#55 = DIRECTION('',(1.,0.,-0.));
#56 = DIRECTION('',(0.,0.,1.));
#57 = ADVANCED_FACE('',(#58),#183,.T.);
#58 = FACE_BOUND('',#59,.T.);
#59 = EDGE_LOOP('',(#60,#68,#77,#85,#94,#102,#111,#119,#128,#136,#144,
    #152,#160,#168,#176,#182));
#60 = ORIENTED_EDGE('',*,*,#61,.T.);
#61 = EDGE_CURVE('',#22,#62,#64,.T.);
#62 = VERTEX_POINT('',#63);
#63 = CARTESIAN_POINT('',(-11.22,23.,18.));
#64 = LINE('',#65,#66);
#65 = CARTESIAN_POINT('',(-14.,23.,18.));
#66 = VECTOR('',#67,1.);
#67 = DIRECTION('',(1.,0.,-0.));
#68 = ORIENTED_EDGE('',*,*,#69,.T.);
#69 = EDGE_CURVE('',#62,#70,#72,.T.);
#70 = VERTEX_POINT('',#71);
#71 = CARTESIAN_POINT('',(-9.0199999999,23.,24.600000000002));
#72 = CIRCLE('',#73,11.);
#73 = AXIS2_PLACEMENT_3D('',#74,#75,#76);
#74 = CARTESIAN_POINT('',(-0.22,23.,18.));
#75 = DIRECTION('',(0.,1.,-2.22044604925E-16));
#76 = DIRECTION('',(1.,0.,0.));
#77 = ORIENTED_EDGE('',*,*,#78,.F.);
#78 = EDGE_CURVE('',#79,#70,#81,.T.);
#79 = VERTEX_POINT('',#80);
#80 = CARTESIAN_POINT('',(-8.960781215942,23.,24.600000000002));
#81 = LINE('',#82,#83);
#82 = CARTESIAN_POINT('',(-7.11,23.,24.600000000002));
#83 = VECTOR('',#84,1.);
#84 = DIRECTION('',(-1.,-0.,0.));
#85 = ORIENTED_EDGE('',*,*,#86,.T.);
#86 = EDGE_CURVE('',#79,#87,#89,.T.);
#87 = VERTEX_POINT('',#88);
#88 = CARTESIAN_POINT('',(-8.7999999999,23.,24.820000000002));
#89 = CIRCLE('',#90,11.);
#90 = AXIS2_PLACEMENT_3D('',#91,#92,#93);
#91 = CARTESIAN_POINT('',(0.,23.,18.22));
#92 = DIRECTION('',(0.,1.,-2.22044604925E-16));
#93 = DIRECTION('',(1.,0.,0.));
#94 = ORIENTED_EDGE('',*,*,#95,.F.);
#95 = EDGE_CURVE('',#96,#87,#98,.T.);
#96 = VERTEX_POINT('',#97);
#97 = CARTESIAN_POINT('',(8.8,23.,24.820000000002));
#98 = LINE('',#99,#100);
#99 = CARTESIAN_POINT('',(-7.,23.,24.820000000002));
#100 = VECTOR('',#101,1.);
#101 = DIRECTION('',(-1.,-0.,0.));
#102 = ORIENTED_EDGE('',*,*,#103,.T.);
#103 = EDGE_CURVE('',#96,#104,#106,.T.);
#104 = VERTEX_POINT('',#105);
#105 = CARTESIAN_POINT('',(8.960781215942,23.,24.600000000002));
#106 = CIRCLE('',#107,11.);
#107 = AXIS2_PLACEMENT_3D('',#108,#109,#110);
#108 = CARTESIAN_POINT('',(0.,23.,18.22));
#109 = DIRECTION('',(0.,1.,-2.22044604925E-16));
#110 = DIRECTION('',(1.,0.,0.));
#111 = ORIENTED_EDGE('',*,*,#112,.F.);
#112 = EDGE_CURVE('',#113,#104,#115,.T.);
#113 = VERTEX_POINT('',#114);
#114 = CARTESIAN_POINT('',(9.02,23.,24.600000000002));
#115 = LINE('',#116,#117);
#116 = CARTESIAN_POINT('',(-6.89,23.,24.600000000002));
#117 = VECTOR('',#118,1.);
#118 = DIRECTION('',(-1.,-0.,0.));
#119 = ORIENTED_EDGE('',*,*,#120,.T.);
#120 = EDGE_CURVE('',#113,#121,#123,.T.);
#121 = VERTEX_POINT('',#122);
#122 = CARTESIAN_POINT('',(11.22,23.,18.));
#123 = CIRCLE('',#124,11.);
#124 = AXIS2_PLACEMENT_3D('',#125,#126,#127);
#125 = CARTESIAN_POINT('',(0.22,23.,18.));
#126 = DIRECTION('',(0.,1.,-2.22044604925E-16));
#127 = DIRECTION('',(1.,0.,0.));
#128 = ORIENTED_EDGE('',*,*,#129,.T.);
#129 = EDGE_CURVE('',#121,#130,#132,.T.);
#130 = VERTEX_POINT('',#131);
#131 = CARTESIAN_POINT('',(14.,23.,18.));
#132 = LINE('',#133,#134);
#133 = CARTESIAN_POINT('',(-14.,23.,18.));
#134 = VECTOR('',#135,1.);
#135 = DIRECTION('',(1.,0.,-0.));
#136 = ORIENTED_EDGE('',*,*,#137,.T.);
#137 = EDGE_CURVE('',#130,#138,#140,.T.);
#138 = VERTEX_POINT('',#139);
#139 = CARTESIAN_POINT('',(14.,23.,26.));
#140 = LINE('',#141,#142);
#141 = CARTESIAN_POINT('',(14.,23.,18.));
#142 = VECTOR('',#143,1.);
#143 = DIRECTION('',(0.,0.,1.));
#144 = ORIENTED_EDGE('',*,*,#145,.T.);
#145 = EDGE_CURVE('',#138,#146,#148,.T.);
#146 = VERTEX_POINT('',#147);
#147 = CARTESIAN_POINT('',(22.,23.,26.));
#148 = LINE('',#149,#150);
#149 = CARTESIAN_POINT('',(14.,23.,26.));
#150 = VECTOR('',#151,1.);
#151 = DIRECTION('',(1.,0.,-0.));
#152 = ORIENTED_EDGE('',*,*,#153,.T.);
#153 = EDGE_CURVE('',#146,#154,#156,.T.);
#154 = VERTEX_POINT('',#155);
#155 = CARTESIAN_POINT('',(22.,23.,29.));
#156 = LINE('',#157,#158);
#157 = CARTESIAN_POINT('',(22.,23.,26.));
#158 = VECTOR('',#159,1.);
#159 = DIRECTION('',(0.,0.,1.));
#160 = ORIENTED_EDGE('',*,*,#161,.F.);
#161 = EDGE_CURVE('',#162,#154,#164,.T.);
#162 = VERTEX_POINT('',#163);
#163 = CARTESIAN_POINT('',(-22.,23.,29.));
#164 = LINE('',#165,#166);
#165 = CARTESIAN_POINT('',(14.,23.,29.));
#166 = VECTOR('',#167,1.);
#167 = DIRECTION('',(1.,0.,-0.));
#168 = ORIENTED_EDGE('',*,*,#169,.F.);
#169 = EDGE_CURVE('',#170,#162,#172,.T.);
#170 = VERTEX_POINT('',#171);
#171 = CARTESIAN_POINT('',(-22.,23.,26.));
#172 = LINE('',#173,#174);
#173 = CARTESIAN_POINT('',(-22.,23.,26.));
#174 = VECTOR('',#175,1.);
#175 = DIRECTION('',(0.,0.,1.));
#176 = ORIENTED_EDGE('',*,*,#177,.T.);
#177 = EDGE_CURVE('',#170,#24,#178,.T.);
#178 = LINE('',#179,#180);
#179 = CARTESIAN_POINT('',(-22.,23.,26.));
#180 = VECTOR('',#181,1.);
#181 = DIRECTION('',(1.,0.,-0.));
#182 = ORIENTED_EDGE('',*,*,#21,.F.);
#183 = PLANE('',#184);
#184 = AXIS2_PLACEMENT_3D('',#185,#186,#187);
#185 = CARTESIAN_POINT('',(6.039593738228E-12,23.,25.549541606505));
#186 = DIRECTION('',(-0.,-1.,-0.));
#187 = DIRECTION('',(0.,0.,-1.));
#188 = ADVANCED_FACE('',(#189,#207),#218,.F.);
#189 = FACE_BOUND('',#190,.F.);
#190 = EDGE_LOOP('',(#191,#199,#200,#201));
#191 = ORIENTED_EDGE('',*,*,#192,.F.);
#192 = EDGE_CURVE('',#170,#193,#195,.T.);
#193 = VERTEX_POINT('',#194);
#194 = CARTESIAN_POINT('',(-22.,33.,26.));
#195 = LINE('',#196,#197);
#196 = CARTESIAN_POINT('',(-22.,23.,26.));
#197 = VECTOR('',#198,1.);
#198 = DIRECTION('',(-0.,1.,0.));
#199 = ORIENTED_EDGE('',*,*,#177,.T.);
#200 = ORIENTED_EDGE('',*,*,#47,.T.);
#201 = ORIENTED_EDGE('',*,*,#202,.F.);
#202 = EDGE_CURVE('',#193,#40,#203,.T.);
#203 = LINE('',#204,#205);
#204 = CARTESIAN_POINT('',(-22.,33.,26.));
#205 = VECTOR('',#206,1.);
#206 = DIRECTION('',(1.,0.,-0.));
#207 = FACE_BOUND('',#208,.F.);
#208 = EDGE_LOOP('',(#209));
#209 = ORIENTED_EDGE('',*,*,#210,.F.);
#210 = EDGE_CURVE('',#211,#211,#213,.T.);
#211 = VERTEX_POINT('',#212);
#212 = CARTESIAN_POINT('',(-16.9,28.,26.));
#213 = CIRCLE('',#214,1.1);
#214 = AXIS2_PLACEMENT_3D('',#215,#216,#217);
#215 = CARTESIAN_POINT('',(-18.,28.,26.));
#216 = DIRECTION('',(0.,0.,1.));
#217 = DIRECTION('',(1.,0.,-0.));
#218 = PLANE('',#219);
#219 = AXIS2_PLACEMENT_3D('',#220,#221,#222);
#220 = CARTESIAN_POINT('',(-22.,23.,26.));
#221 = DIRECTION('',(0.,0.,1.));
#222 = DIRECTION('',(1.,0.,-0.));
#223 = ADVANCED_FACE('',(#224),#342,.T.);
#224 = FACE_BOUND('',#225,.T.);
#225 = EDGE_LOOP('',(#226,#234,#235,#236,#244,#252,#260,#268,#276,#284,
    #293,#301,#310,#318,#327,#335));
#226 = ORIENTED_EDGE('',*,*,#227,.F.);
#227 = EDGE_CURVE('',#32,#228,#230,.T.);
#228 = VERTEX_POINT('',#229);
#229 = CARTESIAN_POINT('',(-11.22,33.,18.));
#230 = LINE('',#231,#232);
#231 = CARTESIAN_POINT('',(-14.,33.,18.));
#232 = VECTOR('',#233,1.);
#233 = DIRECTION('',(1.,0.,-0.));
#234 = ORIENTED_EDGE('',*,*,#39,.T.);
#235 = ORIENTED_EDGE('',*,*,#202,.F.);
#236 = ORIENTED_EDGE('',*,*,#237,.T.);
#237 = EDGE_CURVE('',#193,#238,#240,.T.);
#238 = VERTEX_POINT('',#239);
#239 = CARTESIAN_POINT('',(-22.,33.,29.));
#240 = LINE('',#241,#242);
#241 = CARTESIAN_POINT('',(-22.,33.,26.));
#242 = VECTOR('',#243,1.);
#243 = DIRECTION('',(0.,0.,1.));
#244 = ORIENTED_EDGE('',*,*,#245,.T.);
#245 = EDGE_CURVE('',#238,#246,#248,.T.);
#246 = VERTEX_POINT('',#247);
#247 = CARTESIAN_POINT('',(22.,33.,29.));
#248 = LINE('',#249,#250);
#249 = CARTESIAN_POINT('',(-22.,33.,29.));
#250 = VECTOR('',#251,1.);
#251 = DIRECTION('',(1.,0.,-0.));
#252 = ORIENTED_EDGE('',*,*,#253,.F.);
#253 = EDGE_CURVE('',#254,#246,#256,.T.);
#254 = VERTEX_POINT('',#255);
#255 = CARTESIAN_POINT('',(22.,33.,26.));
#256 = LINE('',#257,#258);
#257 = CARTESIAN_POINT('',(22.,33.,26.));
#258 = VECTOR('',#259,1.);
#259 = DIRECTION('',(0.,0.,1.));
#260 = ORIENTED_EDGE('',*,*,#261,.F.);
#261 = EDGE_CURVE('',#262,#254,#264,.T.);
#262 = VERTEX_POINT('',#263);
#263 = CARTESIAN_POINT('',(14.,33.,26.));
#264 = LINE('',#265,#266);
#265 = CARTESIAN_POINT('',(14.,33.,26.));
#266 = VECTOR('',#267,1.);
#267 = DIRECTION('',(1.,0.,-0.));
#268 = ORIENTED_EDGE('',*,*,#269,.F.);
#269 = EDGE_CURVE('',#270,#262,#272,.T.);
#270 = VERTEX_POINT('',#271);
#271 = CARTESIAN_POINT('',(14.,33.,18.));
#272 = LINE('',#273,#274);
#273 = CARTESIAN_POINT('',(14.,33.,18.));
#274 = VECTOR('',#275,1.);
#275 = DIRECTION('',(0.,0.,1.));
#276 = ORIENTED_EDGE('',*,*,#277,.F.);
#277 = EDGE_CURVE('',#278,#270,#280,.T.);
#278 = VERTEX_POINT('',#279);
#279 = CARTESIAN_POINT('',(11.22,33.,18.));
#280 = LINE('',#281,#282);
#281 = CARTESIAN_POINT('',(-14.,33.,18.));
#282 = VECTOR('',#283,1.);
#283 = DIRECTION('',(1.,0.,-0.));
#284 = ORIENTED_EDGE('',*,*,#285,.F.);
#285 = EDGE_CURVE('',#286,#278,#288,.T.);
#286 = VERTEX_POINT('',#287);
#287 = CARTESIAN_POINT('',(9.02,33.,24.600000000002));
#288 = CIRCLE('',#289,11.);
#289 = AXIS2_PLACEMENT_3D('',#290,#291,#292);
#290 = CARTESIAN_POINT('',(0.22,33.,18.));
#291 = DIRECTION('',(0.,1.,-2.22044604925E-16));
#292 = DIRECTION('',(1.,0.,0.));
#293 = ORIENTED_EDGE('',*,*,#294,.T.);
#294 = EDGE_CURVE('',#286,#295,#297,.T.);
#295 = VERTEX_POINT('',#296);
#296 = CARTESIAN_POINT('',(8.960781215942,33.,24.600000000002));
#297 = LINE('',#298,#299);
#298 = CARTESIAN_POINT('',(-6.89,33.,24.600000000002));
#299 = VECTOR('',#300,1.);
#300 = DIRECTION('',(-1.,-0.,0.));
#301 = ORIENTED_EDGE('',*,*,#302,.F.);
#302 = EDGE_CURVE('',#303,#295,#305,.T.);
#303 = VERTEX_POINT('',#304);
#304 = CARTESIAN_POINT('',(8.8,33.,24.820000000002));
#305 = CIRCLE('',#306,11.);
#306 = AXIS2_PLACEMENT_3D('',#307,#308,#309);
#307 = CARTESIAN_POINT('',(0.,33.,18.22));
#308 = DIRECTION('',(0.,1.,-2.22044604925E-16));
#309 = DIRECTION('',(1.,0.,0.));
#310 = ORIENTED_EDGE('',*,*,#311,.T.);
#311 = EDGE_CURVE('',#303,#312,#314,.T.);
#312 = VERTEX_POINT('',#313);
#313 = CARTESIAN_POINT('',(-8.7999999999,33.,24.820000000002));
#314 = LINE('',#315,#316);
#315 = CARTESIAN_POINT('',(-7.,33.,24.820000000002));
#316 = VECTOR('',#317,1.);
#317 = DIRECTION('',(-1.,-0.,0.));
#318 = ORIENTED_EDGE('',*,*,#319,.F.);
#319 = EDGE_CURVE('',#320,#312,#322,.T.);
#320 = VERTEX_POINT('',#321);
#321 = CARTESIAN_POINT('',(-8.960781215942,33.,24.600000000002));
#322 = CIRCLE('',#323,11.);
#323 = AXIS2_PLACEMENT_3D('',#324,#325,#326);
#324 = CARTESIAN_POINT('',(0.,33.,18.22));
#325 = DIRECTION('',(0.,1.,-2.22044604925E-16));
#326 = DIRECTION('',(1.,0.,0.));
#327 = ORIENTED_EDGE('',*,*,#328,.T.);
#328 = EDGE_CURVE('',#320,#329,#331,.T.);
#329 = VERTEX_POINT('',#330);
#330 = CARTESIAN_POINT('',(-9.0199999999,33.,24.600000000002));
#331 = LINE('',#332,#333);
#332 = CARTESIAN_POINT('',(-7.11,33.,24.600000000002));
#333 = VECTOR('',#334,1.);
#334 = DIRECTION('',(-1.,-0.,0.));
#335 = ORIENTED_EDGE('',*,*,#336,.F.);
#336 = EDGE_CURVE('',#228,#329,#337,.T.);
#337 = CIRCLE('',#338,11.);
#338 = AXIS2_PLACEMENT_3D('',#339,#340,#341);
#339 = CARTESIAN_POINT('',(-0.22,33.,18.));
#340 = DIRECTION('',(0.,1.,-2.22044604925E-16));
#341 = DIRECTION('',(1.,0.,0.));
#342 = PLANE('',#343);
#343 = AXIS2_PLACEMENT_3D('',#344,#345,#346);
#344 = CARTESIAN_POINT('',(6.039756634293E-12,33.,25.549541606505));
#345 = DIRECTION('',(0.,1.,0.));
#346 = DIRECTION('',(0.,-0.,1.));
#347 = ADVANCED_FACE('',(#348),#359,.F.);
#348 = FACE_BOUND('',#349,.F.);
#349 = EDGE_LOOP('',(#350,#351,#352,#353));
#350 = ORIENTED_EDGE('',*,*,#227,.F.);
#351 = ORIENTED_EDGE('',*,*,#31,.F.);
#352 = ORIENTED_EDGE('',*,*,#61,.T.);
#353 = ORIENTED_EDGE('',*,*,#354,.T.);
#354 = EDGE_CURVE('',#62,#228,#355,.T.);
#355 = LINE('',#356,#357);
#356 = CARTESIAN_POINT('',(-11.22,45.,18.));
#357 = VECTOR('',#358,1.);
#358 = DIRECTION('',(-0.,1.,-2.22044604925E-16));
#359 = PLANE('',#360);
#360 = AXIS2_PLACEMENT_3D('',#361,#362,#363);
#361 = CARTESIAN_POINT('',(-14.,23.,18.));
#362 = DIRECTION('',(0.,0.,1.));
#363 = DIRECTION('',(1.,0.,-0.));
#364 = ADVANCED_FACE('',(#365),#376,.F.);
#365 = FACE_BOUND('',#366,.F.);
#366 = EDGE_LOOP('',(#367,#368,#374,#375));
#367 = ORIENTED_EDGE('',*,*,#69,.T.);
#368 = ORIENTED_EDGE('',*,*,#369,.T.);
#369 = EDGE_CURVE('',#70,#329,#370,.T.);
#370 = LINE('',#371,#372);
#371 = CARTESIAN_POINT('',(-9.0199999999,11.5,24.600000000002));
#372 = VECTOR('',#373,1.);
#373 = DIRECTION('',(-0.,1.,-2.22044604925E-16));
#374 = ORIENTED_EDGE('',*,*,#336,.F.);
#375 = ORIENTED_EDGE('',*,*,#354,.F.);
#376 = CYLINDRICAL_SURFACE('',#377,11.);
#377 = AXIS2_PLACEMENT_3D('',#378,#379,#380);
#378 = CARTESIAN_POINT('',(-0.22,45.,18.));
#379 = DIRECTION('',(-0.,1.,-2.22044604925E-16));
#380 = DIRECTION('',(1.,0.,0.));
#381 = ADVANCED_FACE('',(#382),#393,.T.);
#382 = FACE_BOUND('',#383,.T.);
#383 = EDGE_LOOP('',(#384,#385,#386,#392));
#384 = ORIENTED_EDGE('',*,*,#369,.T.);
#385 = ORIENTED_EDGE('',*,*,#328,.F.);
#386 = ORIENTED_EDGE('',*,*,#387,.F.);
#387 = EDGE_CURVE('',#79,#320,#388,.T.);
#388 = LINE('',#389,#390);
#389 = CARTESIAN_POINT('',(-8.960781215942,45.,24.600000000002));
#390 = VECTOR('',#391,1.);
#391 = DIRECTION('',(-0.,1.,-2.22044604925E-16));
#392 = ORIENTED_EDGE('',*,*,#78,.T.);
#393 = PLANE('',#394);
#394 = AXIS2_PLACEMENT_3D('',#395,#396,#397);
#395 = CARTESIAN_POINT('',(-0.22,24.8,24.600000000002));
#396 = DIRECTION('',(-0.,-2.22044604925E-16,-1.));
#397 = DIRECTION('',(0.,1.,-2.22044604925E-16));
#398 = ADVANCED_FACE('',(#399),#410,.F.);
#399 = FACE_BOUND('',#400,.F.);
#400 = EDGE_LOOP('',(#401,#402,#408,#409));
#401 = ORIENTED_EDGE('',*,*,#86,.T.);
#402 = ORIENTED_EDGE('',*,*,#403,.T.);
#403 = EDGE_CURVE('',#87,#312,#404,.T.);
#404 = LINE('',#405,#406);
#405 = CARTESIAN_POINT('',(-8.7999999999,11.5,24.820000000002));
#406 = VECTOR('',#407,1.);
#407 = DIRECTION('',(-0.,1.,-2.22044604925E-16));
#408 = ORIENTED_EDGE('',*,*,#319,.F.);
#409 = ORIENTED_EDGE('',*,*,#387,.F.);
#410 = CYLINDRICAL_SURFACE('',#411,11.);
#411 = AXIS2_PLACEMENT_3D('',#412,#413,#414);
#412 = CARTESIAN_POINT('',(0.,45.,18.22));
#413 = DIRECTION('',(-0.,1.,-2.22044604925E-16));
#414 = DIRECTION('',(1.,0.,0.));
#415 = ADVANCED_FACE('',(#416),#427,.T.);
#416 = FACE_BOUND('',#417,.T.);
#417 = EDGE_LOOP('',(#418,#424,#425,#426));
#418 = ORIENTED_EDGE('',*,*,#419,.F.);
#419 = EDGE_CURVE('',#96,#303,#420,.T.);
#420 = LINE('',#421,#422);
#421 = CARTESIAN_POINT('',(8.8,11.5,24.820000000002));
#422 = VECTOR('',#423,1.);
#423 = DIRECTION('',(-0.,1.,-2.22044604925E-16));
#424 = ORIENTED_EDGE('',*,*,#95,.T.);
#425 = ORIENTED_EDGE('',*,*,#403,.T.);
#426 = ORIENTED_EDGE('',*,*,#311,.F.);
#427 = PLANE('',#428);
#428 = AXIS2_PLACEMENT_3D('',#429,#430,#431);
#429 = CARTESIAN_POINT('',(0.,24.8,24.820000000002));
#430 = DIRECTION('',(-0.,-2.22044604925E-16,-1.));
#431 = DIRECTION('',(0.,1.,-2.22044604925E-16));
#432 = ADVANCED_FACE('',(#433),#444,.F.);
#433 = FACE_BOUND('',#434,.F.);
#434 = EDGE_LOOP('',(#435,#436,#437,#438));
#435 = ORIENTED_EDGE('',*,*,#302,.F.);
#436 = ORIENTED_EDGE('',*,*,#419,.F.);
#437 = ORIENTED_EDGE('',*,*,#103,.T.);
#438 = ORIENTED_EDGE('',*,*,#439,.T.);
#439 = EDGE_CURVE('',#104,#295,#440,.T.);
#440 = LINE('',#441,#442);
#441 = CARTESIAN_POINT('',(8.960781215942,45.,24.600000000002));
#442 = VECTOR('',#443,1.);
#443 = DIRECTION('',(-0.,1.,-2.22044604925E-16));
#444 = CYLINDRICAL_SURFACE('',#445,11.);
#445 = AXIS2_PLACEMENT_3D('',#446,#447,#448);
#446 = CARTESIAN_POINT('',(0.,45.,18.22));
#447 = DIRECTION('',(-0.,1.,-2.22044604925E-16));
#448 = DIRECTION('',(1.,0.,0.));
#449 = ADVANCED_FACE('',(#450),#461,.T.);
#450 = FACE_BOUND('',#451,.T.);
#451 = EDGE_LOOP('',(#452,#458,#459,#460));
#452 = ORIENTED_EDGE('',*,*,#453,.F.);
#453 = EDGE_CURVE('',#113,#286,#454,.T.);
#454 = LINE('',#455,#456);
#455 = CARTESIAN_POINT('',(9.02,11.5,24.600000000002));
#456 = VECTOR('',#457,1.);
#457 = DIRECTION('',(-0.,1.,-2.22044604925E-16));
#458 = ORIENTED_EDGE('',*,*,#112,.T.);
#459 = ORIENTED_EDGE('',*,*,#439,.T.);
#460 = ORIENTED_EDGE('',*,*,#294,.F.);
#461 = PLANE('',#462);
#462 = AXIS2_PLACEMENT_3D('',#463,#464,#465);
#463 = CARTESIAN_POINT('',(0.22,24.8,24.600000000002));
#464 = DIRECTION('',(-0.,-2.22044604925E-16,-1.));
#465 = DIRECTION('',(0.,1.,-2.22044604925E-16));
#466 = ADVANCED_FACE('',(#467),#478,.F.);
#467 = FACE_BOUND('',#468,.F.);
#468 = EDGE_LOOP('',(#469,#470,#471,#472));
#469 = ORIENTED_EDGE('',*,*,#285,.F.);
#470 = ORIENTED_EDGE('',*,*,#453,.F.);
#471 = ORIENTED_EDGE('',*,*,#120,.T.);
#472 = ORIENTED_EDGE('',*,*,#473,.T.);
#473 = EDGE_CURVE('',#121,#278,#474,.T.);
#474 = LINE('',#475,#476);
#475 = CARTESIAN_POINT('',(11.22,45.,18.));
#476 = VECTOR('',#477,1.);
#477 = DIRECTION('',(-0.,1.,-2.22044604925E-16));
#478 = CYLINDRICAL_SURFACE('',#479,11.);
#479 = AXIS2_PLACEMENT_3D('',#480,#481,#482);
#480 = CARTESIAN_POINT('',(0.22,45.,18.));
#481 = DIRECTION('',(-0.,1.,-2.22044604925E-16));
#482 = DIRECTION('',(1.,0.,0.));
#483 = ADVANCED_FACE('',(#484),#495,.F.);
#484 = FACE_BOUND('',#485,.F.);
#485 = EDGE_LOOP('',(#486,#487,#488,#489));
#486 = ORIENTED_EDGE('',*,*,#277,.F.);
#487 = ORIENTED_EDGE('',*,*,#473,.F.);
#488 = ORIENTED_EDGE('',*,*,#129,.T.);
#489 = ORIENTED_EDGE('',*,*,#490,.T.);
#490 = EDGE_CURVE('',#130,#270,#491,.T.);
#491 = LINE('',#492,#493);
#492 = CARTESIAN_POINT('',(14.,23.,18.));
#493 = VECTOR('',#494,1.);
#494 = DIRECTION('',(-0.,1.,0.));
#495 = PLANE('',#496);
#496 = AXIS2_PLACEMENT_3D('',#497,#498,#499);
#497 = CARTESIAN_POINT('',(-14.,23.,18.));
#498 = DIRECTION('',(0.,0.,1.));
#499 = DIRECTION('',(1.,0.,-0.));
#500 = ADVANCED_FACE('',(#501),#512,.T.);
#501 = FACE_BOUND('',#502,.T.);
#502 = EDGE_LOOP('',(#503,#504,#505,#506));
#503 = ORIENTED_EDGE('',*,*,#137,.F.);
#504 = ORIENTED_EDGE('',*,*,#490,.T.);
#505 = ORIENTED_EDGE('',*,*,#269,.T.);
#506 = ORIENTED_EDGE('',*,*,#507,.F.);
#507 = EDGE_CURVE('',#138,#262,#508,.T.);
#508 = LINE('',#509,#510);
#509 = CARTESIAN_POINT('',(14.,23.,26.));
#510 = VECTOR('',#511,1.);
#511 = DIRECTION('',(-0.,1.,0.));
#512 = PLANE('',#513);
#513 = AXIS2_PLACEMENT_3D('',#514,#515,#516);
#514 = CARTESIAN_POINT('',(14.,23.,18.));
#515 = DIRECTION('',(1.,0.,-0.));
#516 = DIRECTION('',(0.,0.,1.));
#517 = ADVANCED_FACE('',(#518,#529),#540,.F.);
#518 = FACE_BOUND('',#519,.F.);
#519 = EDGE_LOOP('',(#520,#521,#522,#528));
#520 = ORIENTED_EDGE('',*,*,#507,.F.);
#521 = ORIENTED_EDGE('',*,*,#145,.T.);
#522 = ORIENTED_EDGE('',*,*,#523,.T.);
#523 = EDGE_CURVE('',#146,#254,#524,.T.);
#524 = LINE('',#525,#526);
#525 = CARTESIAN_POINT('',(22.,23.,26.));
#526 = VECTOR('',#527,1.);
#527 = DIRECTION('',(-0.,1.,0.));
#528 = ORIENTED_EDGE('',*,*,#261,.F.);
#529 = FACE_BOUND('',#530,.F.);
#530 = EDGE_LOOP('',(#531));
#531 = ORIENTED_EDGE('',*,*,#532,.F.);
#532 = EDGE_CURVE('',#533,#533,#535,.T.);
#533 = VERTEX_POINT('',#534);
#534 = CARTESIAN_POINT('',(19.1,28.,26.));
#535 = CIRCLE('',#536,1.1);
#536 = AXIS2_PLACEMENT_3D('',#537,#538,#539);
#537 = CARTESIAN_POINT('',(18.,28.,26.));
#538 = DIRECTION('',(0.,0.,1.));
#539 = DIRECTION('',(1.,0.,-0.));
#540 = PLANE('',#541);
#541 = AXIS2_PLACEMENT_3D('',#542,#543,#544);
#542 = CARTESIAN_POINT('',(14.,23.,26.));
#543 = DIRECTION('',(0.,0.,1.));
#544 = DIRECTION('',(1.,0.,-0.));
#545 = ADVANCED_FACE('',(#546),#557,.T.);
#546 = FACE_BOUND('',#547,.T.);
#547 = EDGE_LOOP('',(#548,#549,#550,#551));
#548 = ORIENTED_EDGE('',*,*,#153,.F.);
#549 = ORIENTED_EDGE('',*,*,#523,.T.);
#550 = ORIENTED_EDGE('',*,*,#253,.T.);
#551 = ORIENTED_EDGE('',*,*,#552,.F.);
#552 = EDGE_CURVE('',#154,#246,#553,.T.);
#553 = LINE('',#554,#555);
#554 = CARTESIAN_POINT('',(22.,23.,29.));
#555 = VECTOR('',#556,1.);
#556 = DIRECTION('',(-0.,1.,0.));
#557 = PLANE('',#558);
#558 = AXIS2_PLACEMENT_3D('',#559,#560,#561);
#559 = CARTESIAN_POINT('',(22.,23.,26.));
#560 = DIRECTION('',(1.,0.,-0.));
#561 = DIRECTION('',(0.,0.,1.));
#562 = ADVANCED_FACE('',(#563,#574,#585,#596),#607,.T.);
#563 = FACE_BOUND('',#564,.T.);
#564 = EDGE_LOOP('',(#565,#566,#572,#573));
#565 = ORIENTED_EDGE('',*,*,#245,.F.);
#566 = ORIENTED_EDGE('',*,*,#567,.F.);
#567 = EDGE_CURVE('',#162,#238,#568,.T.);
#568 = LINE('',#569,#570);
#569 = CARTESIAN_POINT('',(-22.,23.,29.));
#570 = VECTOR('',#571,1.);
#571 = DIRECTION('',(-0.,1.,0.));
#572 = ORIENTED_EDGE('',*,*,#161,.T.);
#573 = ORIENTED_EDGE('',*,*,#552,.T.);
#574 = FACE_BOUND('',#575,.T.);
#575 = EDGE_LOOP('',(#576));
#576 = ORIENTED_EDGE('',*,*,#577,.T.);
#577 = EDGE_CURVE('',#578,#578,#580,.T.);
#578 = VERTEX_POINT('',#579);
#579 = CARTESIAN_POINT('',(-20.1,28.,29.));
#580 = CIRCLE('',#581,2.1);
#581 = AXIS2_PLACEMENT_3D('',#582,#583,#584);
#582 = CARTESIAN_POINT('',(-18.,28.,29.));
#583 = DIRECTION('',(0.,0.,-1.));
#584 = DIRECTION('',(-1.,0.,-0.));
#585 = FACE_BOUND('',#586,.T.);
#586 = EDGE_LOOP('',(#587));
#587 = ORIENTED_EDGE('',*,*,#588,.F.);
#588 = EDGE_CURVE('',#589,#589,#591,.T.);
#589 = VERTEX_POINT('',#590);
#590 = CARTESIAN_POINT('',(0.6,28.,29.));
#591 = CIRCLE('',#592,0.6);
#592 = AXIS2_PLACEMENT_3D('',#593,#594,#595);
#593 = CARTESIAN_POINT('',(0.,28.,29.));
#594 = DIRECTION('',(0.,0.,1.));
#595 = DIRECTION('',(1.,0.,-0.));
#596 = FACE_BOUND('',#597,.T.);
#597 = EDGE_LOOP('',(#598));
#598 = ORIENTED_EDGE('',*,*,#599,.T.);
#599 = EDGE_CURVE('',#600,#600,#602,.T.);
#600 = VERTEX_POINT('',#601);
#601 = CARTESIAN_POINT('',(15.9,28.,29.));
#602 = CIRCLE('',#603,2.1);
#603 = AXIS2_PLACEMENT_3D('',#604,#605,#606);
#604 = CARTESIAN_POINT('',(18.,28.,29.));
#605 = DIRECTION('',(0.,0.,-1.));
#606 = DIRECTION('',(-1.,0.,-0.));
#607 = PLANE('',#608);
#608 = AXIS2_PLACEMENT_3D('',#609,#610,#611);
#609 = CARTESIAN_POINT('',(0.,28.,29.));
#610 = DIRECTION('',(0.,0.,1.));
#611 = DIRECTION('',(1.,0.,-0.));
#612 = ADVANCED_FACE('',(#613),#619,.F.);
#613 = FACE_BOUND('',#614,.F.);
#614 = EDGE_LOOP('',(#615,#616,#617,#618));
#615 = ORIENTED_EDGE('',*,*,#169,.F.);
#616 = ORIENTED_EDGE('',*,*,#192,.T.);
#617 = ORIENTED_EDGE('',*,*,#237,.T.);
#618 = ORIENTED_EDGE('',*,*,#567,.F.);
#619 = PLANE('',#620);
#620 = AXIS2_PLACEMENT_3D('',#621,#622,#623);
#621 = CARTESIAN_POINT('',(-22.,23.,26.));
#622 = DIRECTION('',(1.,0.,-0.));
#623 = DIRECTION('',(0.,0.,1.));
#624 = ADVANCED_FACE('',(#625),#653,.F.);
#625 = FACE_BOUND('',#626,.F.);
#626 = EDGE_LOOP('',(#627,#638,#644,#645,#646));
#627 = ORIENTED_EDGE('',*,*,#628,.T.);
#628 = EDGE_CURVE('',#629,#631,#633,.T.);
#629 = VERTEX_POINT('',#630);
#630 = CARTESIAN_POINT('',(-19.1,28.,28.));
#631 = VERTEX_POINT('',#632);
#632 = CARTESIAN_POINT('',(-16.9,28.,28.));
#633 = CIRCLE('',#634,1.1);
#634 = AXIS2_PLACEMENT_3D('',#635,#636,#637);
#635 = CARTESIAN_POINT('',(-18.,28.,28.));
#636 = DIRECTION('',(0.,0.,-1.));
#637 = DIRECTION('',(-1.,0.,-0.));
#638 = ORIENTED_EDGE('',*,*,#639,.F.);
#639 = EDGE_CURVE('',#211,#631,#640,.T.);
#640 = LINE('',#641,#642);
#641 = CARTESIAN_POINT('',(-16.9,28.,25.5));
#642 = VECTOR('',#643,1.);
#643 = DIRECTION('',(0.,0.,1.));
#644 = ORIENTED_EDGE('',*,*,#210,.T.);
#645 = ORIENTED_EDGE('',*,*,#639,.T.);
#646 = ORIENTED_EDGE('',*,*,#647,.T.);
#647 = EDGE_CURVE('',#631,#629,#648,.T.);
#648 = CIRCLE('',#649,1.1);
#649 = AXIS2_PLACEMENT_3D('',#650,#651,#652);
#650 = CARTESIAN_POINT('',(-18.,28.,28.));
#651 = DIRECTION('',(0.,0.,-1.));
#652 = DIRECTION('',(-1.,0.,-0.));
#653 = CYLINDRICAL_SURFACE('',#654,1.1);
#654 = AXIS2_PLACEMENT_3D('',#655,#656,#657);
#655 = CARTESIAN_POINT('',(-18.,28.,25.5));
#656 = DIRECTION('',(0.,0.,1.));
#657 = DIRECTION('',(1.,0.,-0.));
#658 = ADVANCED_FACE('',(#659),#687,.F.);
#659 = FACE_BOUND('',#660,.F.);
#660 = EDGE_LOOP('',(#661,#672,#678,#679,#680));
#661 = ORIENTED_EDGE('',*,*,#662,.T.);
#662 = EDGE_CURVE('',#663,#665,#667,.T.);
#663 = VERTEX_POINT('',#664);
#664 = CARTESIAN_POINT('',(16.9,28.,28.));
#665 = VERTEX_POINT('',#666);
#666 = CARTESIAN_POINT('',(19.1,28.,28.));
#667 = CIRCLE('',#668,1.1);
#668 = AXIS2_PLACEMENT_3D('',#669,#670,#671);
#669 = CARTESIAN_POINT('',(18.,28.,28.));
#670 = DIRECTION('',(0.,0.,-1.));
#671 = DIRECTION('',(-1.,0.,-0.));
#672 = ORIENTED_EDGE('',*,*,#673,.F.);
#673 = EDGE_CURVE('',#533,#665,#674,.T.);
#674 = LINE('',#675,#676);
#675 = CARTESIAN_POINT('',(19.1,28.,25.5));
#676 = VECTOR('',#677,1.);
#677 = DIRECTION('',(0.,0.,1.));
#678 = ORIENTED_EDGE('',*,*,#532,.T.);
#679 = ORIENTED_EDGE('',*,*,#673,.T.);
#680 = ORIENTED_EDGE('',*,*,#681,.T.);
#681 = EDGE_CURVE('',#665,#663,#682,.T.);
#682 = CIRCLE('',#683,1.1);
#683 = AXIS2_PLACEMENT_3D('',#684,#685,#686);
#684 = CARTESIAN_POINT('',(18.,28.,28.));
#685 = DIRECTION('',(0.,0.,-1.));
#686 = DIRECTION('',(-1.,0.,-0.));
#687 = CYLINDRICAL_SURFACE('',#688,1.1);
#688 = AXIS2_PLACEMENT_3D('',#689,#690,#691);
#689 = CARTESIAN_POINT('',(18.,28.,25.5));
#690 = DIRECTION('',(0.,0.,1.));
#691 = DIRECTION('',(1.,0.,-0.));
#692 = ADVANCED_FACE('',(#693),#705,.F.);
#693 = FACE_BOUND('',#694,.F.);
#694 = EDGE_LOOP('',(#695,#701,#702,#703,#704));
#695 = ORIENTED_EDGE('',*,*,#696,.T.);
#696 = EDGE_CURVE('',#578,#629,#697,.T.);
#697 = LINE('',#698,#699);
#698 = CARTESIAN_POINT('',(-20.1,28.,29.));
#699 = VECTOR('',#700,1.);
#700 = DIRECTION('',(0.707106781187,1.731912112471E-16,-0.707106781187)
  );
#701 = ORIENTED_EDGE('',*,*,#647,.F.);
#702 = ORIENTED_EDGE('',*,*,#628,.F.);
#703 = ORIENTED_EDGE('',*,*,#696,.F.);
#704 = ORIENTED_EDGE('',*,*,#577,.T.);
#705 = CONICAL_SURFACE('',#706,2.1,0.785398163397);
#706 = AXIS2_PLACEMENT_3D('',#707,#708,#709);
#707 = CARTESIAN_POINT('',(-18.,28.,29.));
#708 = DIRECTION('',(-0.,-0.,1.));
#709 = DIRECTION('',(-1.,0.,-0.));
#710 = ADVANCED_FACE('',(#711),#730,.F.);
#711 = FACE_BOUND('',#712,.F.);
#712 = EDGE_LOOP('',(#713,#714,#722,#729));
#713 = ORIENTED_EDGE('',*,*,#588,.F.);
#714 = ORIENTED_EDGE('',*,*,#715,.F.);
#715 = EDGE_CURVE('',#716,#589,#718,.T.);
#716 = VERTEX_POINT('',#717);
#717 = CARTESIAN_POINT('',(0.6,28.,28.6));
#718 = LINE('',#719,#720);
#719 = CARTESIAN_POINT('',(0.6,28.,28.6));
#720 = VECTOR('',#721,1.);
#721 = DIRECTION('',(0.,0.,1.));
#722 = ORIENTED_EDGE('',*,*,#723,.T.);
#723 = EDGE_CURVE('',#716,#716,#724,.T.);
#724 = CIRCLE('',#725,0.6);
#725 = AXIS2_PLACEMENT_3D('',#726,#727,#728);
#726 = CARTESIAN_POINT('',(0.,28.,28.6));
#727 = DIRECTION('',(0.,0.,1.));
#728 = DIRECTION('',(1.,0.,-0.));
#729 = ORIENTED_EDGE('',*,*,#715,.T.);
#730 = CYLINDRICAL_SURFACE('',#731,0.6);
#731 = AXIS2_PLACEMENT_3D('',#732,#733,#734);
#732 = CARTESIAN_POINT('',(0.,28.,28.6));
#733 = DIRECTION('',(0.,0.,1.));
#734 = DIRECTION('',(1.,0.,-0.));
#735 = ADVANCED_FACE('',(#736),#748,.F.);
#736 = FACE_BOUND('',#737,.F.);
#737 = EDGE_LOOP('',(#738,#744,#745,#746,#747));
#738 = ORIENTED_EDGE('',*,*,#739,.T.);
#739 = EDGE_CURVE('',#600,#663,#740,.T.);
#740 = LINE('',#741,#742);
#741 = CARTESIAN_POINT('',(15.9,28.,29.));
#742 = VECTOR('',#743,1.);
#743 = DIRECTION('',(0.707106781187,1.731912112471E-16,-0.707106781187)
  );
#744 = ORIENTED_EDGE('',*,*,#681,.F.);
#745 = ORIENTED_EDGE('',*,*,#662,.F.);
#746 = ORIENTED_EDGE('',*,*,#739,.F.);
#747 = ORIENTED_EDGE('',*,*,#599,.T.);
#748 = CONICAL_SURFACE('',#749,2.1,0.785398163397);
#749 = AXIS2_PLACEMENT_3D('',#750,#751,#752);
#750 = CARTESIAN_POINT('',(18.,28.,29.));
#751 = DIRECTION('',(-0.,-0.,1.));
#752 = DIRECTION('',(-1.,0.,-0.));
#753 = ADVANCED_FACE('',(#754),#757,.T.);
#754 = FACE_BOUND('',#755,.F.);
#755 = EDGE_LOOP('',(#756));
#756 = ORIENTED_EDGE('',*,*,#723,.F.);
#757 = PLANE('',#758);
#758 = AXIS2_PLACEMENT_3D('',#759,#760,#761);
#759 = CARTESIAN_POINT('',(0.,28.,28.6));
#760 = DIRECTION('',(0.,0.,1.));
#761 = DIRECTION('',(1.,0.,-0.));
#762 = MANIFOLD_SOLID_BREP('',#763);
#763 = CLOSED_SHELL('',(#764,#804,#902,#937,#1028,#1045,#1062,#1079,
    #1096,#1113,#1130,#1158,#1175,#1236,#1248,#1282,#1316,#1334,#1359,
    #1384,#1402,#1411));
#764 = ADVANCED_FACE('',(#765),#799,.F.);
#765 = FACE_BOUND('',#766,.F.);
#766 = EDGE_LOOP('',(#767,#777,#785,#793));
#767 = ORIENTED_EDGE('',*,*,#768,.F.);
#768 = EDGE_CURVE('',#769,#771,#773,.T.);
#769 = VERTEX_POINT('',#770);
#770 = CARTESIAN_POINT('',(-14.,-31.,18.));
#771 = VERTEX_POINT('',#772);
#772 = CARTESIAN_POINT('',(-14.,-31.,28.));
#773 = LINE('',#774,#775);
#774 = CARTESIAN_POINT('',(-14.,-31.,18.));
#775 = VECTOR('',#776,1.);
#776 = DIRECTION('',(0.,0.,1.));
#777 = ORIENTED_EDGE('',*,*,#778,.T.);
#778 = EDGE_CURVE('',#769,#779,#781,.T.);
#779 = VERTEX_POINT('',#780);
#780 = CARTESIAN_POINT('',(-14.,-21.,18.));
#781 = LINE('',#782,#783);
#782 = CARTESIAN_POINT('',(-14.,-31.,18.));
#783 = VECTOR('',#784,1.);
#784 = DIRECTION('',(-0.,1.,0.));
#785 = ORIENTED_EDGE('',*,*,#786,.T.);
#786 = EDGE_CURVE('',#779,#787,#789,.T.);
#787 = VERTEX_POINT('',#788);
#788 = CARTESIAN_POINT('',(-14.,-21.,28.));
#789 = LINE('',#790,#791);
#790 = CARTESIAN_POINT('',(-14.,-21.,18.));
#791 = VECTOR('',#792,1.);
#792 = DIRECTION('',(0.,0.,1.));
#793 = ORIENTED_EDGE('',*,*,#794,.F.);
#794 = EDGE_CURVE('',#771,#787,#795,.T.);
#795 = LINE('',#796,#797);
#796 = CARTESIAN_POINT('',(-14.,-31.,28.));
#797 = VECTOR('',#798,1.);
#798 = DIRECTION('',(-0.,1.,0.));
#799 = PLANE('',#800);
#800 = AXIS2_PLACEMENT_3D('',#801,#802,#803);
#801 = CARTESIAN_POINT('',(-14.,-31.,18.));
#802 = DIRECTION('',(1.,0.,-0.));
#803 = DIRECTION('',(0.,0.,1.));
#804 = ADVANCED_FACE('',(#805),#897,.T.);
#805 = FACE_BOUND('',#806,.T.);
#806 = EDGE_LOOP('',(#807,#815,#824,#833,#842,#850,#858,#866,#874,#882,
    #890,#896));
#807 = ORIENTED_EDGE('',*,*,#808,.T.);
#808 = EDGE_CURVE('',#769,#809,#811,.T.);
#809 = VERTEX_POINT('',#810);
#810 = CARTESIAN_POINT('',(-9.97,-31.,18.));
#811 = LINE('',#812,#813);
#812 = CARTESIAN_POINT('',(-14.,-31.,18.));
#813 = VECTOR('',#814,1.);
#814 = DIRECTION('',(1.,0.,-0.));
#815 = ORIENTED_EDGE('',*,*,#816,.T.);
#816 = EDGE_CURVE('',#809,#817,#819,.T.);
#817 = VERTEX_POINT('',#818);
#818 = CARTESIAN_POINT('',(-7.003413523067,-31.,25.003413523067));
#819 = CIRCLE('',#820,9.75);
#820 = AXIS2_PLACEMENT_3D('',#821,#822,#823);
#821 = CARTESIAN_POINT('',(-0.22,-31.,18.));
#822 = DIRECTION('',(0.,1.,-2.2E-16));
#823 = DIRECTION('',(1.,0.,0.));
#824 = ORIENTED_EDGE('',*,*,#825,.T.);
#825 = EDGE_CURVE('',#817,#826,#828,.T.);
#826 = VERTEX_POINT('',#827);
#827 = CARTESIAN_POINT('',(7.003413523067,-31.,25.003413523067));
#828 = CIRCLE('',#829,9.75);
#829 = AXIS2_PLACEMENT_3D('',#830,#831,#832);
#830 = CARTESIAN_POINT('',(0.,-31.,18.22));
#831 = DIRECTION('',(0.,1.,-2.2E-16));
#832 = DIRECTION('',(1.,0.,0.));
#833 = ORIENTED_EDGE('',*,*,#834,.T.);
#834 = EDGE_CURVE('',#826,#835,#837,.T.);
#835 = VERTEX_POINT('',#836);
#836 = CARTESIAN_POINT('',(9.97,-31.,18.));
#837 = CIRCLE('',#838,9.75);
#838 = AXIS2_PLACEMENT_3D('',#839,#840,#841);
#839 = CARTESIAN_POINT('',(0.22,-31.,18.));
#840 = DIRECTION('',(0.,1.,-2.2E-16));
#841 = DIRECTION('',(1.,0.,0.));
#842 = ORIENTED_EDGE('',*,*,#843,.T.);
#843 = EDGE_CURVE('',#835,#844,#846,.T.);
#844 = VERTEX_POINT('',#845);
#845 = CARTESIAN_POINT('',(14.,-31.,18.));
#846 = LINE('',#847,#848);
#847 = CARTESIAN_POINT('',(-14.,-31.,18.));
#848 = VECTOR('',#849,1.);
#849 = DIRECTION('',(1.,0.,-0.));
#850 = ORIENTED_EDGE('',*,*,#851,.T.);
#851 = EDGE_CURVE('',#844,#852,#854,.T.);
#852 = VERTEX_POINT('',#853);
#853 = CARTESIAN_POINT('',(14.,-31.,28.));
#854 = LINE('',#855,#856);
#855 = CARTESIAN_POINT('',(14.,-31.,18.));
#856 = VECTOR('',#857,1.);
#857 = DIRECTION('',(0.,0.,1.));
#858 = ORIENTED_EDGE('',*,*,#859,.T.);
#859 = EDGE_CURVE('',#852,#860,#862,.T.);
#860 = VERTEX_POINT('',#861);
#861 = CARTESIAN_POINT('',(22.,-31.,28.));
#862 = LINE('',#863,#864);
#863 = CARTESIAN_POINT('',(14.,-31.,28.));
#864 = VECTOR('',#865,1.);
#865 = DIRECTION('',(1.,0.,-0.));
#866 = ORIENTED_EDGE('',*,*,#867,.T.);
#867 = EDGE_CURVE('',#860,#868,#870,.T.);
#868 = VERTEX_POINT('',#869);
#869 = CARTESIAN_POINT('',(22.,-31.,31.));
#870 = LINE('',#871,#872);
#871 = CARTESIAN_POINT('',(22.,-31.,28.));
#872 = VECTOR('',#873,1.);
#873 = DIRECTION('',(0.,0.,1.));
#874 = ORIENTED_EDGE('',*,*,#875,.F.);
#875 = EDGE_CURVE('',#876,#868,#878,.T.);
#876 = VERTEX_POINT('',#877);
#877 = CARTESIAN_POINT('',(-22.,-31.,31.));
#878 = LINE('',#879,#880);
#879 = CARTESIAN_POINT('',(14.,-31.,31.));
#880 = VECTOR('',#881,1.);
#881 = DIRECTION('',(1.,0.,-0.));
#882 = ORIENTED_EDGE('',*,*,#883,.F.);
#883 = EDGE_CURVE('',#884,#876,#886,.T.);
#884 = VERTEX_POINT('',#885);
#885 = CARTESIAN_POINT('',(-22.,-31.,28.));
#886 = LINE('',#887,#888);
#887 = CARTESIAN_POINT('',(-22.,-31.,28.));
#888 = VECTOR('',#889,1.);
#889 = DIRECTION('',(0.,0.,1.));
#890 = ORIENTED_EDGE('',*,*,#891,.T.);
#891 = EDGE_CURVE('',#884,#771,#892,.T.);
#892 = LINE('',#893,#894);
#893 = CARTESIAN_POINT('',(-22.,-31.,28.));
#894 = VECTOR('',#895,1.);
#895 = DIRECTION('',(1.,0.,-0.));
#896 = ORIENTED_EDGE('',*,*,#768,.F.);
#897 = PLANE('',#898);
#898 = AXIS2_PLACEMENT_3D('',#899,#900,#901);
#899 = CARTESIAN_POINT('',(-3.408390349362E-14,-31.,26.74194855801));
#900 = DIRECTION('',(-0.,-1.,-0.));
#901 = DIRECTION('',(0.,0.,-1.));
#902 = ADVANCED_FACE('',(#903,#921),#932,.F.);
#903 = FACE_BOUND('',#904,.F.);
#904 = EDGE_LOOP('',(#905,#913,#914,#915));
#905 = ORIENTED_EDGE('',*,*,#906,.F.);
#906 = EDGE_CURVE('',#884,#907,#909,.T.);
#907 = VERTEX_POINT('',#908);
#908 = CARTESIAN_POINT('',(-22.,-21.,28.));
#909 = LINE('',#910,#911);
#910 = CARTESIAN_POINT('',(-22.,-31.,28.));
#911 = VECTOR('',#912,1.);
#912 = DIRECTION('',(-0.,1.,0.));
#913 = ORIENTED_EDGE('',*,*,#891,.T.);
#914 = ORIENTED_EDGE('',*,*,#794,.T.);
#915 = ORIENTED_EDGE('',*,*,#916,.F.);
#916 = EDGE_CURVE('',#907,#787,#917,.T.);
#917 = LINE('',#918,#919);
#918 = CARTESIAN_POINT('',(-22.,-21.,28.));
#919 = VECTOR('',#920,1.);
#920 = DIRECTION('',(1.,0.,-0.));
#921 = FACE_BOUND('',#922,.F.);
#922 = EDGE_LOOP('',(#923));
#923 = ORIENTED_EDGE('',*,*,#924,.F.);
#924 = EDGE_CURVE('',#925,#925,#927,.T.);
#925 = VERTEX_POINT('',#926);
#926 = CARTESIAN_POINT('',(-16.9,-26.,28.));
#927 = CIRCLE('',#928,1.1);
#928 = AXIS2_PLACEMENT_3D('',#929,#930,#931);
#929 = CARTESIAN_POINT('',(-18.,-26.,28.));
#930 = DIRECTION('',(0.,0.,1.));
#931 = DIRECTION('',(1.,0.,-0.));
#932 = PLANE('',#933);
#933 = AXIS2_PLACEMENT_3D('',#934,#935,#936);
#934 = CARTESIAN_POINT('',(-22.,-31.,28.));
#935 = DIRECTION('',(0.,0.,1.));
#936 = DIRECTION('',(1.,0.,-0.));
#937 = ADVANCED_FACE('',(#938),#1023,.T.);
#938 = FACE_BOUND('',#939,.T.);
#939 = EDGE_LOOP('',(#940,#948,#949,#950,#958,#966,#974,#982,#990,#998,
    #1007,#1016));
#940 = ORIENTED_EDGE('',*,*,#941,.F.);
#941 = EDGE_CURVE('',#779,#942,#944,.T.);
#942 = VERTEX_POINT('',#943);
#943 = CARTESIAN_POINT('',(-9.97,-21.,18.));
#944 = LINE('',#945,#946);
#945 = CARTESIAN_POINT('',(-14.,-21.,18.));
#946 = VECTOR('',#947,1.);
#947 = DIRECTION('',(1.,0.,-0.));
#948 = ORIENTED_EDGE('',*,*,#786,.T.);
#949 = ORIENTED_EDGE('',*,*,#916,.F.);
#950 = ORIENTED_EDGE('',*,*,#951,.T.);
#951 = EDGE_CURVE('',#907,#952,#954,.T.);
#952 = VERTEX_POINT('',#953);
#953 = CARTESIAN_POINT('',(-22.,-21.,31.));
#954 = LINE('',#955,#956);
#955 = CARTESIAN_POINT('',(-22.,-21.,28.));
#956 = VECTOR('',#957,1.);
#957 = DIRECTION('',(0.,0.,1.));
#958 = ORIENTED_EDGE('',*,*,#959,.T.);
#959 = EDGE_CURVE('',#952,#960,#962,.T.);
#960 = VERTEX_POINT('',#961);
#961 = CARTESIAN_POINT('',(22.,-21.,31.));
#962 = LINE('',#963,#964);
#963 = CARTESIAN_POINT('',(-22.,-21.,31.));
#964 = VECTOR('',#965,1.);
#965 = DIRECTION('',(1.,0.,-0.));
#966 = ORIENTED_EDGE('',*,*,#967,.F.);
#967 = EDGE_CURVE('',#968,#960,#970,.T.);
#968 = VERTEX_POINT('',#969);
#969 = CARTESIAN_POINT('',(22.,-21.,28.));
#970 = LINE('',#971,#972);
#971 = CARTESIAN_POINT('',(22.,-21.,28.));
#972 = VECTOR('',#973,1.);
#973 = DIRECTION('',(0.,0.,1.));
#974 = ORIENTED_EDGE('',*,*,#975,.F.);
#975 = EDGE_CURVE('',#976,#968,#978,.T.);
#976 = VERTEX_POINT('',#977);
#977 = CARTESIAN_POINT('',(14.,-21.,28.));
#978 = LINE('',#979,#980);
#979 = CARTESIAN_POINT('',(14.,-21.,28.));
#980 = VECTOR('',#981,1.);
#981 = DIRECTION('',(1.,0.,-0.));
#982 = ORIENTED_EDGE('',*,*,#983,.F.);
#983 = EDGE_CURVE('',#984,#976,#986,.T.);
#984 = VERTEX_POINT('',#985);
#985 = CARTESIAN_POINT('',(14.,-21.,18.));
#986 = LINE('',#987,#988);
#987 = CARTESIAN_POINT('',(14.,-21.,18.));
#988 = VECTOR('',#989,1.);
#989 = DIRECTION('',(0.,0.,1.));
#990 = ORIENTED_EDGE('',*,*,#991,.F.);
#991 = EDGE_CURVE('',#992,#984,#994,.T.);
#992 = VERTEX_POINT('',#993);
#993 = CARTESIAN_POINT('',(9.97,-21.,18.));
#994 = LINE('',#995,#996);
#995 = CARTESIAN_POINT('',(-14.,-21.,18.));
#996 = VECTOR('',#997,1.);
#997 = DIRECTION('',(1.,0.,-0.));
#998 = ORIENTED_EDGE('',*,*,#999,.F.);
#999 = EDGE_CURVE('',#1000,#992,#1002,.T.);
#1000 = VERTEX_POINT('',#1001);
#1001 = CARTESIAN_POINT('',(7.003413523067,-21.,25.003413523067));
#1002 = CIRCLE('',#1003,9.75);
#1003 = AXIS2_PLACEMENT_3D('',#1004,#1005,#1006);
#1004 = CARTESIAN_POINT('',(0.22,-21.,18.));
#1005 = DIRECTION('',(0.,1.,-2.2E-16));
#1006 = DIRECTION('',(1.,0.,0.));
#1007 = ORIENTED_EDGE('',*,*,#1008,.F.);
#1008 = EDGE_CURVE('',#1009,#1000,#1011,.T.);
#1009 = VERTEX_POINT('',#1010);
#1010 = CARTESIAN_POINT('',(-7.003413523067,-21.,25.003413523067));
#1011 = CIRCLE('',#1012,9.75);
#1012 = AXIS2_PLACEMENT_3D('',#1013,#1014,#1015);
#1013 = CARTESIAN_POINT('',(0.,-21.,18.22));
#1014 = DIRECTION('',(0.,1.,-2.2E-16));
#1015 = DIRECTION('',(1.,0.,0.));
#1016 = ORIENTED_EDGE('',*,*,#1017,.F.);
#1017 = EDGE_CURVE('',#942,#1009,#1018,.T.);
#1018 = CIRCLE('',#1019,9.75);
#1019 = AXIS2_PLACEMENT_3D('',#1020,#1021,#1022);
#1020 = CARTESIAN_POINT('',(-0.22,-21.,18.));
#1021 = DIRECTION('',(0.,1.,-2.2E-16));
#1022 = DIRECTION('',(1.,0.,0.));
#1023 = PLANE('',#1024);
#1024 = AXIS2_PLACEMENT_3D('',#1025,#1026,#1027);
#1025 = CARTESIAN_POINT('',(-3.375726608514E-14,-21.,26.74194855801));
#1026 = DIRECTION('',(0.,1.,0.));
#1027 = DIRECTION('',(0.,-0.,1.));
#1028 = ADVANCED_FACE('',(#1029),#1040,.F.);
#1029 = FACE_BOUND('',#1030,.F.);
#1030 = EDGE_LOOP('',(#1031,#1032,#1033,#1034));
#1031 = ORIENTED_EDGE('',*,*,#941,.F.);
#1032 = ORIENTED_EDGE('',*,*,#778,.F.);
#1033 = ORIENTED_EDGE('',*,*,#808,.T.);
#1034 = ORIENTED_EDGE('',*,*,#1035,.T.);
#1035 = EDGE_CURVE('',#809,#942,#1036,.T.);
#1036 = LINE('',#1037,#1038);
#1037 = CARTESIAN_POINT('',(-9.97,-20.,18.));
#1038 = VECTOR('',#1039,1.);
#1039 = DIRECTION('',(0.,1.,-2.2E-16));
#1040 = PLANE('',#1041);
#1041 = AXIS2_PLACEMENT_3D('',#1042,#1043,#1044);
#1042 = CARTESIAN_POINT('',(-14.,-31.,18.));
#1043 = DIRECTION('',(0.,0.,1.));
#1044 = DIRECTION('',(1.,0.,-0.));
#1045 = ADVANCED_FACE('',(#1046),#1057,.F.);
#1046 = FACE_BOUND('',#1047,.F.);
#1047 = EDGE_LOOP('',(#1048,#1054,#1055,#1056));
#1048 = ORIENTED_EDGE('',*,*,#1049,.T.);
#1049 = EDGE_CURVE('',#817,#1009,#1050,.T.);
#1050 = LINE('',#1051,#1052);
#1051 = CARTESIAN_POINT('',(-7.003413523067,-20.,25.003413523067));
#1052 = VECTOR('',#1053,1.);
#1053 = DIRECTION('',(0.,1.,-2.2E-16));
#1054 = ORIENTED_EDGE('',*,*,#1017,.F.);
#1055 = ORIENTED_EDGE('',*,*,#1035,.F.);
#1056 = ORIENTED_EDGE('',*,*,#816,.T.);
#1057 = CYLINDRICAL_SURFACE('',#1058,9.75);
#1058 = AXIS2_PLACEMENT_3D('',#1059,#1060,#1061);
#1059 = CARTESIAN_POINT('',(-0.22,-20.,18.));
#1060 = DIRECTION('',(0.,1.,-2.2E-16));
#1061 = DIRECTION('',(1.,0.,0.));
#1062 = ADVANCED_FACE('',(#1063),#1074,.F.);
#1063 = FACE_BOUND('',#1064,.F.);
#1064 = EDGE_LOOP('',(#1065,#1066,#1067,#1068));
#1065 = ORIENTED_EDGE('',*,*,#1008,.F.);
#1066 = ORIENTED_EDGE('',*,*,#1049,.F.);
#1067 = ORIENTED_EDGE('',*,*,#825,.T.);
#1068 = ORIENTED_EDGE('',*,*,#1069,.T.);
#1069 = EDGE_CURVE('',#826,#1000,#1070,.T.);
#1070 = LINE('',#1071,#1072);
#1071 = CARTESIAN_POINT('',(7.003413523067,-20.,25.003413523067));
#1072 = VECTOR('',#1073,1.);
#1073 = DIRECTION('',(0.,1.,-2.2E-16));
#1074 = CYLINDRICAL_SURFACE('',#1075,9.75);
#1075 = AXIS2_PLACEMENT_3D('',#1076,#1077,#1078);
#1076 = CARTESIAN_POINT('',(0.,-20.,18.22));
#1077 = DIRECTION('',(0.,1.,-2.2E-16));
#1078 = DIRECTION('',(1.,0.,0.));
#1079 = ADVANCED_FACE('',(#1080),#1091,.F.);
#1080 = FACE_BOUND('',#1081,.F.);
#1081 = EDGE_LOOP('',(#1082,#1083,#1084,#1085));
#1082 = ORIENTED_EDGE('',*,*,#999,.F.);
#1083 = ORIENTED_EDGE('',*,*,#1069,.F.);
#1084 = ORIENTED_EDGE('',*,*,#834,.T.);
#1085 = ORIENTED_EDGE('',*,*,#1086,.T.);
#1086 = EDGE_CURVE('',#835,#992,#1087,.T.);
#1087 = LINE('',#1088,#1089);
#1088 = CARTESIAN_POINT('',(9.97,-20.,18.));
#1089 = VECTOR('',#1090,1.);
#1090 = DIRECTION('',(0.,1.,-2.2E-16));
#1091 = CYLINDRICAL_SURFACE('',#1092,9.75);
#1092 = AXIS2_PLACEMENT_3D('',#1093,#1094,#1095);
#1093 = CARTESIAN_POINT('',(0.22,-20.,18.));
#1094 = DIRECTION('',(0.,1.,-2.2E-16));
#1095 = DIRECTION('',(1.,0.,0.));
#1096 = ADVANCED_FACE('',(#1097),#1108,.F.);
#1097 = FACE_BOUND('',#1098,.F.);
#1098 = EDGE_LOOP('',(#1099,#1100,#1101,#1102));
#1099 = ORIENTED_EDGE('',*,*,#991,.F.);
#1100 = ORIENTED_EDGE('',*,*,#1086,.F.);
#1101 = ORIENTED_EDGE('',*,*,#843,.T.);
#1102 = ORIENTED_EDGE('',*,*,#1103,.T.);
#1103 = EDGE_CURVE('',#844,#984,#1104,.T.);
#1104 = LINE('',#1105,#1106);
#1105 = CARTESIAN_POINT('',(14.,-31.,18.));
#1106 = VECTOR('',#1107,1.);
#1107 = DIRECTION('',(-0.,1.,0.));
#1108 = PLANE('',#1109);
#1109 = AXIS2_PLACEMENT_3D('',#1110,#1111,#1112);
#1110 = CARTESIAN_POINT('',(-14.,-31.,18.));
#1111 = DIRECTION('',(0.,0.,1.));
#1112 = DIRECTION('',(1.,0.,-0.));
#1113 = ADVANCED_FACE('',(#1114),#1125,.T.);
#1114 = FACE_BOUND('',#1115,.T.);
#1115 = EDGE_LOOP('',(#1116,#1117,#1118,#1119));
#1116 = ORIENTED_EDGE('',*,*,#851,.F.);
#1117 = ORIENTED_EDGE('',*,*,#1103,.T.);
#1118 = ORIENTED_EDGE('',*,*,#983,.T.);
#1119 = ORIENTED_EDGE('',*,*,#1120,.F.);
#1120 = EDGE_CURVE('',#852,#976,#1121,.T.);
#1121 = LINE('',#1122,#1123);
#1122 = CARTESIAN_POINT('',(14.,-31.,28.));
#1123 = VECTOR('',#1124,1.);
#1124 = DIRECTION('',(-0.,1.,0.));
#1125 = PLANE('',#1126);
#1126 = AXIS2_PLACEMENT_3D('',#1127,#1128,#1129);
#1127 = CARTESIAN_POINT('',(14.,-31.,18.));
#1128 = DIRECTION('',(1.,0.,-0.));
#1129 = DIRECTION('',(0.,0.,1.));
#1130 = ADVANCED_FACE('',(#1131,#1142),#1153,.F.);
#1131 = FACE_BOUND('',#1132,.F.);
#1132 = EDGE_LOOP('',(#1133,#1134,#1135,#1141));
#1133 = ORIENTED_EDGE('',*,*,#1120,.F.);
#1134 = ORIENTED_EDGE('',*,*,#859,.T.);
#1135 = ORIENTED_EDGE('',*,*,#1136,.T.);
#1136 = EDGE_CURVE('',#860,#968,#1137,.T.);
#1137 = LINE('',#1138,#1139);
#1138 = CARTESIAN_POINT('',(22.,-31.,28.));
#1139 = VECTOR('',#1140,1.);
#1140 = DIRECTION('',(-0.,1.,0.));
#1141 = ORIENTED_EDGE('',*,*,#975,.F.);
#1142 = FACE_BOUND('',#1143,.F.);
#1143 = EDGE_LOOP('',(#1144));
#1144 = ORIENTED_EDGE('',*,*,#1145,.F.);
#1145 = EDGE_CURVE('',#1146,#1146,#1148,.T.);
#1146 = VERTEX_POINT('',#1147);
#1147 = CARTESIAN_POINT('',(19.1,-26.,28.));
#1148 = CIRCLE('',#1149,1.1);
#1149 = AXIS2_PLACEMENT_3D('',#1150,#1151,#1152);
#1150 = CARTESIAN_POINT('',(18.,-26.,28.));
#1151 = DIRECTION('',(0.,0.,1.));
#1152 = DIRECTION('',(1.,0.,-0.));
#1153 = PLANE('',#1154);
#1154 = AXIS2_PLACEMENT_3D('',#1155,#1156,#1157);
#1155 = CARTESIAN_POINT('',(14.,-31.,28.));
#1156 = DIRECTION('',(0.,0.,1.));
#1157 = DIRECTION('',(1.,0.,-0.));
#1158 = ADVANCED_FACE('',(#1159),#1170,.T.);
#1159 = FACE_BOUND('',#1160,.T.);
#1160 = EDGE_LOOP('',(#1161,#1162,#1163,#1164));
#1161 = ORIENTED_EDGE('',*,*,#867,.F.);
#1162 = ORIENTED_EDGE('',*,*,#1136,.T.);
#1163 = ORIENTED_EDGE('',*,*,#967,.T.);
#1164 = ORIENTED_EDGE('',*,*,#1165,.F.);
#1165 = EDGE_CURVE('',#868,#960,#1166,.T.);
#1166 = LINE('',#1167,#1168);
#1167 = CARTESIAN_POINT('',(22.,-31.,31.));
#1168 = VECTOR('',#1169,1.);
#1169 = DIRECTION('',(-0.,1.,0.));
#1170 = PLANE('',#1171);
#1171 = AXIS2_PLACEMENT_3D('',#1172,#1173,#1174);
#1172 = CARTESIAN_POINT('',(22.,-31.,28.));
#1173 = DIRECTION('',(1.,0.,-0.));
#1174 = DIRECTION('',(0.,0.,1.));
#1175 = ADVANCED_FACE('',(#1176,#1187,#1198,#1209,#1220),#1231,.T.);
#1176 = FACE_BOUND('',#1177,.T.);
#1177 = EDGE_LOOP('',(#1178,#1179,#1185,#1186));
#1178 = ORIENTED_EDGE('',*,*,#959,.F.);
#1179 = ORIENTED_EDGE('',*,*,#1180,.F.);
#1180 = EDGE_CURVE('',#876,#952,#1181,.T.);
#1181 = LINE('',#1182,#1183);
#1182 = CARTESIAN_POINT('',(-22.,-31.,31.));
#1183 = VECTOR('',#1184,1.);
#1184 = DIRECTION('',(-0.,1.,0.));
#1185 = ORIENTED_EDGE('',*,*,#875,.T.);
#1186 = ORIENTED_EDGE('',*,*,#1165,.T.);
#1187 = FACE_BOUND('',#1188,.T.);
#1188 = EDGE_LOOP('',(#1189));
#1189 = ORIENTED_EDGE('',*,*,#1190,.T.);
#1190 = EDGE_CURVE('',#1191,#1191,#1193,.T.);
#1191 = VERTEX_POINT('',#1192);
#1192 = CARTESIAN_POINT('',(-20.1,-26.,31.));
#1193 = CIRCLE('',#1194,2.1);
#1194 = AXIS2_PLACEMENT_3D('',#1195,#1196,#1197);
#1195 = CARTESIAN_POINT('',(-18.,-26.,31.));
#1196 = DIRECTION('',(0.,0.,-1.));
#1197 = DIRECTION('',(-1.,0.,-0.));
#1198 = FACE_BOUND('',#1199,.T.);
#1199 = EDGE_LOOP('',(#1200));
#1200 = ORIENTED_EDGE('',*,*,#1201,.F.);
#1201 = EDGE_CURVE('',#1202,#1202,#1204,.T.);
#1202 = VERTEX_POINT('',#1203);
#1203 = CARTESIAN_POINT('',(-0.65,-26.,31.));
#1204 = CIRCLE('',#1205,0.6);
#1205 = AXIS2_PLACEMENT_3D('',#1206,#1207,#1208);
#1206 = CARTESIAN_POINT('',(-1.25,-26.,31.));
#1207 = DIRECTION('',(0.,0.,1.));
#1208 = DIRECTION('',(1.,0.,-0.));
#1209 = FACE_BOUND('',#1210,.T.);
#1210 = EDGE_LOOP('',(#1211));
#1211 = ORIENTED_EDGE('',*,*,#1212,.F.);
#1212 = EDGE_CURVE('',#1213,#1213,#1215,.T.);
#1213 = VERTEX_POINT('',#1214);
#1214 = CARTESIAN_POINT('',(1.85,-26.,31.));
#1215 = CIRCLE('',#1216,0.6);
#1216 = AXIS2_PLACEMENT_3D('',#1217,#1218,#1219);
#1217 = CARTESIAN_POINT('',(1.25,-26.,31.));
#1218 = DIRECTION('',(0.,0.,1.));
#1219 = DIRECTION('',(1.,0.,-0.));
#1220 = FACE_BOUND('',#1221,.T.);
#1221 = EDGE_LOOP('',(#1222));
#1222 = ORIENTED_EDGE('',*,*,#1223,.T.);
#1223 = EDGE_CURVE('',#1224,#1224,#1226,.T.);
#1224 = VERTEX_POINT('',#1225);
#1225 = CARTESIAN_POINT('',(15.9,-26.,31.));
#1226 = CIRCLE('',#1227,2.1);
#1227 = AXIS2_PLACEMENT_3D('',#1228,#1229,#1230);
#1228 = CARTESIAN_POINT('',(18.,-26.,31.));
#1229 = DIRECTION('',(0.,0.,-1.));
#1230 = DIRECTION('',(-1.,0.,-0.));
#1231 = PLANE('',#1232);
#1232 = AXIS2_PLACEMENT_3D('',#1233,#1234,#1235);
#1233 = CARTESIAN_POINT('',(0.,-26.,31.));
#1234 = DIRECTION('',(0.,0.,1.));
#1235 = DIRECTION('',(1.,0.,-0.));
#1236 = ADVANCED_FACE('',(#1237),#1243,.F.);
#1237 = FACE_BOUND('',#1238,.F.);
#1238 = EDGE_LOOP('',(#1239,#1240,#1241,#1242));
#1239 = ORIENTED_EDGE('',*,*,#883,.F.);
#1240 = ORIENTED_EDGE('',*,*,#906,.T.);
#1241 = ORIENTED_EDGE('',*,*,#951,.T.);
#1242 = ORIENTED_EDGE('',*,*,#1180,.F.);
#1243 = PLANE('',#1244);
#1244 = AXIS2_PLACEMENT_3D('',#1245,#1246,#1247);
#1245 = CARTESIAN_POINT('',(-22.,-31.,28.));
#1246 = DIRECTION('',(1.,0.,-0.));
#1247 = DIRECTION('',(0.,0.,1.));
#1248 = ADVANCED_FACE('',(#1249),#1277,.F.);
#1249 = FACE_BOUND('',#1250,.F.);
#1250 = EDGE_LOOP('',(#1251,#1262,#1268,#1269,#1270));
#1251 = ORIENTED_EDGE('',*,*,#1252,.T.);
#1252 = EDGE_CURVE('',#1253,#1255,#1257,.T.);
#1253 = VERTEX_POINT('',#1254);
#1254 = CARTESIAN_POINT('',(-19.1,-26.,30.));
#1255 = VERTEX_POINT('',#1256);
#1256 = CARTESIAN_POINT('',(-16.9,-26.,30.));
#1257 = CIRCLE('',#1258,1.1);
#1258 = AXIS2_PLACEMENT_3D('',#1259,#1260,#1261);
#1259 = CARTESIAN_POINT('',(-18.,-26.,30.));
#1260 = DIRECTION('',(0.,0.,-1.));
#1261 = DIRECTION('',(-1.,0.,-0.));
#1262 = ORIENTED_EDGE('',*,*,#1263,.F.);
#1263 = EDGE_CURVE('',#925,#1255,#1264,.T.);
#1264 = LINE('',#1265,#1266);
#1265 = CARTESIAN_POINT('',(-16.9,-26.,27.5));
#1266 = VECTOR('',#1267,1.);
#1267 = DIRECTION('',(0.,0.,1.));
#1268 = ORIENTED_EDGE('',*,*,#924,.T.);
#1269 = ORIENTED_EDGE('',*,*,#1263,.T.);
#1270 = ORIENTED_EDGE('',*,*,#1271,.T.);
#1271 = EDGE_CURVE('',#1255,#1253,#1272,.T.);
#1272 = CIRCLE('',#1273,1.1);
#1273 = AXIS2_PLACEMENT_3D('',#1274,#1275,#1276);
#1274 = CARTESIAN_POINT('',(-18.,-26.,30.));
#1275 = DIRECTION('',(0.,0.,-1.));
#1276 = DIRECTION('',(-1.,0.,-0.));
#1277 = CYLINDRICAL_SURFACE('',#1278,1.1);
#1278 = AXIS2_PLACEMENT_3D('',#1279,#1280,#1281);
#1279 = CARTESIAN_POINT('',(-18.,-26.,27.5));
#1280 = DIRECTION('',(0.,0.,1.));
#1281 = DIRECTION('',(1.,0.,-0.));
#1282 = ADVANCED_FACE('',(#1283),#1311,.F.);
#1283 = FACE_BOUND('',#1284,.F.);
#1284 = EDGE_LOOP('',(#1285,#1296,#1302,#1303,#1304));
#1285 = ORIENTED_EDGE('',*,*,#1286,.T.);
#1286 = EDGE_CURVE('',#1287,#1289,#1291,.T.);
#1287 = VERTEX_POINT('',#1288);
#1288 = CARTESIAN_POINT('',(16.9,-26.,30.));
#1289 = VERTEX_POINT('',#1290);
#1290 = CARTESIAN_POINT('',(19.1,-26.,30.));
#1291 = CIRCLE('',#1292,1.1);
#1292 = AXIS2_PLACEMENT_3D('',#1293,#1294,#1295);
#1293 = CARTESIAN_POINT('',(18.,-26.,30.));
#1294 = DIRECTION('',(0.,0.,-1.));
#1295 = DIRECTION('',(-1.,0.,-0.));
#1296 = ORIENTED_EDGE('',*,*,#1297,.F.);
#1297 = EDGE_CURVE('',#1146,#1289,#1298,.T.);
#1298 = LINE('',#1299,#1300);
#1299 = CARTESIAN_POINT('',(19.1,-26.,27.5));
#1300 = VECTOR('',#1301,1.);
#1301 = DIRECTION('',(0.,0.,1.));
#1302 = ORIENTED_EDGE('',*,*,#1145,.T.);
#1303 = ORIENTED_EDGE('',*,*,#1297,.T.);
#1304 = ORIENTED_EDGE('',*,*,#1305,.T.);
#1305 = EDGE_CURVE('',#1289,#1287,#1306,.T.);
#1306 = CIRCLE('',#1307,1.1);
#1307 = AXIS2_PLACEMENT_3D('',#1308,#1309,#1310);
#1308 = CARTESIAN_POINT('',(18.,-26.,30.));
#1309 = DIRECTION('',(0.,0.,-1.));
#1310 = DIRECTION('',(-1.,0.,-0.));
#1311 = CYLINDRICAL_SURFACE('',#1312,1.1);
#1312 = AXIS2_PLACEMENT_3D('',#1313,#1314,#1315);
#1313 = CARTESIAN_POINT('',(18.,-26.,27.5));
#1314 = DIRECTION('',(0.,0.,1.));
#1315 = DIRECTION('',(1.,0.,-0.));
#1316 = ADVANCED_FACE('',(#1317),#1329,.F.);
#1317 = FACE_BOUND('',#1318,.F.);
#1318 = EDGE_LOOP('',(#1319,#1325,#1326,#1327,#1328));
#1319 = ORIENTED_EDGE('',*,*,#1320,.T.);
#1320 = EDGE_CURVE('',#1191,#1253,#1321,.T.);
#1321 = LINE('',#1322,#1323);
#1322 = CARTESIAN_POINT('',(-20.1,-26.,31.));
#1323 = VECTOR('',#1324,1.);
#1324 = DIRECTION('',(0.707106781187,1.731912112471E-16,-0.707106781187)
  );
#1325 = ORIENTED_EDGE('',*,*,#1271,.F.);
#1326 = ORIENTED_EDGE('',*,*,#1252,.F.);
#1327 = ORIENTED_EDGE('',*,*,#1320,.F.);
#1328 = ORIENTED_EDGE('',*,*,#1190,.T.);
#1329 = CONICAL_SURFACE('',#1330,2.1,0.785398163397);
#1330 = AXIS2_PLACEMENT_3D('',#1331,#1332,#1333);
#1331 = CARTESIAN_POINT('',(-18.,-26.,31.));
#1332 = DIRECTION('',(-0.,-0.,1.));
#1333 = DIRECTION('',(-1.,0.,-0.));
#1334 = ADVANCED_FACE('',(#1335),#1354,.F.);
#1335 = FACE_BOUND('',#1336,.F.);
#1336 = EDGE_LOOP('',(#1337,#1338,#1346,#1353));
#1337 = ORIENTED_EDGE('',*,*,#1201,.F.);
#1338 = ORIENTED_EDGE('',*,*,#1339,.F.);
#1339 = EDGE_CURVE('',#1340,#1202,#1342,.T.);
#1340 = VERTEX_POINT('',#1341);
#1341 = CARTESIAN_POINT('',(-0.65,-26.,30.6));
#1342 = LINE('',#1343,#1344);
#1343 = CARTESIAN_POINT('',(-0.65,-26.,30.6));
#1344 = VECTOR('',#1345,1.);
#1345 = DIRECTION('',(0.,0.,1.));
#1346 = ORIENTED_EDGE('',*,*,#1347,.T.);
#1347 = EDGE_CURVE('',#1340,#1340,#1348,.T.);
#1348 = CIRCLE('',#1349,0.6);
#1349 = AXIS2_PLACEMENT_3D('',#1350,#1351,#1352);
#1350 = CARTESIAN_POINT('',(-1.25,-26.,30.6));
#1351 = DIRECTION('',(0.,0.,1.));
#1352 = DIRECTION('',(1.,0.,-0.));
#1353 = ORIENTED_EDGE('',*,*,#1339,.T.);
#1354 = CYLINDRICAL_SURFACE('',#1355,0.6);
#1355 = AXIS2_PLACEMENT_3D('',#1356,#1357,#1358);
#1356 = CARTESIAN_POINT('',(-1.25,-26.,30.6));
#1357 = DIRECTION('',(0.,0.,1.));
#1358 = DIRECTION('',(1.,0.,-0.));
#1359 = ADVANCED_FACE('',(#1360),#1379,.F.);
#1360 = FACE_BOUND('',#1361,.F.);
#1361 = EDGE_LOOP('',(#1362,#1363,#1371,#1378));
#1362 = ORIENTED_EDGE('',*,*,#1212,.F.);
#1363 = ORIENTED_EDGE('',*,*,#1364,.F.);
#1364 = EDGE_CURVE('',#1365,#1213,#1367,.T.);
#1365 = VERTEX_POINT('',#1366);
#1366 = CARTESIAN_POINT('',(1.85,-26.,30.6));
#1367 = LINE('',#1368,#1369);
#1368 = CARTESIAN_POINT('',(1.85,-26.,30.6));
#1369 = VECTOR('',#1370,1.);
#1370 = DIRECTION('',(0.,0.,1.));
#1371 = ORIENTED_EDGE('',*,*,#1372,.T.);
#1372 = EDGE_CURVE('',#1365,#1365,#1373,.T.);
#1373 = CIRCLE('',#1374,0.6);
#1374 = AXIS2_PLACEMENT_3D('',#1375,#1376,#1377);
#1375 = CARTESIAN_POINT('',(1.25,-26.,30.6));
#1376 = DIRECTION('',(0.,0.,1.));
#1377 = DIRECTION('',(1.,0.,-0.));
#1378 = ORIENTED_EDGE('',*,*,#1364,.T.);
#1379 = CYLINDRICAL_SURFACE('',#1380,0.6);
#1380 = AXIS2_PLACEMENT_3D('',#1381,#1382,#1383);
#1381 = CARTESIAN_POINT('',(1.25,-26.,30.6));
#1382 = DIRECTION('',(0.,0.,1.));
#1383 = DIRECTION('',(1.,0.,-0.));
#1384 = ADVANCED_FACE('',(#1385),#1397,.F.);
#1385 = FACE_BOUND('',#1386,.F.);
#1386 = EDGE_LOOP('',(#1387,#1393,#1394,#1395,#1396));
#1387 = ORIENTED_EDGE('',*,*,#1388,.T.);
#1388 = EDGE_CURVE('',#1224,#1287,#1389,.T.);
#1389 = LINE('',#1390,#1391);
#1390 = CARTESIAN_POINT('',(15.9,-26.,31.));
#1391 = VECTOR('',#1392,1.);
#1392 = DIRECTION('',(0.707106781187,1.731912112471E-16,-0.707106781187)
  );
#1393 = ORIENTED_EDGE('',*,*,#1305,.F.);
#1394 = ORIENTED_EDGE('',*,*,#1286,.F.);
#1395 = ORIENTED_EDGE('',*,*,#1388,.F.);
#1396 = ORIENTED_EDGE('',*,*,#1223,.T.);
#1397 = CONICAL_SURFACE('',#1398,2.1,0.785398163397);
#1398 = AXIS2_PLACEMENT_3D('',#1399,#1400,#1401);
#1399 = CARTESIAN_POINT('',(18.,-26.,31.));
#1400 = DIRECTION('',(-0.,-0.,1.));
#1401 = DIRECTION('',(-1.,0.,-0.));
#1402 = ADVANCED_FACE('',(#1403),#1406,.T.);
#1403 = FACE_BOUND('',#1404,.F.);
#1404 = EDGE_LOOP('',(#1405));
#1405 = ORIENTED_EDGE('',*,*,#1347,.F.);
#1406 = PLANE('',#1407);
#1407 = AXIS2_PLACEMENT_3D('',#1408,#1409,#1410);
#1408 = CARTESIAN_POINT('',(-1.25,-26.,30.6));
#1409 = DIRECTION('',(0.,0.,1.));
#1410 = DIRECTION('',(1.,0.,-0.));
#1411 = ADVANCED_FACE('',(#1412),#1415,.T.);
#1412 = FACE_BOUND('',#1413,.F.);
#1413 = EDGE_LOOP('',(#1414));
#1414 = ORIENTED_EDGE('',*,*,#1372,.F.);
#1415 = PLANE('',#1416);
#1416 = AXIS2_PLACEMENT_3D('',#1417,#1418,#1419);
#1417 = CARTESIAN_POINT('',(1.25,-26.,30.6));
#1418 = DIRECTION('',(0.,0.,1.));
#1419 = DIRECTION('',(1.,0.,-0.));
#1420 = MANIFOLD_SOLID_BREP('',#1421);
#1421 = CLOSED_SHELL('',(#1422,#1464,#1840,#1864,#2001,#2018,#2035,#2052
    ,#2069,#2086,#2098,#2115,#2146,#2170,#2194,#2211,#2312,#2336,#2360,
    #2400,#2440,#2488,#2536,#2553,#2570,#2601,#2625,#2649,#2666,#2688,
    #2705,#2722,#2734,#2751,#2817,#2841,#2865,#2897,#2929,#2953,#2977,
    #3009,#3041,#3065,#3089,#3174,#3191,#3214,#3295,#3320,#3345,#3370,
    #3394,#3419,#3444,#3469,#3543,#3567,#3584,#3608,#3625,#3701,#3725,
    #3754,#3830,#3854,#3883,#3916,#3939,#4027,#4052,#4077,#4102,#4183,
    #4200,#4223,#4251,#4263,#4288,#4312,#4337,#4361,#4386,#4410,#4428,
    #4453,#4512,#4546,#4651,#4668,#4686,#4704,#4721,#4739,#4756,#4768,
    #4780,#4797,#4809,#4821,#4846,#4866,#4920,#4960,#4985,#5055,#5077,
    #5095,#5112,#5137,#5162,#5171,#5188,#5205,#5217,#5226,#5238,#5247));
#1422 = ADVANCED_FACE('',(#1423),#1459,.T.);
#1423 = FACE_BOUND('',#1424,.T.);
#1424 = EDGE_LOOP('',(#1425,#1436,#1444,#1453));
#1425 = ORIENTED_EDGE('',*,*,#1426,.F.);
#1426 = EDGE_CURVE('',#1427,#1429,#1431,.T.);
#1427 = VERTEX_POINT('',#1428);
#1428 = CARTESIAN_POINT('',(-25.,-35.,3.));
#1429 = VERTEX_POINT('',#1430);
#1430 = CARTESIAN_POINT('',(-21.,-39.,3.));
#1431 = CIRCLE('',#1432,4.);
#1432 = AXIS2_PLACEMENT_3D('',#1433,#1434,#1435);
#1433 = CARTESIAN_POINT('',(-21.,-35.,3.));
#1434 = DIRECTION('',(0.,0.,1.));
#1435 = DIRECTION('',(1.,0.,-0.));
#1436 = ORIENTED_EDGE('',*,*,#1437,.F.);
#1437 = EDGE_CURVE('',#1438,#1427,#1440,.T.);
#1438 = VERTEX_POINT('',#1439);
#1439 = CARTESIAN_POINT('',(-25.,-35.,0.));
#1440 = LINE('',#1441,#1442);
#1441 = CARTESIAN_POINT('',(-25.,-35.,0.));
#1442 = VECTOR('',#1443,1.);
#1443 = DIRECTION('',(0.,0.,1.));
#1444 = ORIENTED_EDGE('',*,*,#1445,.T.);
#1445 = EDGE_CURVE('',#1438,#1446,#1448,.T.);
#1446 = VERTEX_POINT('',#1447);
#1447 = CARTESIAN_POINT('',(-21.,-39.,0.));
#1448 = CIRCLE('',#1449,4.);
#1449 = AXIS2_PLACEMENT_3D('',#1450,#1451,#1452);
#1450 = CARTESIAN_POINT('',(-21.,-35.,0.));
#1451 = DIRECTION('',(0.,0.,1.));
#1452 = DIRECTION('',(1.,0.,-0.));
#1453 = ORIENTED_EDGE('',*,*,#1454,.T.);
#1454 = EDGE_CURVE('',#1446,#1429,#1455,.T.);
#1455 = LINE('',#1456,#1457);
#1456 = CARTESIAN_POINT('',(-21.,-39.,0.));
#1457 = VECTOR('',#1458,1.);
#1458 = DIRECTION('',(0.,0.,1.));
#1459 = CYLINDRICAL_SURFACE('',#1460,4.);
#1460 = AXIS2_PLACEMENT_3D('',#1461,#1462,#1463);
#1461 = CARTESIAN_POINT('',(-21.,-35.,0.));
#1462 = DIRECTION('',(0.,0.,1.));
#1463 = DIRECTION('',(1.,0.,-0.));
#1464 = ADVANCED_FACE('',(#1465,#1525,#1536,#1570,#1636,#1647,#1681,
    #1715,#1726,#1824),#1835,.T.);
#1465 = FACE_BOUND('',#1466,.T.);
#1466 = EDGE_LOOP('',(#1467,#1468,#1476,#1485,#1493,#1502,#1510,#1519));
#1467 = ORIENTED_EDGE('',*,*,#1426,.T.);
#1468 = ORIENTED_EDGE('',*,*,#1469,.T.);
#1469 = EDGE_CURVE('',#1429,#1470,#1472,.T.);
#1470 = VERTEX_POINT('',#1471);
#1471 = CARTESIAN_POINT('',(21.,-39.,3.));
#1472 = LINE('',#1473,#1474);
#1473 = CARTESIAN_POINT('',(-21.,-39.,3.));
#1474 = VECTOR('',#1475,1.);
#1475 = DIRECTION('',(1.,0.,-0.));
#1476 = ORIENTED_EDGE('',*,*,#1477,.T.);
#1477 = EDGE_CURVE('',#1470,#1478,#1480,.T.);
#1478 = VERTEX_POINT('',#1479);
#1479 = CARTESIAN_POINT('',(25.,-35.,3.));
#1480 = CIRCLE('',#1481,4.);
#1481 = AXIS2_PLACEMENT_3D('',#1482,#1483,#1484);
#1482 = CARTESIAN_POINT('',(21.,-35.,3.));
#1483 = DIRECTION('',(0.,0.,1.));
#1484 = DIRECTION('',(1.,0.,-0.));
#1485 = ORIENTED_EDGE('',*,*,#1486,.T.);
#1486 = EDGE_CURVE('',#1478,#1487,#1489,.T.);
#1487 = VERTEX_POINT('',#1488);
#1488 = CARTESIAN_POINT('',(25.,47.,3.));
#1489 = LINE('',#1490,#1491);
#1490 = CARTESIAN_POINT('',(25.,-35.,3.));
#1491 = VECTOR('',#1492,1.);
#1492 = DIRECTION('',(-0.,1.,0.));
#1493 = ORIENTED_EDGE('',*,*,#1494,.T.);
#1494 = EDGE_CURVE('',#1487,#1495,#1497,.T.);
#1495 = VERTEX_POINT('',#1496);
#1496 = CARTESIAN_POINT('',(21.,51.,3.));
#1497 = CIRCLE('',#1498,4.);
#1498 = AXIS2_PLACEMENT_3D('',#1499,#1500,#1501);
#1499 = CARTESIAN_POINT('',(21.,47.,3.));
#1500 = DIRECTION('',(0.,0.,1.));
#1501 = DIRECTION('',(1.,0.,-0.));
#1502 = ORIENTED_EDGE('',*,*,#1503,.F.);
#1503 = EDGE_CURVE('',#1504,#1495,#1506,.T.);
#1504 = VERTEX_POINT('',#1505);
#1505 = CARTESIAN_POINT('',(-21.,51.,3.));
#1506 = LINE('',#1507,#1508);
#1507 = CARTESIAN_POINT('',(-21.,51.,3.));
#1508 = VECTOR('',#1509,1.);
#1509 = DIRECTION('',(1.,0.,-0.));
#1510 = ORIENTED_EDGE('',*,*,#1511,.T.);
#1511 = EDGE_CURVE('',#1504,#1512,#1514,.T.);
#1512 = VERTEX_POINT('',#1513);
#1513 = CARTESIAN_POINT('',(-25.,47.,3.));
#1514 = CIRCLE('',#1515,4.);
#1515 = AXIS2_PLACEMENT_3D('',#1516,#1517,#1518);
#1516 = CARTESIAN_POINT('',(-21.,47.,3.));
#1517 = DIRECTION('',(0.,0.,1.));
#1518 = DIRECTION('',(1.,0.,-0.));
#1519 = ORIENTED_EDGE('',*,*,#1520,.F.);
#1520 = EDGE_CURVE('',#1427,#1512,#1521,.T.);
#1521 = LINE('',#1522,#1523);
#1522 = CARTESIAN_POINT('',(-25.,-35.,3.));
#1523 = VECTOR('',#1524,1.);
#1524 = DIRECTION('',(-0.,1.,0.));
#1525 = FACE_BOUND('',#1526,.T.);
#1526 = EDGE_LOOP('',(#1527));
#1527 = ORIENTED_EDGE('',*,*,#1528,.F.);
#1528 = EDGE_CURVE('',#1529,#1529,#1531,.T.);
#1529 = VERTEX_POINT('',#1530);
#1530 = CARTESIAN_POINT('',(-17.8,-35.,3.));
#1531 = CIRCLE('',#1532,2.2);
#1532 = AXIS2_PLACEMENT_3D('',#1533,#1534,#1535);
#1533 = CARTESIAN_POINT('',(-20.,-35.,3.));
#1534 = DIRECTION('',(0.,0.,1.));
#1535 = DIRECTION('',(1.,0.,-0.));
#1536 = FACE_BOUND('',#1537,.T.);
#1537 = EDGE_LOOP('',(#1538,#1548,#1556,#1564));
#1538 = ORIENTED_EDGE('',*,*,#1539,.F.);
#1539 = EDGE_CURVE('',#1540,#1542,#1544,.T.);
#1540 = VERTEX_POINT('',#1541);
#1541 = CARTESIAN_POINT('',(-22.,-31.,3.));
#1542 = VERTEX_POINT('',#1543);
#1543 = CARTESIAN_POINT('',(-14.,-31.,3.));
#1544 = LINE('',#1545,#1546);
#1545 = CARTESIAN_POINT('',(-22.,-31.,3.));
#1546 = VECTOR('',#1547,1.);
#1547 = DIRECTION('',(1.,0.,-0.));
#1548 = ORIENTED_EDGE('',*,*,#1549,.T.);
#1549 = EDGE_CURVE('',#1540,#1550,#1552,.T.);
#1550 = VERTEX_POINT('',#1551);
#1551 = CARTESIAN_POINT('',(-22.,-21.,3.));
#1552 = LINE('',#1553,#1554);
#1553 = CARTESIAN_POINT('',(-22.,-31.,3.));
#1554 = VECTOR('',#1555,1.);
#1555 = DIRECTION('',(-0.,1.,0.));
#1556 = ORIENTED_EDGE('',*,*,#1557,.T.);
#1557 = EDGE_CURVE('',#1550,#1558,#1560,.T.);
#1558 = VERTEX_POINT('',#1559);
#1559 = CARTESIAN_POINT('',(-14.,-21.,3.));
#1560 = LINE('',#1561,#1562);
#1561 = CARTESIAN_POINT('',(-22.,-21.,3.));
#1562 = VECTOR('',#1563,1.);
#1563 = DIRECTION('',(1.,0.,-0.));
#1564 = ORIENTED_EDGE('',*,*,#1565,.F.);
#1565 = EDGE_CURVE('',#1542,#1558,#1566,.T.);
#1566 = LINE('',#1567,#1568);
#1567 = CARTESIAN_POINT('',(-14.,-31.,3.));
#1568 = VECTOR('',#1569,1.);
#1569 = DIRECTION('',(-0.,1.,0.));
#1570 = FACE_BOUND('',#1571,.T.);
#1571 = EDGE_LOOP('',(#1572,#1582,#1590,#1598,#1606,#1614,#1622,#1630));
#1572 = ORIENTED_EDGE('',*,*,#1573,.F.);
#1573 = EDGE_CURVE('',#1574,#1576,#1578,.T.);
#1574 = VERTEX_POINT('',#1575);
#1575 = CARTESIAN_POINT('',(-13.,-33.,3.));
#1576 = VERTEX_POINT('',#1577);
#1577 = CARTESIAN_POINT('',(13.,-33.,3.));
#1578 = LINE('',#1579,#1580);
#1579 = CARTESIAN_POINT('',(-13.,-33.,3.));
#1580 = VECTOR('',#1581,1.);
#1581 = DIRECTION('',(1.,0.,-0.));
#1582 = ORIENTED_EDGE('',*,*,#1583,.T.);
#1583 = EDGE_CURVE('',#1574,#1584,#1586,.T.);
#1584 = VERTEX_POINT('',#1585);
#1585 = CARTESIAN_POINT('',(-13.,-17.9,3.));
#1586 = LINE('',#1587,#1588);
#1587 = CARTESIAN_POINT('',(-13.,-33.,3.));
#1588 = VECTOR('',#1589,1.);
#1589 = DIRECTION('',(-0.,1.,0.));
#1590 = ORIENTED_EDGE('',*,*,#1591,.T.);
#1591 = EDGE_CURVE('',#1584,#1592,#1594,.T.);
#1592 = VERTEX_POINT('',#1593);
#1593 = CARTESIAN_POINT('',(-6.4,-17.9,3.));
#1594 = LINE('',#1595,#1596);
#1595 = CARTESIAN_POINT('',(-13.,-17.9,3.));
#1596 = VECTOR('',#1597,1.);
#1597 = DIRECTION('',(1.,0.,-0.));
#1598 = ORIENTED_EDGE('',*,*,#1599,.F.);
#1599 = EDGE_CURVE('',#1600,#1592,#1602,.T.);
#1600 = VERTEX_POINT('',#1601);
#1601 = CARTESIAN_POINT('',(-6.4,-18.5,3.));
#1602 = LINE('',#1603,#1604);
#1603 = CARTESIAN_POINT('',(-6.4,-18.5,3.));
#1604 = VECTOR('',#1605,1.);
#1605 = DIRECTION('',(-0.,1.,0.));
#1606 = ORIENTED_EDGE('',*,*,#1607,.T.);
#1607 = EDGE_CURVE('',#1600,#1608,#1610,.T.);
#1608 = VERTEX_POINT('',#1609);
#1609 = CARTESIAN_POINT('',(6.4,-18.5,3.));
#1610 = LINE('',#1611,#1612);
#1611 = CARTESIAN_POINT('',(-6.4,-18.5,3.));
#1612 = VECTOR('',#1613,1.);
#1613 = DIRECTION('',(1.,0.,-0.));
#1614 = ORIENTED_EDGE('',*,*,#1615,.T.);
#1615 = EDGE_CURVE('',#1608,#1616,#1618,.T.);
#1616 = VERTEX_POINT('',#1617);
#1617 = CARTESIAN_POINT('',(6.4,-17.9,3.));
#1618 = LINE('',#1619,#1620);
#1619 = CARTESIAN_POINT('',(6.4,-18.5,3.));
#1620 = VECTOR('',#1621,1.);
#1621 = DIRECTION('',(-0.,1.,0.));
#1622 = ORIENTED_EDGE('',*,*,#1623,.T.);
#1623 = EDGE_CURVE('',#1616,#1624,#1626,.T.);
#1624 = VERTEX_POINT('',#1625);
#1625 = CARTESIAN_POINT('',(13.,-17.9,3.));
#1626 = LINE('',#1627,#1628);
#1627 = CARTESIAN_POINT('',(-13.,-17.9,3.));
#1628 = VECTOR('',#1629,1.);
#1629 = DIRECTION('',(1.,0.,-0.));
#1630 = ORIENTED_EDGE('',*,*,#1631,.F.);
#1631 = EDGE_CURVE('',#1576,#1624,#1632,.T.);
#1632 = LINE('',#1633,#1634);
#1633 = CARTESIAN_POINT('',(13.,-33.,3.));
#1634 = VECTOR('',#1635,1.);
#1635 = DIRECTION('',(-0.,1.,0.));
#1636 = FACE_BOUND('',#1637,.T.);
#1637 = EDGE_LOOP('',(#1638));
#1638 = ORIENTED_EDGE('',*,*,#1639,.F.);
#1639 = EDGE_CURVE('',#1640,#1640,#1642,.T.);
#1640 = VERTEX_POINT('',#1641);
#1641 = CARTESIAN_POINT('',(22.2,-35.,3.));
#1642 = CIRCLE('',#1643,2.2);
#1643 = AXIS2_PLACEMENT_3D('',#1644,#1645,#1646);
#1644 = CARTESIAN_POINT('',(20.,-35.,3.));
#1645 = DIRECTION('',(0.,0.,1.));
#1646 = DIRECTION('',(1.,0.,-0.));
#1647 = FACE_BOUND('',#1648,.T.);
#1648 = EDGE_LOOP('',(#1649,#1659,#1667,#1675));
#1649 = ORIENTED_EDGE('',*,*,#1650,.F.);
#1650 = EDGE_CURVE('',#1651,#1653,#1655,.T.);
#1651 = VERTEX_POINT('',#1652);
#1652 = CARTESIAN_POINT('',(14.,-31.,3.));
#1653 = VERTEX_POINT('',#1654);
#1654 = CARTESIAN_POINT('',(22.,-31.,3.));
#1655 = LINE('',#1656,#1657);
#1656 = CARTESIAN_POINT('',(14.,-31.,3.));
#1657 = VECTOR('',#1658,1.);
#1658 = DIRECTION('',(1.,0.,-0.));
#1659 = ORIENTED_EDGE('',*,*,#1660,.T.);
#1660 = EDGE_CURVE('',#1651,#1661,#1663,.T.);
#1661 = VERTEX_POINT('',#1662);
#1662 = CARTESIAN_POINT('',(14.,-21.,3.));
#1663 = LINE('',#1664,#1665);
#1664 = CARTESIAN_POINT('',(14.,-31.,3.));
#1665 = VECTOR('',#1666,1.);
#1666 = DIRECTION('',(-0.,1.,0.));
#1667 = ORIENTED_EDGE('',*,*,#1668,.T.);
#1668 = EDGE_CURVE('',#1661,#1669,#1671,.T.);
#1669 = VERTEX_POINT('',#1670);
#1670 = CARTESIAN_POINT('',(22.,-21.,3.));
#1671 = LINE('',#1672,#1673);
#1672 = CARTESIAN_POINT('',(14.,-21.,3.));
#1673 = VECTOR('',#1674,1.);
#1674 = DIRECTION('',(1.,0.,-0.));
#1675 = ORIENTED_EDGE('',*,*,#1676,.F.);
#1676 = EDGE_CURVE('',#1653,#1669,#1677,.T.);
#1677 = LINE('',#1678,#1679);
#1678 = CARTESIAN_POINT('',(22.,-31.,3.));
#1679 = VECTOR('',#1680,1.);
#1680 = DIRECTION('',(-0.,1.,0.));
#1681 = FACE_BOUND('',#1682,.T.);
#1682 = EDGE_LOOP('',(#1683,#1693,#1701,#1709));
#1683 = ORIENTED_EDGE('',*,*,#1684,.T.);
#1684 = EDGE_CURVE('',#1685,#1687,#1689,.T.);
#1685 = VERTEX_POINT('',#1686);
#1686 = CARTESIAN_POINT('',(13.,-16.,3.));
#1687 = VERTEX_POINT('',#1688);
#1688 = CARTESIAN_POINT('',(-13.,-16.,3.));
#1689 = LINE('',#1690,#1691);
#1690 = CARTESIAN_POINT('',(-6.5,-16.,3.));
#1691 = VECTOR('',#1692,1.);
#1692 = DIRECTION('',(-1.,-0.,0.));
#1693 = ORIENTED_EDGE('',*,*,#1694,.T.);
#1694 = EDGE_CURVE('',#1687,#1695,#1697,.T.);
#1695 = VERTEX_POINT('',#1696);
#1696 = CARTESIAN_POINT('',(-13.,12.,3.));
#1697 = LINE('',#1698,#1699);
#1698 = CARTESIAN_POINT('',(-13.,-5.,3.));
#1699 = VECTOR('',#1700,1.);
#1700 = DIRECTION('',(-0.,1.,0.));
#1701 = ORIENTED_EDGE('',*,*,#1702,.F.);
#1702 = EDGE_CURVE('',#1703,#1695,#1705,.T.);
#1703 = VERTEX_POINT('',#1704);
#1704 = CARTESIAN_POINT('',(13.,12.,3.));
#1705 = LINE('',#1706,#1707);
#1706 = CARTESIAN_POINT('',(-6.5,12.,3.));
#1707 = VECTOR('',#1708,1.);
#1708 = DIRECTION('',(-1.,-0.,0.));
#1709 = ORIENTED_EDGE('',*,*,#1710,.F.);
#1710 = EDGE_CURVE('',#1685,#1703,#1711,.T.);
#1711 = LINE('',#1712,#1713);
#1712 = CARTESIAN_POINT('',(13.,-5.,3.));
#1713 = VECTOR('',#1714,1.);
#1714 = DIRECTION('',(-0.,1.,0.));
#1715 = FACE_BOUND('',#1716,.T.);
#1716 = EDGE_LOOP('',(#1717));
#1717 = ORIENTED_EDGE('',*,*,#1718,.F.);
#1718 = EDGE_CURVE('',#1719,#1719,#1721,.T.);
#1719 = VERTEX_POINT('',#1720);
#1720 = CARTESIAN_POINT('',(-17.8,47.,3.));
#1721 = CIRCLE('',#1722,2.2);
#1722 = AXIS2_PLACEMENT_3D('',#1723,#1724,#1725);
#1723 = CARTESIAN_POINT('',(-20.,47.,3.));
#1724 = DIRECTION('',(0.,0.,1.));
#1725 = DIRECTION('',(1.,0.,-0.));
#1726 = FACE_BOUND('',#1727,.T.);
#1727 = EDGE_LOOP('',(#1728,#1738,#1746,#1754,#1762,#1770,#1778,#1786,
    #1794,#1802,#1810,#1818));
#1728 = ORIENTED_EDGE('',*,*,#1729,.F.);
#1729 = EDGE_CURVE('',#1730,#1732,#1734,.T.);
#1730 = VERTEX_POINT('',#1731);
#1731 = CARTESIAN_POINT('',(-14.,14.,3.));
#1732 = VERTEX_POINT('',#1733);
#1733 = CARTESIAN_POINT('',(14.,14.,3.));
#1734 = LINE('',#1735,#1736);
#1735 = CARTESIAN_POINT('',(-14.,14.,3.));
#1736 = VECTOR('',#1737,1.);
#1737 = DIRECTION('',(1.,0.,-0.));
#1738 = ORIENTED_EDGE('',*,*,#1739,.T.);
#1739 = EDGE_CURVE('',#1730,#1740,#1742,.T.);
#1740 = VERTEX_POINT('',#1741);
#1741 = CARTESIAN_POINT('',(-14.,23.,3.));
#1742 = LINE('',#1743,#1744);
#1743 = CARTESIAN_POINT('',(-14.,14.,3.));
#1744 = VECTOR('',#1745,1.);
#1745 = DIRECTION('',(-0.,1.,0.));
#1746 = ORIENTED_EDGE('',*,*,#1747,.F.);
#1747 = EDGE_CURVE('',#1748,#1740,#1750,.T.);
#1748 = VERTEX_POINT('',#1749);
#1749 = CARTESIAN_POINT('',(-22.,23.,3.));
#1750 = LINE('',#1751,#1752);
#1751 = CARTESIAN_POINT('',(-22.,23.,3.));
#1752 = VECTOR('',#1753,1.);
#1753 = DIRECTION('',(1.,0.,-0.));
#1754 = ORIENTED_EDGE('',*,*,#1755,.T.);
#1755 = EDGE_CURVE('',#1748,#1756,#1758,.T.);
#1756 = VERTEX_POINT('',#1757);
#1757 = CARTESIAN_POINT('',(-22.,33.,3.));
#1758 = LINE('',#1759,#1760);
#1759 = CARTESIAN_POINT('',(-22.,23.,3.));
#1760 = VECTOR('',#1761,1.);
#1761 = DIRECTION('',(-0.,1.,0.));
#1762 = ORIENTED_EDGE('',*,*,#1763,.T.);
#1763 = EDGE_CURVE('',#1756,#1764,#1766,.T.);
#1764 = VERTEX_POINT('',#1765);
#1765 = CARTESIAN_POINT('',(-14.,33.,3.));
#1766 = LINE('',#1767,#1768);
#1767 = CARTESIAN_POINT('',(-22.,33.,3.));
#1768 = VECTOR('',#1769,1.);
#1769 = DIRECTION('',(1.,0.,-0.));
#1770 = ORIENTED_EDGE('',*,*,#1771,.T.);
#1771 = EDGE_CURVE('',#1764,#1772,#1774,.T.);
#1772 = VERTEX_POINT('',#1773);
#1773 = CARTESIAN_POINT('',(-14.,47.,3.));
#1774 = LINE('',#1775,#1776);
#1775 = CARTESIAN_POINT('',(-14.,14.,3.));
#1776 = VECTOR('',#1777,1.);
#1777 = DIRECTION('',(-0.,1.,0.));
#1778 = ORIENTED_EDGE('',*,*,#1779,.T.);
#1779 = EDGE_CURVE('',#1772,#1780,#1782,.T.);
#1780 = VERTEX_POINT('',#1781);
#1781 = CARTESIAN_POINT('',(14.,47.,3.));
#1782 = LINE('',#1783,#1784);
#1783 = CARTESIAN_POINT('',(-14.,47.,3.));
#1784 = VECTOR('',#1785,1.);
#1785 = DIRECTION('',(1.,0.,-0.));
#1786 = ORIENTED_EDGE('',*,*,#1787,.F.);
#1787 = EDGE_CURVE('',#1788,#1780,#1790,.T.);
#1788 = VERTEX_POINT('',#1789);
#1789 = CARTESIAN_POINT('',(14.,33.,3.));
#1790 = LINE('',#1791,#1792);
#1791 = CARTESIAN_POINT('',(14.,14.,3.));
#1792 = VECTOR('',#1793,1.);
#1793 = DIRECTION('',(-0.,1.,0.));
#1794 = ORIENTED_EDGE('',*,*,#1795,.T.);
#1795 = EDGE_CURVE('',#1788,#1796,#1798,.T.);
#1796 = VERTEX_POINT('',#1797);
#1797 = CARTESIAN_POINT('',(22.,33.,3.));
#1798 = LINE('',#1799,#1800);
#1799 = CARTESIAN_POINT('',(14.,33.,3.));
#1800 = VECTOR('',#1801,1.);
#1801 = DIRECTION('',(1.,0.,-0.));
#1802 = ORIENTED_EDGE('',*,*,#1803,.F.);
#1803 = EDGE_CURVE('',#1804,#1796,#1806,.T.);
#1804 = VERTEX_POINT('',#1805);
#1805 = CARTESIAN_POINT('',(22.,23.,3.));
#1806 = LINE('',#1807,#1808);
#1807 = CARTESIAN_POINT('',(22.,23.,3.));
#1808 = VECTOR('',#1809,1.);
#1809 = DIRECTION('',(-0.,1.,0.));
#1810 = ORIENTED_EDGE('',*,*,#1811,.F.);
#1811 = EDGE_CURVE('',#1812,#1804,#1814,.T.);
#1812 = VERTEX_POINT('',#1813);
#1813 = CARTESIAN_POINT('',(14.,23.,3.));
#1814 = LINE('',#1815,#1816);
#1815 = CARTESIAN_POINT('',(14.,23.,3.));
#1816 = VECTOR('',#1817,1.);
#1817 = DIRECTION('',(1.,0.,-0.));
#1818 = ORIENTED_EDGE('',*,*,#1819,.F.);
#1819 = EDGE_CURVE('',#1732,#1812,#1820,.T.);
#1820 = LINE('',#1821,#1822);
#1821 = CARTESIAN_POINT('',(14.,14.,3.));
#1822 = VECTOR('',#1823,1.);
#1823 = DIRECTION('',(-0.,1.,0.));
#1824 = FACE_BOUND('',#1825,.T.);
#1825 = EDGE_LOOP('',(#1826));
#1826 = ORIENTED_EDGE('',*,*,#1827,.F.);
#1827 = EDGE_CURVE('',#1828,#1828,#1830,.T.);
#1828 = VERTEX_POINT('',#1829);
#1829 = CARTESIAN_POINT('',(22.2,47.,3.));
#1830 = CIRCLE('',#1831,2.2);
#1831 = AXIS2_PLACEMENT_3D('',#1832,#1833,#1834);
#1832 = CARTESIAN_POINT('',(20.,47.,3.));
#1833 = DIRECTION('',(0.,0.,1.));
#1834 = DIRECTION('',(1.,0.,-0.));
#1835 = PLANE('',#1836);
#1836 = AXIS2_PLACEMENT_3D('',#1837,#1838,#1839);
#1837 = CARTESIAN_POINT('',(0.,6.,3.));
#1838 = DIRECTION('',(0.,0.,1.));
#1839 = DIRECTION('',(1.,0.,-0.));
#1840 = ADVANCED_FACE('',(#1841),#1859,.F.);
#1841 = FACE_BOUND('',#1842,.F.);
#1842 = EDGE_LOOP('',(#1843,#1851,#1852,#1853));
#1843 = ORIENTED_EDGE('',*,*,#1844,.F.);
#1844 = EDGE_CURVE('',#1446,#1845,#1847,.T.);
#1845 = VERTEX_POINT('',#1846);
#1846 = CARTESIAN_POINT('',(21.,-39.,0.));
#1847 = LINE('',#1848,#1849);
#1848 = CARTESIAN_POINT('',(-21.,-39.,0.));
#1849 = VECTOR('',#1850,1.);
#1850 = DIRECTION('',(1.,0.,-0.));
#1851 = ORIENTED_EDGE('',*,*,#1454,.T.);
#1852 = ORIENTED_EDGE('',*,*,#1469,.T.);
#1853 = ORIENTED_EDGE('',*,*,#1854,.F.);
#1854 = EDGE_CURVE('',#1845,#1470,#1855,.T.);
#1855 = LINE('',#1856,#1857);
#1856 = CARTESIAN_POINT('',(21.,-39.,0.));
#1857 = VECTOR('',#1858,1.);
#1858 = DIRECTION('',(0.,0.,1.));
#1859 = PLANE('',#1860);
#1860 = AXIS2_PLACEMENT_3D('',#1861,#1862,#1863);
#1861 = CARTESIAN_POINT('',(-21.,-39.,0.));
#1862 = DIRECTION('',(-0.,1.,0.));
#1863 = DIRECTION('',(0.,0.,1.));
#1864 = ADVANCED_FACE('',(#1865,#1918,#1929,#1940,#1974,#1985),#1996,.T.
  );
#1865 = FACE_BOUND('',#1866,.T.);
#1866 = EDGE_LOOP('',(#1867,#1868,#1876,#1885,#1893,#1902,#1910,#1917));
#1867 = ORIENTED_EDGE('',*,*,#1445,.F.);
#1868 = ORIENTED_EDGE('',*,*,#1869,.T.);
#1869 = EDGE_CURVE('',#1438,#1870,#1872,.T.);
#1870 = VERTEX_POINT('',#1871);
#1871 = CARTESIAN_POINT('',(-25.,47.,0.));
#1872 = LINE('',#1873,#1874);
#1873 = CARTESIAN_POINT('',(-25.,-35.,0.));
#1874 = VECTOR('',#1875,1.);
#1875 = DIRECTION('',(-0.,1.,0.));
#1876 = ORIENTED_EDGE('',*,*,#1877,.F.);
#1877 = EDGE_CURVE('',#1878,#1870,#1880,.T.);
#1878 = VERTEX_POINT('',#1879);
#1879 = CARTESIAN_POINT('',(-21.,51.,0.));
#1880 = CIRCLE('',#1881,4.);
#1881 = AXIS2_PLACEMENT_3D('',#1882,#1883,#1884);
#1882 = CARTESIAN_POINT('',(-21.,47.,0.));
#1883 = DIRECTION('',(0.,0.,1.));
#1884 = DIRECTION('',(1.,0.,-0.));
#1885 = ORIENTED_EDGE('',*,*,#1886,.T.);
#1886 = EDGE_CURVE('',#1878,#1887,#1889,.T.);
#1887 = VERTEX_POINT('',#1888);
#1888 = CARTESIAN_POINT('',(21.,51.,0.));
#1889 = LINE('',#1890,#1891);
#1890 = CARTESIAN_POINT('',(-21.,51.,0.));
#1891 = VECTOR('',#1892,1.);
#1892 = DIRECTION('',(1.,0.,-0.));
#1893 = ORIENTED_EDGE('',*,*,#1894,.F.);
#1894 = EDGE_CURVE('',#1895,#1887,#1897,.T.);
#1895 = VERTEX_POINT('',#1896);
#1896 = CARTESIAN_POINT('',(25.,47.,0.));
#1897 = CIRCLE('',#1898,4.);
#1898 = AXIS2_PLACEMENT_3D('',#1899,#1900,#1901);
#1899 = CARTESIAN_POINT('',(21.,47.,0.));
#1900 = DIRECTION('',(0.,0.,1.));
#1901 = DIRECTION('',(1.,0.,-0.));
#1902 = ORIENTED_EDGE('',*,*,#1903,.F.);
#1903 = EDGE_CURVE('',#1904,#1895,#1906,.T.);
#1904 = VERTEX_POINT('',#1905);
#1905 = CARTESIAN_POINT('',(25.,-35.,0.));
#1906 = LINE('',#1907,#1908);
#1907 = CARTESIAN_POINT('',(25.,-35.,0.));
#1908 = VECTOR('',#1909,1.);
#1909 = DIRECTION('',(-0.,1.,0.));
#1910 = ORIENTED_EDGE('',*,*,#1911,.F.);
#1911 = EDGE_CURVE('',#1845,#1904,#1912,.T.);
#1912 = CIRCLE('',#1913,4.);
#1913 = AXIS2_PLACEMENT_3D('',#1914,#1915,#1916);
#1914 = CARTESIAN_POINT('',(21.,-35.,0.));
#1915 = DIRECTION('',(0.,0.,1.));
#1916 = DIRECTION('',(1.,0.,-0.));
#1917 = ORIENTED_EDGE('',*,*,#1844,.F.);
#1918 = FACE_BOUND('',#1919,.T.);
#1919 = EDGE_LOOP('',(#1920));
#1920 = ORIENTED_EDGE('',*,*,#1921,.T.);
#1921 = EDGE_CURVE('',#1922,#1922,#1924,.T.);
#1922 = VERTEX_POINT('',#1923);
#1923 = CARTESIAN_POINT('',(22.2,-35.,0.));
#1924 = CIRCLE('',#1925,2.2);
#1925 = AXIS2_PLACEMENT_3D('',#1926,#1927,#1928);
#1926 = CARTESIAN_POINT('',(20.,-35.,0.));
#1927 = DIRECTION('',(0.,0.,1.));
#1928 = DIRECTION('',(1.,0.,-0.));
#1929 = FACE_BOUND('',#1930,.T.);
#1930 = EDGE_LOOP('',(#1931));
#1931 = ORIENTED_EDGE('',*,*,#1932,.T.);
#1932 = EDGE_CURVE('',#1933,#1933,#1935,.T.);
#1933 = VERTEX_POINT('',#1934);
#1934 = CARTESIAN_POINT('',(-17.8,-35.,0.));
#1935 = CIRCLE('',#1936,2.2);
#1936 = AXIS2_PLACEMENT_3D('',#1937,#1938,#1939);
#1937 = CARTESIAN_POINT('',(-20.,-35.,0.));
#1938 = DIRECTION('',(0.,0.,1.));
#1939 = DIRECTION('',(1.,0.,-0.));
#1940 = FACE_BOUND('',#1941,.T.);
#1941 = EDGE_LOOP('',(#1942,#1952,#1960,#1968));
#1942 = ORIENTED_EDGE('',*,*,#1943,.F.);
#1943 = EDGE_CURVE('',#1944,#1946,#1948,.T.);
#1944 = VERTEX_POINT('',#1945);
#1945 = CARTESIAN_POINT('',(-13.,12.,0.));
#1946 = VERTEX_POINT('',#1947);
#1947 = CARTESIAN_POINT('',(13.,12.,0.));
#1948 = LINE('',#1949,#1950);
#1949 = CARTESIAN_POINT('',(-6.5,12.,0.));
#1950 = VECTOR('',#1951,1.);
#1951 = DIRECTION('',(1.,0.,-0.));
#1952 = ORIENTED_EDGE('',*,*,#1953,.T.);
#1953 = EDGE_CURVE('',#1944,#1954,#1956,.T.);
#1954 = VERTEX_POINT('',#1955);
#1955 = CARTESIAN_POINT('',(-13.,-16.,0.));
#1956 = LINE('',#1957,#1958);
#1957 = CARTESIAN_POINT('',(-13.,-5.,0.));
#1958 = VECTOR('',#1959,1.);
#1959 = DIRECTION('',(0.,-1.,0.));
#1960 = ORIENTED_EDGE('',*,*,#1961,.T.);
#1961 = EDGE_CURVE('',#1954,#1962,#1964,.T.);
#1962 = VERTEX_POINT('',#1963);
#1963 = CARTESIAN_POINT('',(13.,-16.,0.));
#1964 = LINE('',#1965,#1966);
#1965 = CARTESIAN_POINT('',(-6.5,-16.,0.));
#1966 = VECTOR('',#1967,1.);
#1967 = DIRECTION('',(1.,0.,-0.));
#1968 = ORIENTED_EDGE('',*,*,#1969,.F.);
#1969 = EDGE_CURVE('',#1946,#1962,#1970,.T.);
#1970 = LINE('',#1971,#1972);
#1971 = CARTESIAN_POINT('',(13.,-5.,0.));
#1972 = VECTOR('',#1973,1.);
#1973 = DIRECTION('',(0.,-1.,0.));
#1974 = FACE_BOUND('',#1975,.T.);
#1975 = EDGE_LOOP('',(#1976));
#1976 = ORIENTED_EDGE('',*,*,#1977,.T.);
#1977 = EDGE_CURVE('',#1978,#1978,#1980,.T.);
#1978 = VERTEX_POINT('',#1979);
#1979 = CARTESIAN_POINT('',(22.2,47.,0.));
#1980 = CIRCLE('',#1981,2.2);
#1981 = AXIS2_PLACEMENT_3D('',#1982,#1983,#1984);
#1982 = CARTESIAN_POINT('',(20.,47.,0.));
#1983 = DIRECTION('',(0.,0.,1.));
#1984 = DIRECTION('',(1.,0.,-0.));
#1985 = FACE_BOUND('',#1986,.T.);
#1986 = EDGE_LOOP('',(#1987));
#1987 = ORIENTED_EDGE('',*,*,#1988,.T.);
#1988 = EDGE_CURVE('',#1989,#1989,#1991,.T.);
#1989 = VERTEX_POINT('',#1990);
#1990 = CARTESIAN_POINT('',(-17.8,47.,0.));
#1991 = CIRCLE('',#1992,2.2);
#1992 = AXIS2_PLACEMENT_3D('',#1993,#1994,#1995);
#1993 = CARTESIAN_POINT('',(-20.,47.,0.));
#1994 = DIRECTION('',(0.,0.,1.));
#1995 = DIRECTION('',(1.,0.,-0.));
#1996 = PLANE('',#1997);
#1997 = AXIS2_PLACEMENT_3D('',#1998,#1999,#2000);
#1998 = CARTESIAN_POINT('',(8.333387765685E-16,6.,0.));
#1999 = DIRECTION('',(-0.,-0.,-1.));
#2000 = DIRECTION('',(-1.,0.,0.));
#2001 = ADVANCED_FACE('',(#2002),#2013,.F.);
#2002 = FACE_BOUND('',#2003,.F.);
#2003 = EDGE_LOOP('',(#2004,#2005,#2006,#2012));
#2004 = ORIENTED_EDGE('',*,*,#1437,.F.);
#2005 = ORIENTED_EDGE('',*,*,#1869,.T.);
#2006 = ORIENTED_EDGE('',*,*,#2007,.T.);
#2007 = EDGE_CURVE('',#1870,#1512,#2008,.T.);
#2008 = LINE('',#2009,#2010);
#2009 = CARTESIAN_POINT('',(-25.,47.,0.));
#2010 = VECTOR('',#2011,1.);
#2011 = DIRECTION('',(0.,0.,1.));
#2012 = ORIENTED_EDGE('',*,*,#1520,.F.);
#2013 = PLANE('',#2014);
#2014 = AXIS2_PLACEMENT_3D('',#2015,#2016,#2017);
#2015 = CARTESIAN_POINT('',(-25.,-35.,0.));
#2016 = DIRECTION('',(1.,0.,-0.));
#2017 = DIRECTION('',(0.,0.,1.));
#2018 = ADVANCED_FACE('',(#2019),#2030,.T.);
#2019 = FACE_BOUND('',#2020,.T.);
#2020 = EDGE_LOOP('',(#2021,#2022,#2028,#2029));
#2021 = ORIENTED_EDGE('',*,*,#1511,.F.);
#2022 = ORIENTED_EDGE('',*,*,#2023,.F.);
#2023 = EDGE_CURVE('',#1878,#1504,#2024,.T.);
#2024 = LINE('',#2025,#2026);
#2025 = CARTESIAN_POINT('',(-21.,51.,0.));
#2026 = VECTOR('',#2027,1.);
#2027 = DIRECTION('',(0.,0.,1.));
#2028 = ORIENTED_EDGE('',*,*,#1877,.T.);
#2029 = ORIENTED_EDGE('',*,*,#2007,.T.);
#2030 = CYLINDRICAL_SURFACE('',#2031,4.);
#2031 = AXIS2_PLACEMENT_3D('',#2032,#2033,#2034);
#2032 = CARTESIAN_POINT('',(-21.,47.,0.));
#2033 = DIRECTION('',(0.,0.,1.));
#2034 = DIRECTION('',(1.,0.,-0.));
#2035 = ADVANCED_FACE('',(#2036),#2047,.T.);
#2036 = FACE_BOUND('',#2037,.T.);
#2037 = EDGE_LOOP('',(#2038,#2039,#2040,#2041));
#2038 = ORIENTED_EDGE('',*,*,#1477,.F.);
#2039 = ORIENTED_EDGE('',*,*,#1854,.F.);
#2040 = ORIENTED_EDGE('',*,*,#1911,.T.);
#2041 = ORIENTED_EDGE('',*,*,#2042,.T.);
#2042 = EDGE_CURVE('',#1904,#1478,#2043,.T.);
#2043 = LINE('',#2044,#2045);
#2044 = CARTESIAN_POINT('',(25.,-35.,0.));
#2045 = VECTOR('',#2046,1.);
#2046 = DIRECTION('',(0.,0.,1.));
#2047 = CYLINDRICAL_SURFACE('',#2048,4.);
#2048 = AXIS2_PLACEMENT_3D('',#2049,#2050,#2051);
#2049 = CARTESIAN_POINT('',(21.,-35.,0.));
#2050 = DIRECTION('',(0.,0.,1.));
#2051 = DIRECTION('',(1.,0.,-0.));
#2052 = ADVANCED_FACE('',(#2053),#2064,.T.);
#2053 = FACE_BOUND('',#2054,.T.);
#2054 = EDGE_LOOP('',(#2055,#2056,#2057,#2058));
#2055 = ORIENTED_EDGE('',*,*,#1886,.F.);
#2056 = ORIENTED_EDGE('',*,*,#2023,.T.);
#2057 = ORIENTED_EDGE('',*,*,#1503,.T.);
#2058 = ORIENTED_EDGE('',*,*,#2059,.F.);
#2059 = EDGE_CURVE('',#1887,#1495,#2060,.T.);
#2060 = LINE('',#2061,#2062);
#2061 = CARTESIAN_POINT('',(21.,51.,0.));
#2062 = VECTOR('',#2063,1.);
#2063 = DIRECTION('',(0.,0.,1.));
#2064 = PLANE('',#2065);
#2065 = AXIS2_PLACEMENT_3D('',#2066,#2067,#2068);
#2066 = CARTESIAN_POINT('',(-21.,51.,0.));
#2067 = DIRECTION('',(-0.,1.,0.));
#2068 = DIRECTION('',(0.,0.,1.));
#2069 = ADVANCED_FACE('',(#2070),#2081,.T.);
#2070 = FACE_BOUND('',#2071,.T.);
#2071 = EDGE_LOOP('',(#2072,#2073,#2074,#2080));
#2072 = ORIENTED_EDGE('',*,*,#2042,.F.);
#2073 = ORIENTED_EDGE('',*,*,#1903,.T.);
#2074 = ORIENTED_EDGE('',*,*,#2075,.T.);
#2075 = EDGE_CURVE('',#1895,#1487,#2076,.T.);
#2076 = LINE('',#2077,#2078);
#2077 = CARTESIAN_POINT('',(25.,47.,0.));
#2078 = VECTOR('',#2079,1.);
#2079 = DIRECTION('',(0.,0.,1.));
#2080 = ORIENTED_EDGE('',*,*,#1486,.F.);
#2081 = PLANE('',#2082);
#2082 = AXIS2_PLACEMENT_3D('',#2083,#2084,#2085);
#2083 = CARTESIAN_POINT('',(25.,-35.,0.));
#2084 = DIRECTION('',(1.,0.,-0.));
#2085 = DIRECTION('',(0.,0.,1.));
#2086 = ADVANCED_FACE('',(#2087),#2093,.T.);
#2087 = FACE_BOUND('',#2088,.T.);
#2088 = EDGE_LOOP('',(#2089,#2090,#2091,#2092));
#2089 = ORIENTED_EDGE('',*,*,#1494,.F.);
#2090 = ORIENTED_EDGE('',*,*,#2075,.F.);
#2091 = ORIENTED_EDGE('',*,*,#1894,.T.);
#2092 = ORIENTED_EDGE('',*,*,#2059,.T.);
#2093 = CYLINDRICAL_SURFACE('',#2094,4.);
#2094 = AXIS2_PLACEMENT_3D('',#2095,#2096,#2097);
#2095 = CARTESIAN_POINT('',(21.,47.,0.));
#2096 = DIRECTION('',(0.,0.,1.));
#2097 = DIRECTION('',(1.,0.,-0.));
#2098 = ADVANCED_FACE('',(#2099),#2110,.F.);
#2099 = FACE_BOUND('',#2100,.F.);
#2100 = EDGE_LOOP('',(#2101,#2102,#2108,#2109));
#2101 = ORIENTED_EDGE('',*,*,#1528,.F.);
#2102 = ORIENTED_EDGE('',*,*,#2103,.F.);
#2103 = EDGE_CURVE('',#1933,#1529,#2104,.T.);
#2104 = LINE('',#2105,#2106);
#2105 = CARTESIAN_POINT('',(-17.8,-35.,-0.5));
#2106 = VECTOR('',#2107,1.);
#2107 = DIRECTION('',(0.,0.,1.));
#2108 = ORIENTED_EDGE('',*,*,#1932,.T.);
#2109 = ORIENTED_EDGE('',*,*,#2103,.T.);
#2110 = CYLINDRICAL_SURFACE('',#2111,2.2);
#2111 = AXIS2_PLACEMENT_3D('',#2112,#2113,#2114);
#2112 = CARTESIAN_POINT('',(-20.,-35.,-0.5));
#2113 = DIRECTION('',(0.,0.,1.));
#2114 = DIRECTION('',(1.,0.,-0.));
#2115 = ADVANCED_FACE('',(#2116),#2141,.F.);
#2116 = FACE_BOUND('',#2117,.F.);
#2117 = EDGE_LOOP('',(#2118,#2119,#2127,#2135));
#2118 = ORIENTED_EDGE('',*,*,#1539,.F.);
#2119 = ORIENTED_EDGE('',*,*,#2120,.T.);
#2120 = EDGE_CURVE('',#1540,#2121,#2123,.T.);
#2121 = VERTEX_POINT('',#2122);
#2122 = CARTESIAN_POINT('',(-22.,-31.,28.));
#2123 = LINE('',#2124,#2125);
#2124 = CARTESIAN_POINT('',(-22.,-31.,3.));
#2125 = VECTOR('',#2126,1.);
#2126 = DIRECTION('',(0.,0.,1.));
#2127 = ORIENTED_EDGE('',*,*,#2128,.T.);
#2128 = EDGE_CURVE('',#2121,#2129,#2131,.T.);
#2129 = VERTEX_POINT('',#2130);
#2130 = CARTESIAN_POINT('',(-14.,-31.,28.));
#2131 = LINE('',#2132,#2133);
#2132 = CARTESIAN_POINT('',(-22.,-31.,28.));
#2133 = VECTOR('',#2134,1.);
#2134 = DIRECTION('',(1.,0.,-0.));
#2135 = ORIENTED_EDGE('',*,*,#2136,.F.);
#2136 = EDGE_CURVE('',#1542,#2129,#2137,.T.);
#2137 = LINE('',#2138,#2139);
#2138 = CARTESIAN_POINT('',(-14.,-31.,3.));
#2139 = VECTOR('',#2140,1.);
#2140 = DIRECTION('',(0.,0.,1.));
#2141 = PLANE('',#2142);
#2142 = AXIS2_PLACEMENT_3D('',#2143,#2144,#2145);
#2143 = CARTESIAN_POINT('',(-22.,-31.,3.));
#2144 = DIRECTION('',(-0.,1.,0.));
#2145 = DIRECTION('',(0.,0.,1.));
#2146 = ADVANCED_FACE('',(#2147),#2165,.F.);
#2147 = FACE_BOUND('',#2148,.F.);
#2148 = EDGE_LOOP('',(#2149,#2150,#2151,#2159));
#2149 = ORIENTED_EDGE('',*,*,#2120,.F.);
#2150 = ORIENTED_EDGE('',*,*,#1549,.T.);
#2151 = ORIENTED_EDGE('',*,*,#2152,.T.);
#2152 = EDGE_CURVE('',#1550,#2153,#2155,.T.);
#2153 = VERTEX_POINT('',#2154);
#2154 = CARTESIAN_POINT('',(-22.,-21.,28.));
#2155 = LINE('',#2156,#2157);
#2156 = CARTESIAN_POINT('',(-22.,-21.,3.));
#2157 = VECTOR('',#2158,1.);
#2158 = DIRECTION('',(0.,0.,1.));
#2159 = ORIENTED_EDGE('',*,*,#2160,.F.);
#2160 = EDGE_CURVE('',#2121,#2153,#2161,.T.);
#2161 = LINE('',#2162,#2163);
#2162 = CARTESIAN_POINT('',(-22.,-31.,28.));
#2163 = VECTOR('',#2164,1.);
#2164 = DIRECTION('',(-0.,1.,0.));
#2165 = PLANE('',#2166);
#2166 = AXIS2_PLACEMENT_3D('',#2167,#2168,#2169);
#2167 = CARTESIAN_POINT('',(-22.,-31.,3.));
#2168 = DIRECTION('',(1.,0.,-0.));
#2169 = DIRECTION('',(0.,0.,1.));
#2170 = ADVANCED_FACE('',(#2171),#2189,.T.);
#2171 = FACE_BOUND('',#2172,.T.);
#2172 = EDGE_LOOP('',(#2173,#2174,#2175,#2183));
#2173 = ORIENTED_EDGE('',*,*,#2136,.F.);
#2174 = ORIENTED_EDGE('',*,*,#1565,.T.);
#2175 = ORIENTED_EDGE('',*,*,#2176,.T.);
#2176 = EDGE_CURVE('',#1558,#2177,#2179,.T.);
#2177 = VERTEX_POINT('',#2178);
#2178 = CARTESIAN_POINT('',(-14.,-21.,28.));
#2179 = LINE('',#2180,#2181);
#2180 = CARTESIAN_POINT('',(-14.,-21.,3.));
#2181 = VECTOR('',#2182,1.);
#2182 = DIRECTION('',(0.,0.,1.));
#2183 = ORIENTED_EDGE('',*,*,#2184,.F.);
#2184 = EDGE_CURVE('',#2129,#2177,#2185,.T.);
#2185 = LINE('',#2186,#2187);
#2186 = CARTESIAN_POINT('',(-14.,-31.,28.));
#2187 = VECTOR('',#2188,1.);
#2188 = DIRECTION('',(-0.,1.,0.));
#2189 = PLANE('',#2190);
#2190 = AXIS2_PLACEMENT_3D('',#2191,#2192,#2193);
#2191 = CARTESIAN_POINT('',(-14.,-31.,3.));
#2192 = DIRECTION('',(1.,0.,-0.));
#2193 = DIRECTION('',(0.,0.,1.));
#2194 = ADVANCED_FACE('',(#2195),#2206,.T.);
#2195 = FACE_BOUND('',#2196,.T.);
#2196 = EDGE_LOOP('',(#2197,#2198,#2199,#2205));
#2197 = ORIENTED_EDGE('',*,*,#1557,.F.);
#2198 = ORIENTED_EDGE('',*,*,#2152,.T.);
#2199 = ORIENTED_EDGE('',*,*,#2200,.T.);
#2200 = EDGE_CURVE('',#2153,#2177,#2201,.T.);
#2201 = LINE('',#2202,#2203);
#2202 = CARTESIAN_POINT('',(-22.,-21.,28.));
#2203 = VECTOR('',#2204,1.);
#2204 = DIRECTION('',(1.,0.,-0.));
#2205 = ORIENTED_EDGE('',*,*,#2176,.F.);
#2206 = PLANE('',#2207);
#2207 = AXIS2_PLACEMENT_3D('',#2208,#2209,#2210);
#2208 = CARTESIAN_POINT('',(-22.,-21.,3.));
#2209 = DIRECTION('',(-0.,1.,0.));
#2210 = DIRECTION('',(0.,0.,1.));
#2211 = ADVANCED_FACE('',(#2212),#2307,.F.);
#2212 = FACE_BOUND('',#2213,.F.);
#2213 = EDGE_LOOP('',(#2214,#2222,#2223,#2231,#2239,#2248,#2257,#2266,
    #2274,#2283,#2292,#2301));
#2214 = ORIENTED_EDGE('',*,*,#2215,.F.);
#2215 = EDGE_CURVE('',#1576,#2216,#2218,.T.);
#2216 = VERTEX_POINT('',#2217);
#2217 = CARTESIAN_POINT('',(13.,-33.,18.));
#2218 = LINE('',#2219,#2220);
#2219 = CARTESIAN_POINT('',(13.,-33.,3.));
#2220 = VECTOR('',#2221,1.);
#2221 = DIRECTION('',(0.,0.,1.));
#2222 = ORIENTED_EDGE('',*,*,#1573,.F.);
#2223 = ORIENTED_EDGE('',*,*,#2224,.T.);
#2224 = EDGE_CURVE('',#1574,#2225,#2227,.T.);
#2225 = VERTEX_POINT('',#2226);
#2226 = CARTESIAN_POINT('',(-13.,-33.,18.));
#2227 = LINE('',#2228,#2229);
#2228 = CARTESIAN_POINT('',(-13.,-33.,3.));
#2229 = VECTOR('',#2230,1.);
#2230 = DIRECTION('',(0.,0.,1.));
#2231 = ORIENTED_EDGE('',*,*,#2232,.T.);
#2232 = EDGE_CURVE('',#2225,#2233,#2235,.T.);
#2233 = VERTEX_POINT('',#2234);
#2234 = CARTESIAN_POINT('',(-9.97,-33.,18.));
#2235 = LINE('',#2236,#2237);
#2236 = CARTESIAN_POINT('',(-13.,-33.,18.));
#2237 = VECTOR('',#2238,1.);
#2238 = DIRECTION('',(1.,0.,-0.));
#2239 = ORIENTED_EDGE('',*,*,#2240,.F.);
#2240 = EDGE_CURVE('',#2241,#2233,#2243,.T.);
#2241 = VERTEX_POINT('',#2242);
#2242 = CARTESIAN_POINT('',(-9.18719673499,-33.,14.172222222222));
#2243 = CIRCLE('',#2244,9.75);
#2244 = AXIS2_PLACEMENT_3D('',#2245,#2246,#2247);
#2245 = CARTESIAN_POINT('',(-0.22,-33.,18.));
#2246 = DIRECTION('',(0.,1.,-2.2E-16));
#2247 = DIRECTION('',(1.,0.,0.));
#2248 = ORIENTED_EDGE('',*,*,#2249,.T.);
#2249 = EDGE_CURVE('',#2241,#2250,#2252,.T.);
#2250 = VERTEX_POINT('',#2251);
#2251 = CARTESIAN_POINT('',(-8.436525704521,-33.,13.121533573549));
#2252 = CIRCLE('',#2253,3.);
#2253 = AXIS2_PLACEMENT_3D('',#2254,#2255,#2256);
#2254 = CARTESIAN_POINT('',(-6.42805927807,-33.,15.35));
#2255 = DIRECTION('',(1.232595164408E-32,-1.,2.2E-16));
#2256 = DIRECTION('',(-0.91971248564,-8.637037037042E-17,-0.392592592593
    ));
#2257 = ORIENTED_EDGE('',*,*,#2258,.T.);
#2258 = EDGE_CURVE('',#2250,#2259,#2261,.T.);
#2259 = VERTEX_POINT('',#2260);
#2260 = CARTESIAN_POINT('',(-6.20805927807,-33.,12.13));
#2261 = CIRCLE('',#2262,3.);
#2262 = AXIS2_PLACEMENT_3D('',#2263,#2264,#2265);
#2263 = CARTESIAN_POINT('',(-6.20805927807,-33.,15.13));
#2264 = DIRECTION('',(1.232595164408E-32,-1.,2.2E-16));
#2265 = DIRECTION('',(-0.91971248564,-8.637037037042E-17,-0.392592592593
    ));
#2266 = ORIENTED_EDGE('',*,*,#2267,.T.);
#2267 = EDGE_CURVE('',#2259,#2268,#2270,.T.);
#2268 = VERTEX_POINT('',#2269);
#2269 = CARTESIAN_POINT('',(6.20805927806,-33.,12.13));
#2270 = LINE('',#2271,#2272);
#2271 = CARTESIAN_POINT('',(-10.47303410506,-33.,12.13));
#2272 = VECTOR('',#2273,1.);
#2273 = DIRECTION('',(1.,0.,-0.));
#2274 = ORIENTED_EDGE('',*,*,#2275,.T.);
#2275 = EDGE_CURVE('',#2268,#2276,#2278,.T.);
#2276 = VERTEX_POINT('',#2277);
#2277 = CARTESIAN_POINT('',(8.436525704511,-33.,13.121533573549));
#2278 = CIRCLE('',#2279,3.);
#2279 = AXIS2_PLACEMENT_3D('',#2280,#2281,#2282);
#2280 = CARTESIAN_POINT('',(6.20805927806,-33.,15.13));
#2281 = DIRECTION('',(-1.232595164408E-32,-1.,2.2E-16));
#2282 = DIRECTION('',(0.91971248564,-8.637037037042E-17,-0.392592592593)
  );
#2283 = ORIENTED_EDGE('',*,*,#2284,.T.);
#2284 = EDGE_CURVE('',#2276,#2285,#2287,.T.);
#2285 = VERTEX_POINT('',#2286);
#2286 = CARTESIAN_POINT('',(9.18719673498,-33.,14.172222222222));
#2287 = CIRCLE('',#2288,3.);
#2288 = AXIS2_PLACEMENT_3D('',#2289,#2290,#2291);
#2289 = CARTESIAN_POINT('',(6.42805927806,-33.,15.35));
#2290 = DIRECTION('',(-1.232595164408E-32,-1.,2.2E-16));
#2291 = DIRECTION('',(0.91971248564,-8.637037037042E-17,-0.392592592593)
  );
#2292 = ORIENTED_EDGE('',*,*,#2293,.F.);
#2293 = EDGE_CURVE('',#2294,#2285,#2296,.T.);
#2294 = VERTEX_POINT('',#2295);
#2295 = CARTESIAN_POINT('',(9.97,-33.,18.));
#2296 = CIRCLE('',#2297,9.75);
#2297 = AXIS2_PLACEMENT_3D('',#2298,#2299,#2300);
#2298 = CARTESIAN_POINT('',(0.22,-33.,18.));
#2299 = DIRECTION('',(0.,1.,-2.2E-16));
#2300 = DIRECTION('',(1.,0.,0.));
#2301 = ORIENTED_EDGE('',*,*,#2302,.T.);
#2302 = EDGE_CURVE('',#2294,#2216,#2303,.T.);
#2303 = LINE('',#2304,#2305);
#2304 = CARTESIAN_POINT('',(-13.,-33.,18.));
#2305 = VECTOR('',#2306,1.);
#2306 = DIRECTION('',(1.,0.,-0.));
#2307 = PLANE('',#2308);
#2308 = AXIS2_PLACEMENT_3D('',#2309,#2310,#2311);
#2309 = CARTESIAN_POINT('',(-13.,-33.,3.));
#2310 = DIRECTION('',(-0.,1.,0.));
#2311 = DIRECTION('',(0.,0.,1.));
#2312 = ADVANCED_FACE('',(#2313),#2331,.F.);
#2313 = FACE_BOUND('',#2314,.F.);
#2314 = EDGE_LOOP('',(#2315,#2316,#2317,#2325));
#2315 = ORIENTED_EDGE('',*,*,#2224,.F.);
#2316 = ORIENTED_EDGE('',*,*,#1583,.T.);
#2317 = ORIENTED_EDGE('',*,*,#2318,.T.);
#2318 = EDGE_CURVE('',#1584,#2319,#2321,.T.);
#2319 = VERTEX_POINT('',#2320);
#2320 = CARTESIAN_POINT('',(-13.,-17.9,18.));
#2321 = LINE('',#2322,#2323);
#2322 = CARTESIAN_POINT('',(-13.,-17.9,3.));
#2323 = VECTOR('',#2324,1.);
#2324 = DIRECTION('',(0.,0.,1.));
#2325 = ORIENTED_EDGE('',*,*,#2326,.F.);
#2326 = EDGE_CURVE('',#2225,#2319,#2327,.T.);
#2327 = LINE('',#2328,#2329);
#2328 = CARTESIAN_POINT('',(-13.,-33.,18.));
#2329 = VECTOR('',#2330,1.);
#2330 = DIRECTION('',(-0.,1.,0.));
#2331 = PLANE('',#2332);
#2332 = AXIS2_PLACEMENT_3D('',#2333,#2334,#2335);
#2333 = CARTESIAN_POINT('',(-13.,-33.,3.));
#2334 = DIRECTION('',(1.,0.,-0.));
#2335 = DIRECTION('',(0.,0.,1.));
#2336 = ADVANCED_FACE('',(#2337),#2355,.T.);
#2337 = FACE_BOUND('',#2338,.T.);
#2338 = EDGE_LOOP('',(#2339,#2340,#2341,#2349));
#2339 = ORIENTED_EDGE('',*,*,#2215,.F.);
#2340 = ORIENTED_EDGE('',*,*,#1631,.T.);
#2341 = ORIENTED_EDGE('',*,*,#2342,.T.);
#2342 = EDGE_CURVE('',#1624,#2343,#2345,.T.);
#2343 = VERTEX_POINT('',#2344);
#2344 = CARTESIAN_POINT('',(13.,-17.9,18.));
#2345 = LINE('',#2346,#2347);
#2346 = CARTESIAN_POINT('',(13.,-17.9,3.));
#2347 = VECTOR('',#2348,1.);
#2348 = DIRECTION('',(0.,0.,1.));
#2349 = ORIENTED_EDGE('',*,*,#2350,.F.);
#2350 = EDGE_CURVE('',#2216,#2343,#2351,.T.);
#2351 = LINE('',#2352,#2353);
#2352 = CARTESIAN_POINT('',(13.,-33.,18.));
#2353 = VECTOR('',#2354,1.);
#2354 = DIRECTION('',(-0.,1.,0.));
#2355 = PLANE('',#2356);
#2356 = AXIS2_PLACEMENT_3D('',#2357,#2358,#2359);
#2357 = CARTESIAN_POINT('',(13.,-33.,3.));
#2358 = DIRECTION('',(1.,0.,-0.));
#2359 = DIRECTION('',(0.,0.,1.));
#2360 = ADVANCED_FACE('',(#2361),#2395,.T.);
#2361 = FACE_BOUND('',#2362,.T.);
#2362 = EDGE_LOOP('',(#2363,#2371,#2372,#2373,#2381,#2389));
#2363 = ORIENTED_EDGE('',*,*,#2364,.T.);
#2364 = EDGE_CURVE('',#2365,#1592,#2367,.T.);
#2365 = VERTEX_POINT('',#2366);
#2366 = CARTESIAN_POINT('',(-6.4,-17.9,15.));
#2367 = LINE('',#2368,#2369);
#2368 = CARTESIAN_POINT('',(-6.4,-17.9,3.));
#2369 = VECTOR('',#2370,1.);
#2370 = DIRECTION('',(-0.,0.,-1.));
#2371 = ORIENTED_EDGE('',*,*,#1591,.F.);
#2372 = ORIENTED_EDGE('',*,*,#2318,.T.);
#2373 = ORIENTED_EDGE('',*,*,#2374,.T.);
#2374 = EDGE_CURVE('',#2319,#2375,#2377,.T.);
#2375 = VERTEX_POINT('',#2376);
#2376 = CARTESIAN_POINT('',(-6.47,-17.9,18.));
#2377 = LINE('',#2378,#2379);
#2378 = CARTESIAN_POINT('',(-13.,-17.9,18.));
#2379 = VECTOR('',#2380,1.);
#2380 = DIRECTION('',(1.,0.,-0.));
#2381 = ORIENTED_EDGE('',*,*,#2382,.T.);
#2382 = EDGE_CURVE('',#2375,#2383,#2385,.T.);
#2383 = VERTEX_POINT('',#2384);
#2384 = CARTESIAN_POINT('',(-6.47,-17.9,15.));
#2385 = LINE('',#2386,#2387);
#2386 = CARTESIAN_POINT('',(-6.47,-17.9,9.));
#2387 = VECTOR('',#2388,1.);
#2388 = DIRECTION('',(0.,0.,-1.));
#2389 = ORIENTED_EDGE('',*,*,#2390,.T.);
#2390 = EDGE_CURVE('',#2383,#2365,#2391,.T.);
#2391 = LINE('',#2392,#2393);
#2392 = CARTESIAN_POINT('',(-3.485,-17.9,15.));
#2393 = VECTOR('',#2394,1.);
#2394 = DIRECTION('',(1.,0.,-0.));
#2395 = PLANE('',#2396);
#2396 = AXIS2_PLACEMENT_3D('',#2397,#2398,#2399);
#2397 = CARTESIAN_POINT('',(-13.,-17.9,3.));
#2398 = DIRECTION('',(-0.,1.,0.));
#2399 = DIRECTION('',(0.,0.,1.));
#2400 = ADVANCED_FACE('',(#2401),#2435,.T.);
#2401 = FACE_BOUND('',#2402,.T.);
#2402 = EDGE_LOOP('',(#2403,#2411,#2412,#2413,#2421,#2429));
#2403 = ORIENTED_EDGE('',*,*,#2404,.T.);
#2404 = EDGE_CURVE('',#2405,#2343,#2407,.T.);
#2405 = VERTEX_POINT('',#2406);
#2406 = CARTESIAN_POINT('',(6.47,-17.9,18.));
#2407 = LINE('',#2408,#2409);
#2408 = CARTESIAN_POINT('',(-13.,-17.9,18.));
#2409 = VECTOR('',#2410,1.);
#2410 = DIRECTION('',(1.,0.,-0.));
#2411 = ORIENTED_EDGE('',*,*,#2342,.F.);
#2412 = ORIENTED_EDGE('',*,*,#1623,.F.);
#2413 = ORIENTED_EDGE('',*,*,#2414,.F.);
#2414 = EDGE_CURVE('',#2415,#1616,#2417,.T.);
#2415 = VERTEX_POINT('',#2416);
#2416 = CARTESIAN_POINT('',(6.4,-17.9,15.));
#2417 = LINE('',#2418,#2419);
#2418 = CARTESIAN_POINT('',(6.4,-17.9,3.));
#2419 = VECTOR('',#2420,1.);
#2420 = DIRECTION('',(-0.,0.,-1.));
#2421 = ORIENTED_EDGE('',*,*,#2422,.T.);
#2422 = EDGE_CURVE('',#2415,#2423,#2425,.T.);
#2423 = VERTEX_POINT('',#2424);
#2424 = CARTESIAN_POINT('',(6.47,-17.9,15.));
#2425 = LINE('',#2426,#2427);
#2426 = CARTESIAN_POINT('',(-3.265,-17.9,15.));
#2427 = VECTOR('',#2428,1.);
#2428 = DIRECTION('',(1.,0.,-0.));
#2429 = ORIENTED_EDGE('',*,*,#2430,.T.);
#2430 = EDGE_CURVE('',#2423,#2405,#2431,.T.);
#2431 = LINE('',#2432,#2433);
#2432 = CARTESIAN_POINT('',(6.47,-17.9,12.));
#2433 = VECTOR('',#2434,1.);
#2434 = DIRECTION('',(0.,0.,1.));
#2435 = PLANE('',#2436);
#2436 = AXIS2_PLACEMENT_3D('',#2437,#2438,#2439);
#2437 = CARTESIAN_POINT('',(-13.,-17.9,3.));
#2438 = DIRECTION('',(-0.,1.,0.));
#2439 = DIRECTION('',(0.,0.,1.));
#2440 = ADVANCED_FACE('',(#2441),#2483,.T.);
#2441 = FACE_BOUND('',#2442,.T.);
#2442 = EDGE_LOOP('',(#2443,#2451,#2452,#2453,#2461,#2469,#2477));
#2443 = ORIENTED_EDGE('',*,*,#2444,.F.);
#2444 = EDGE_CURVE('',#1600,#2445,#2447,.T.);
#2445 = VERTEX_POINT('',#2446);
#2446 = CARTESIAN_POINT('',(-6.4,-18.5,11.38));
#2447 = LINE('',#2448,#2449);
#2448 = CARTESIAN_POINT('',(-6.4,-18.5,3.));
#2449 = VECTOR('',#2450,1.);
#2450 = DIRECTION('',(0.,0.,1.));
#2451 = ORIENTED_EDGE('',*,*,#1599,.T.);
#2452 = ORIENTED_EDGE('',*,*,#2364,.F.);
#2453 = ORIENTED_EDGE('',*,*,#2454,.F.);
#2454 = EDGE_CURVE('',#2455,#2365,#2457,.T.);
#2455 = VERTEX_POINT('',#2456);
#2456 = CARTESIAN_POINT('',(-6.4,-18.28,15.));
#2457 = LINE('',#2458,#2459);
#2458 = CARTESIAN_POINT('',(-6.4,-18.5,15.));
#2459 = VECTOR('',#2460,1.);
#2460 = DIRECTION('',(-0.,1.,-2.2E-16));
#2461 = ORIENTED_EDGE('',*,*,#2462,.T.);
#2462 = EDGE_CURVE('',#2455,#2463,#2465,.T.);
#2463 = VERTEX_POINT('',#2464);
#2464 = CARTESIAN_POINT('',(-6.4,-18.28,11.6));
#2465 = LINE('',#2466,#2467);
#2466 = CARTESIAN_POINT('',(-6.4,-18.28,10.688215049432));
#2467 = VECTOR('',#2468,1.);
#2468 = DIRECTION('',(-0.,0.,-1.));
#2469 = ORIENTED_EDGE('',*,*,#2470,.F.);
#2470 = EDGE_CURVE('',#2471,#2463,#2473,.T.);
#2471 = VERTEX_POINT('',#2472);
#2472 = CARTESIAN_POINT('',(-6.4,-18.5,11.6));
#2473 = LINE('',#2474,#2475);
#2474 = CARTESIAN_POINT('',(-6.4,-19.14,11.6));
#2475 = VECTOR('',#2476,1.);
#2476 = DIRECTION('',(-0.,1.,-2.2E-16));
#2477 = ORIENTED_EDGE('',*,*,#2478,.F.);
#2478 = EDGE_CURVE('',#2445,#2471,#2479,.T.);
#2479 = LINE('',#2480,#2481);
#2480 = CARTESIAN_POINT('',(-6.4,-18.5,3.));
#2481 = VECTOR('',#2482,1.);
#2482 = DIRECTION('',(0.,0.,1.));
#2483 = PLANE('',#2484);
#2484 = AXIS2_PLACEMENT_3D('',#2485,#2486,#2487);
#2485 = CARTESIAN_POINT('',(-6.4,-18.5,3.));
#2486 = DIRECTION('',(1.,0.,-0.));
#2487 = DIRECTION('',(0.,0.,1.));
#2488 = ADVANCED_FACE('',(#2489),#2531,.F.);
#2489 = FACE_BOUND('',#2490,.F.);
#2490 = EDGE_LOOP('',(#2491,#2499,#2500,#2501,#2509,#2517,#2525));
#2491 = ORIENTED_EDGE('',*,*,#2492,.F.);
#2492 = EDGE_CURVE('',#1608,#2493,#2495,.T.);
#2493 = VERTEX_POINT('',#2494);
#2494 = CARTESIAN_POINT('',(6.4,-18.5,11.38));
#2495 = LINE('',#2496,#2497);
#2496 = CARTESIAN_POINT('',(6.4,-18.5,3.));
#2497 = VECTOR('',#2498,1.);
#2498 = DIRECTION('',(0.,0.,1.));
#2499 = ORIENTED_EDGE('',*,*,#1615,.T.);
#2500 = ORIENTED_EDGE('',*,*,#2414,.F.);
#2501 = ORIENTED_EDGE('',*,*,#2502,.F.);
#2502 = EDGE_CURVE('',#2503,#2415,#2505,.T.);
#2503 = VERTEX_POINT('',#2504);
#2504 = CARTESIAN_POINT('',(6.4,-18.28,15.));
#2505 = LINE('',#2506,#2507);
#2506 = CARTESIAN_POINT('',(6.4,-18.5,15.));
#2507 = VECTOR('',#2508,1.);
#2508 = DIRECTION('',(-0.,1.,-2.2E-16));
#2509 = ORIENTED_EDGE('',*,*,#2510,.T.);
#2510 = EDGE_CURVE('',#2503,#2511,#2513,.T.);
#2511 = VERTEX_POINT('',#2512);
#2512 = CARTESIAN_POINT('',(6.4,-18.28,11.6));
#2513 = LINE('',#2514,#2515);
#2514 = CARTESIAN_POINT('',(6.4,-18.28,10.688215049432));
#2515 = VECTOR('',#2516,1.);
#2516 = DIRECTION('',(-0.,0.,-1.));
#2517 = ORIENTED_EDGE('',*,*,#2518,.F.);
#2518 = EDGE_CURVE('',#2519,#2511,#2521,.T.);
#2519 = VERTEX_POINT('',#2520);
#2520 = CARTESIAN_POINT('',(6.4,-18.5,11.6));
#2521 = LINE('',#2522,#2523);
#2522 = CARTESIAN_POINT('',(6.4,-19.14,11.6));
#2523 = VECTOR('',#2524,1.);
#2524 = DIRECTION('',(-0.,1.,-2.2E-16));
#2525 = ORIENTED_EDGE('',*,*,#2526,.F.);
#2526 = EDGE_CURVE('',#2493,#2519,#2527,.T.);
#2527 = LINE('',#2528,#2529);
#2528 = CARTESIAN_POINT('',(6.4,-18.5,3.));
#2529 = VECTOR('',#2530,1.);
#2530 = DIRECTION('',(0.,0.,1.));
#2531 = PLANE('',#2532);
#2532 = AXIS2_PLACEMENT_3D('',#2533,#2534,#2535);
#2533 = CARTESIAN_POINT('',(6.4,-18.5,3.));
#2534 = DIRECTION('',(1.,0.,-0.));
#2535 = DIRECTION('',(0.,0.,1.));
#2536 = ADVANCED_FACE('',(#2537),#2548,.T.);
#2537 = FACE_BOUND('',#2538,.T.);
#2538 = EDGE_LOOP('',(#2539,#2540,#2541,#2547));
#2539 = ORIENTED_EDGE('',*,*,#1607,.F.);
#2540 = ORIENTED_EDGE('',*,*,#2444,.T.);
#2541 = ORIENTED_EDGE('',*,*,#2542,.F.);
#2542 = EDGE_CURVE('',#2493,#2445,#2543,.T.);
#2543 = LINE('',#2544,#2545);
#2544 = CARTESIAN_POINT('',(8.32406150866,-18.5,11.38));
#2545 = VECTOR('',#2546,1.);
#2546 = DIRECTION('',(-1.,0.,0.));
#2547 = ORIENTED_EDGE('',*,*,#2492,.F.);
#2548 = PLANE('',#2549);
#2549 = AXIS2_PLACEMENT_3D('',#2550,#2551,#2552);
#2550 = CARTESIAN_POINT('',(-6.4,-18.5,3.));
#2551 = DIRECTION('',(-0.,1.,0.));
#2552 = DIRECTION('',(0.,0.,1.));
#2553 = ADVANCED_FACE('',(#2554),#2565,.F.);
#2554 = FACE_BOUND('',#2555,.F.);
#2555 = EDGE_LOOP('',(#2556,#2557,#2563,#2564));
#2556 = ORIENTED_EDGE('',*,*,#1639,.F.);
#2557 = ORIENTED_EDGE('',*,*,#2558,.F.);
#2558 = EDGE_CURVE('',#1922,#1640,#2559,.T.);
#2559 = LINE('',#2560,#2561);
#2560 = CARTESIAN_POINT('',(22.2,-35.,-0.5));
#2561 = VECTOR('',#2562,1.);
#2562 = DIRECTION('',(0.,0.,1.));
#2563 = ORIENTED_EDGE('',*,*,#1921,.T.);
#2564 = ORIENTED_EDGE('',*,*,#2558,.T.);
#2565 = CYLINDRICAL_SURFACE('',#2566,2.2);
#2566 = AXIS2_PLACEMENT_3D('',#2567,#2568,#2569);
#2567 = CARTESIAN_POINT('',(20.,-35.,-0.5));
#2568 = DIRECTION('',(0.,0.,1.));
#2569 = DIRECTION('',(1.,0.,-0.));
#2570 = ADVANCED_FACE('',(#2571),#2596,.F.);
#2571 = FACE_BOUND('',#2572,.F.);
#2572 = EDGE_LOOP('',(#2573,#2574,#2582,#2590));
#2573 = ORIENTED_EDGE('',*,*,#1650,.F.);
#2574 = ORIENTED_EDGE('',*,*,#2575,.T.);
#2575 = EDGE_CURVE('',#1651,#2576,#2578,.T.);
#2576 = VERTEX_POINT('',#2577);
#2577 = CARTESIAN_POINT('',(14.,-31.,28.));
#2578 = LINE('',#2579,#2580);
#2579 = CARTESIAN_POINT('',(14.,-31.,3.));
#2580 = VECTOR('',#2581,1.);
#2581 = DIRECTION('',(0.,0.,1.));
#2582 = ORIENTED_EDGE('',*,*,#2583,.T.);
#2583 = EDGE_CURVE('',#2576,#2584,#2586,.T.);
#2584 = VERTEX_POINT('',#2585);
#2585 = CARTESIAN_POINT('',(22.,-31.,28.));
#2586 = LINE('',#2587,#2588);
#2587 = CARTESIAN_POINT('',(14.,-31.,28.));
#2588 = VECTOR('',#2589,1.);
#2589 = DIRECTION('',(1.,0.,-0.));
#2590 = ORIENTED_EDGE('',*,*,#2591,.F.);
#2591 = EDGE_CURVE('',#1653,#2584,#2592,.T.);
#2592 = LINE('',#2593,#2594);
#2593 = CARTESIAN_POINT('',(22.,-31.,3.));
#2594 = VECTOR('',#2595,1.);
#2595 = DIRECTION('',(0.,0.,1.));
#2596 = PLANE('',#2597);
#2597 = AXIS2_PLACEMENT_3D('',#2598,#2599,#2600);
#2598 = CARTESIAN_POINT('',(14.,-31.,3.));
#2599 = DIRECTION('',(-0.,1.,0.));
#2600 = DIRECTION('',(0.,0.,1.));
#2601 = ADVANCED_FACE('',(#2602),#2620,.F.);
#2602 = FACE_BOUND('',#2603,.F.);
#2603 = EDGE_LOOP('',(#2604,#2605,#2606,#2614));
#2604 = ORIENTED_EDGE('',*,*,#2575,.F.);
#2605 = ORIENTED_EDGE('',*,*,#1660,.T.);
#2606 = ORIENTED_EDGE('',*,*,#2607,.T.);
#2607 = EDGE_CURVE('',#1661,#2608,#2610,.T.);
#2608 = VERTEX_POINT('',#2609);
#2609 = CARTESIAN_POINT('',(14.,-21.,28.));
#2610 = LINE('',#2611,#2612);
#2611 = CARTESIAN_POINT('',(14.,-21.,3.));
#2612 = VECTOR('',#2613,1.);
#2613 = DIRECTION('',(0.,0.,1.));
#2614 = ORIENTED_EDGE('',*,*,#2615,.F.);
#2615 = EDGE_CURVE('',#2576,#2608,#2616,.T.);
#2616 = LINE('',#2617,#2618);
#2617 = CARTESIAN_POINT('',(14.,-31.,28.));
#2618 = VECTOR('',#2619,1.);
#2619 = DIRECTION('',(-0.,1.,0.));
#2620 = PLANE('',#2621);
#2621 = AXIS2_PLACEMENT_3D('',#2622,#2623,#2624);
#2622 = CARTESIAN_POINT('',(14.,-31.,3.));
#2623 = DIRECTION('',(1.,0.,-0.));
#2624 = DIRECTION('',(0.,0.,1.));
#2625 = ADVANCED_FACE('',(#2626),#2644,.T.);
#2626 = FACE_BOUND('',#2627,.T.);
#2627 = EDGE_LOOP('',(#2628,#2629,#2630,#2638));
#2628 = ORIENTED_EDGE('',*,*,#2591,.F.);
#2629 = ORIENTED_EDGE('',*,*,#1676,.T.);
#2630 = ORIENTED_EDGE('',*,*,#2631,.T.);
#2631 = EDGE_CURVE('',#1669,#2632,#2634,.T.);
#2632 = VERTEX_POINT('',#2633);
#2633 = CARTESIAN_POINT('',(22.,-21.,28.));
#2634 = LINE('',#2635,#2636);
#2635 = CARTESIAN_POINT('',(22.,-21.,3.));
#2636 = VECTOR('',#2637,1.);
#2637 = DIRECTION('',(0.,0.,1.));
#2638 = ORIENTED_EDGE('',*,*,#2639,.F.);
#2639 = EDGE_CURVE('',#2584,#2632,#2640,.T.);
#2640 = LINE('',#2641,#2642);
#2641 = CARTESIAN_POINT('',(22.,-31.,28.));
#2642 = VECTOR('',#2643,1.);
#2643 = DIRECTION('',(-0.,1.,0.));
#2644 = PLANE('',#2645);
#2645 = AXIS2_PLACEMENT_3D('',#2646,#2647,#2648);
#2646 = CARTESIAN_POINT('',(22.,-31.,3.));
#2647 = DIRECTION('',(1.,0.,-0.));
#2648 = DIRECTION('',(0.,0.,1.));
#2649 = ADVANCED_FACE('',(#2650),#2661,.T.);
#2650 = FACE_BOUND('',#2651,.T.);
#2651 = EDGE_LOOP('',(#2652,#2653,#2654,#2660));
#2652 = ORIENTED_EDGE('',*,*,#1668,.F.);
#2653 = ORIENTED_EDGE('',*,*,#2607,.T.);
#2654 = ORIENTED_EDGE('',*,*,#2655,.T.);
#2655 = EDGE_CURVE('',#2608,#2632,#2656,.T.);
#2656 = LINE('',#2657,#2658);
#2657 = CARTESIAN_POINT('',(14.,-21.,28.));
#2658 = VECTOR('',#2659,1.);
#2659 = DIRECTION('',(1.,0.,-0.));
#2660 = ORIENTED_EDGE('',*,*,#2631,.F.);
#2661 = PLANE('',#2662);
#2662 = AXIS2_PLACEMENT_3D('',#2663,#2664,#2665);
#2663 = CARTESIAN_POINT('',(14.,-21.,3.));
#2664 = DIRECTION('',(-0.,1.,0.));
#2665 = DIRECTION('',(0.,0.,1.));
#2666 = ADVANCED_FACE('',(#2667),#2683,.T.);
#2667 = FACE_BOUND('',#2668,.T.);
#2668 = EDGE_LOOP('',(#2669,#2675,#2676,#2682));
#2669 = ORIENTED_EDGE('',*,*,#2670,.F.);
#2670 = EDGE_CURVE('',#1962,#1685,#2671,.T.);
#2671 = LINE('',#2672,#2673);
#2672 = CARTESIAN_POINT('',(13.,-16.,-1.));
#2673 = VECTOR('',#2674,1.);
#2674 = DIRECTION('',(0.,0.,1.));
#2675 = ORIENTED_EDGE('',*,*,#1961,.F.);
#2676 = ORIENTED_EDGE('',*,*,#2677,.T.);
#2677 = EDGE_CURVE('',#1954,#1687,#2678,.T.);
#2678 = LINE('',#2679,#2680);
#2679 = CARTESIAN_POINT('',(-13.,-16.,-1.));
#2680 = VECTOR('',#2681,1.);
#2681 = DIRECTION('',(0.,0.,1.));
#2682 = ORIENTED_EDGE('',*,*,#1684,.F.);
#2683 = PLANE('',#2684);
#2684 = AXIS2_PLACEMENT_3D('',#2685,#2686,#2687);
#2685 = CARTESIAN_POINT('',(-13.,-16.,-1.));
#2686 = DIRECTION('',(-0.,1.,0.));
#2687 = DIRECTION('',(0.,0.,1.));
#2688 = ADVANCED_FACE('',(#2689),#2700,.F.);
#2689 = FACE_BOUND('',#2690,.F.);
#2690 = EDGE_LOOP('',(#2691,#2692,#2693,#2699));
#2691 = ORIENTED_EDGE('',*,*,#2670,.F.);
#2692 = ORIENTED_EDGE('',*,*,#1969,.F.);
#2693 = ORIENTED_EDGE('',*,*,#2694,.T.);
#2694 = EDGE_CURVE('',#1946,#1703,#2695,.T.);
#2695 = LINE('',#2696,#2697);
#2696 = CARTESIAN_POINT('',(13.,12.,-1.));
#2697 = VECTOR('',#2698,1.);
#2698 = DIRECTION('',(0.,0.,1.));
#2699 = ORIENTED_EDGE('',*,*,#1710,.F.);
#2700 = PLANE('',#2701);
#2701 = AXIS2_PLACEMENT_3D('',#2702,#2703,#2704);
#2702 = CARTESIAN_POINT('',(13.,-16.,-1.));
#2703 = DIRECTION('',(1.,0.,-0.));
#2704 = DIRECTION('',(0.,0.,1.));
#2705 = ADVANCED_FACE('',(#2706),#2717,.T.);
#2706 = FACE_BOUND('',#2707,.T.);
#2707 = EDGE_LOOP('',(#2708,#2709,#2710,#2716));
#2708 = ORIENTED_EDGE('',*,*,#2677,.F.);
#2709 = ORIENTED_EDGE('',*,*,#1953,.F.);
#2710 = ORIENTED_EDGE('',*,*,#2711,.T.);
#2711 = EDGE_CURVE('',#1944,#1695,#2712,.T.);
#2712 = LINE('',#2713,#2714);
#2713 = CARTESIAN_POINT('',(-13.,12.,-1.));
#2714 = VECTOR('',#2715,1.);
#2715 = DIRECTION('',(0.,0.,1.));
#2716 = ORIENTED_EDGE('',*,*,#1694,.F.);
#2717 = PLANE('',#2718);
#2718 = AXIS2_PLACEMENT_3D('',#2719,#2720,#2721);
#2719 = CARTESIAN_POINT('',(-13.,-16.,-1.));
#2720 = DIRECTION('',(1.,0.,-0.));
#2721 = DIRECTION('',(0.,0.,1.));
#2722 = ADVANCED_FACE('',(#2723),#2729,.F.);
#2723 = FACE_BOUND('',#2724,.F.);
#2724 = EDGE_LOOP('',(#2725,#2726,#2727,#2728));
#2725 = ORIENTED_EDGE('',*,*,#2694,.F.);
#2726 = ORIENTED_EDGE('',*,*,#1943,.F.);
#2727 = ORIENTED_EDGE('',*,*,#2711,.T.);
#2728 = ORIENTED_EDGE('',*,*,#1702,.F.);
#2729 = PLANE('',#2730);
#2730 = AXIS2_PLACEMENT_3D('',#2731,#2732,#2733);
#2731 = CARTESIAN_POINT('',(-13.,12.,-1.));
#2732 = DIRECTION('',(-0.,1.,0.));
#2733 = DIRECTION('',(0.,0.,1.));
#2734 = ADVANCED_FACE('',(#2735),#2746,.F.);
#2735 = FACE_BOUND('',#2736,.F.);
#2736 = EDGE_LOOP('',(#2737,#2738,#2744,#2745));
#2737 = ORIENTED_EDGE('',*,*,#1718,.F.);
#2738 = ORIENTED_EDGE('',*,*,#2739,.F.);
#2739 = EDGE_CURVE('',#1989,#1719,#2740,.T.);
#2740 = LINE('',#2741,#2742);
#2741 = CARTESIAN_POINT('',(-17.8,47.,-0.5));
#2742 = VECTOR('',#2743,1.);
#2743 = DIRECTION('',(0.,0.,1.));
#2744 = ORIENTED_EDGE('',*,*,#1988,.T.);
#2745 = ORIENTED_EDGE('',*,*,#2739,.T.);
#2746 = CYLINDRICAL_SURFACE('',#2747,2.2);
#2747 = AXIS2_PLACEMENT_3D('',#2748,#2749,#2750);
#2748 = CARTESIAN_POINT('',(-20.,47.,-0.5));
#2749 = DIRECTION('',(0.,0.,1.));
#2750 = DIRECTION('',(1.,0.,-0.));
#2751 = ADVANCED_FACE('',(#2752),#2812,.F.);
#2752 = FACE_BOUND('',#2753,.F.);
#2753 = EDGE_LOOP('',(#2754,#2762,#2763,#2771,#2779,#2788,#2797,#2806));
#2754 = ORIENTED_EDGE('',*,*,#2755,.F.);
#2755 = EDGE_CURVE('',#1732,#2756,#2758,.T.);
#2756 = VERTEX_POINT('',#2757);
#2757 = CARTESIAN_POINT('',(14.,14.,18.));
#2758 = LINE('',#2759,#2760);
#2759 = CARTESIAN_POINT('',(14.,14.,3.));
#2760 = VECTOR('',#2761,1.);
#2761 = DIRECTION('',(0.,0.,1.));
#2762 = ORIENTED_EDGE('',*,*,#1729,.F.);
#2763 = ORIENTED_EDGE('',*,*,#2764,.T.);
#2764 = EDGE_CURVE('',#1730,#2765,#2767,.T.);
#2765 = VERTEX_POINT('',#2766);
#2766 = CARTESIAN_POINT('',(-14.,14.,18.));
#2767 = LINE('',#2768,#2769);
#2768 = CARTESIAN_POINT('',(-14.,14.,3.));
#2769 = VECTOR('',#2770,1.);
#2770 = DIRECTION('',(0.,0.,1.));
#2771 = ORIENTED_EDGE('',*,*,#2772,.T.);
#2772 = EDGE_CURVE('',#2765,#2773,#2775,.T.);
#2773 = VERTEX_POINT('',#2774);
#2774 = CARTESIAN_POINT('',(-7.17,14.,18.));
#2775 = LINE('',#2776,#2777);
#2776 = CARTESIAN_POINT('',(-14.,14.,18.));
#2777 = VECTOR('',#2778,1.);
#2778 = DIRECTION('',(1.,0.,-0.));
#2779 = ORIENTED_EDGE('',*,*,#2780,.F.);
#2780 = EDGE_CURVE('',#2781,#2773,#2783,.T.);
#2781 = VERTEX_POINT('',#2782);
#2782 = CARTESIAN_POINT('',(-5.023160897019,14.,12.976839102981));
#2783 = CIRCLE('',#2784,6.95);
#2784 = AXIS2_PLACEMENT_3D('',#2785,#2786,#2787);
#2785 = CARTESIAN_POINT('',(-0.22,14.,18.));
#2786 = DIRECTION('',(0.,1.,-2.22044604925E-16));
#2787 = DIRECTION('',(1.,0.,0.));
#2788 = ORIENTED_EDGE('',*,*,#2789,.F.);
#2789 = EDGE_CURVE('',#2790,#2781,#2792,.T.);
#2790 = VERTEX_POINT('',#2791);
#2791 = CARTESIAN_POINT('',(5.023160897019,14.,12.976839102981));
#2792 = CIRCLE('',#2793,6.95);
#2793 = AXIS2_PLACEMENT_3D('',#2794,#2795,#2796);
#2794 = CARTESIAN_POINT('',(0.,14.,17.78));
#2795 = DIRECTION('',(0.,1.,-2.22044604925E-16));
#2796 = DIRECTION('',(1.,0.,0.));
#2797 = ORIENTED_EDGE('',*,*,#2798,.F.);
#2798 = EDGE_CURVE('',#2799,#2790,#2801,.T.);
#2799 = VERTEX_POINT('',#2800);
#2800 = CARTESIAN_POINT('',(7.17,14.,18.));
#2801 = CIRCLE('',#2802,6.95);
#2802 = AXIS2_PLACEMENT_3D('',#2803,#2804,#2805);
#2803 = CARTESIAN_POINT('',(0.22,14.,18.));
#2804 = DIRECTION('',(0.,1.,-2.22044604925E-16));
#2805 = DIRECTION('',(1.,0.,0.));
#2806 = ORIENTED_EDGE('',*,*,#2807,.T.);
#2807 = EDGE_CURVE('',#2799,#2756,#2808,.T.);
#2808 = LINE('',#2809,#2810);
#2809 = CARTESIAN_POINT('',(-14.,14.,18.));
#2810 = VECTOR('',#2811,1.);
#2811 = DIRECTION('',(1.,0.,-0.));
#2812 = PLANE('',#2813);
#2813 = AXIS2_PLACEMENT_3D('',#2814,#2815,#2816);
#2814 = CARTESIAN_POINT('',(-14.,14.,3.));
#2815 = DIRECTION('',(-0.,1.,0.));
#2816 = DIRECTION('',(0.,0.,1.));
#2817 = ADVANCED_FACE('',(#2818),#2836,.F.);
#2818 = FACE_BOUND('',#2819,.F.);
#2819 = EDGE_LOOP('',(#2820,#2821,#2822,#2830));
#2820 = ORIENTED_EDGE('',*,*,#2764,.F.);
#2821 = ORIENTED_EDGE('',*,*,#1739,.T.);
#2822 = ORIENTED_EDGE('',*,*,#2823,.T.);
#2823 = EDGE_CURVE('',#1740,#2824,#2826,.T.);
#2824 = VERTEX_POINT('',#2825);
#2825 = CARTESIAN_POINT('',(-14.,23.,18.));
#2826 = LINE('',#2827,#2828);
#2827 = CARTESIAN_POINT('',(-14.,23.,3.));
#2828 = VECTOR('',#2829,1.);
#2829 = DIRECTION('',(0.,0.,1.));
#2830 = ORIENTED_EDGE('',*,*,#2831,.F.);
#2831 = EDGE_CURVE('',#2765,#2824,#2832,.T.);
#2832 = LINE('',#2833,#2834);
#2833 = CARTESIAN_POINT('',(-14.,14.,18.));
#2834 = VECTOR('',#2835,1.);
#2835 = DIRECTION('',(-0.,1.,0.));
#2836 = PLANE('',#2837);
#2837 = AXIS2_PLACEMENT_3D('',#2838,#2839,#2840);
#2838 = CARTESIAN_POINT('',(-14.,14.,3.));
#2839 = DIRECTION('',(1.,0.,-0.));
#2840 = DIRECTION('',(0.,0.,1.));
#2841 = ADVANCED_FACE('',(#2842),#2860,.T.);
#2842 = FACE_BOUND('',#2843,.T.);
#2843 = EDGE_LOOP('',(#2844,#2845,#2846,#2854));
#2844 = ORIENTED_EDGE('',*,*,#2755,.F.);
#2845 = ORIENTED_EDGE('',*,*,#1819,.T.);
#2846 = ORIENTED_EDGE('',*,*,#2847,.T.);
#2847 = EDGE_CURVE('',#1812,#2848,#2850,.T.);
#2848 = VERTEX_POINT('',#2849);
#2849 = CARTESIAN_POINT('',(14.,23.,18.));
#2850 = LINE('',#2851,#2852);
#2851 = CARTESIAN_POINT('',(14.,23.,3.));
#2852 = VECTOR('',#2853,1.);
#2853 = DIRECTION('',(0.,0.,1.));
#2854 = ORIENTED_EDGE('',*,*,#2855,.F.);
#2855 = EDGE_CURVE('',#2756,#2848,#2856,.T.);
#2856 = LINE('',#2857,#2858);
#2857 = CARTESIAN_POINT('',(14.,14.,18.));
#2858 = VECTOR('',#2859,1.);
#2859 = DIRECTION('',(-0.,1.,0.));
#2860 = PLANE('',#2861);
#2861 = AXIS2_PLACEMENT_3D('',#2862,#2863,#2864);
#2862 = CARTESIAN_POINT('',(14.,14.,3.));
#2863 = DIRECTION('',(1.,0.,-0.));
#2864 = DIRECTION('',(0.,0.,1.));
#2865 = ADVANCED_FACE('',(#2866),#2892,.F.);
#2866 = FACE_BOUND('',#2867,.F.);
#2867 = EDGE_LOOP('',(#2868,#2869,#2877,#2885,#2891));
#2868 = ORIENTED_EDGE('',*,*,#1747,.F.);
#2869 = ORIENTED_EDGE('',*,*,#2870,.T.);
#2870 = EDGE_CURVE('',#1748,#2871,#2873,.T.);
#2871 = VERTEX_POINT('',#2872);
#2872 = CARTESIAN_POINT('',(-22.,23.,26.));
#2873 = LINE('',#2874,#2875);
#2874 = CARTESIAN_POINT('',(-22.,23.,3.));
#2875 = VECTOR('',#2876,1.);
#2876 = DIRECTION('',(0.,0.,1.));
#2877 = ORIENTED_EDGE('',*,*,#2878,.T.);
#2878 = EDGE_CURVE('',#2871,#2879,#2881,.T.);
#2879 = VERTEX_POINT('',#2880);
#2880 = CARTESIAN_POINT('',(-14.,23.,26.));
#2881 = LINE('',#2882,#2883);
#2882 = CARTESIAN_POINT('',(-22.,23.,26.));
#2883 = VECTOR('',#2884,1.);
#2884 = DIRECTION('',(1.,0.,-0.));
#2885 = ORIENTED_EDGE('',*,*,#2886,.F.);
#2886 = EDGE_CURVE('',#2824,#2879,#2887,.T.);
#2887 = LINE('',#2888,#2889);
#2888 = CARTESIAN_POINT('',(-14.,23.,3.));
#2889 = VECTOR('',#2890,1.);
#2890 = DIRECTION('',(0.,0.,1.));
#2891 = ORIENTED_EDGE('',*,*,#2823,.F.);
#2892 = PLANE('',#2893);
#2893 = AXIS2_PLACEMENT_3D('',#2894,#2895,#2896);
#2894 = CARTESIAN_POINT('',(-22.,23.,3.));
#2895 = DIRECTION('',(-0.,1.,0.));
#2896 = DIRECTION('',(0.,0.,1.));
#2897 = ADVANCED_FACE('',(#2898),#2924,.F.);
#2898 = FACE_BOUND('',#2899,.F.);
#2899 = EDGE_LOOP('',(#2900,#2901,#2902,#2910,#2918));
#2900 = ORIENTED_EDGE('',*,*,#1811,.F.);
#2901 = ORIENTED_EDGE('',*,*,#2847,.T.);
#2902 = ORIENTED_EDGE('',*,*,#2903,.T.);
#2903 = EDGE_CURVE('',#2848,#2904,#2906,.T.);
#2904 = VERTEX_POINT('',#2905);
#2905 = CARTESIAN_POINT('',(14.,23.,26.));
#2906 = LINE('',#2907,#2908);
#2907 = CARTESIAN_POINT('',(14.,23.,3.));
#2908 = VECTOR('',#2909,1.);
#2909 = DIRECTION('',(0.,0.,1.));
#2910 = ORIENTED_EDGE('',*,*,#2911,.T.);
#2911 = EDGE_CURVE('',#2904,#2912,#2914,.T.);
#2912 = VERTEX_POINT('',#2913);
#2913 = CARTESIAN_POINT('',(22.,23.,26.));
#2914 = LINE('',#2915,#2916);
#2915 = CARTESIAN_POINT('',(14.,23.,26.));
#2916 = VECTOR('',#2917,1.);
#2917 = DIRECTION('',(1.,0.,-0.));
#2918 = ORIENTED_EDGE('',*,*,#2919,.F.);
#2919 = EDGE_CURVE('',#1804,#2912,#2920,.T.);
#2920 = LINE('',#2921,#2922);
#2921 = CARTESIAN_POINT('',(22.,23.,3.));
#2922 = VECTOR('',#2923,1.);
#2923 = DIRECTION('',(0.,0.,1.));
#2924 = PLANE('',#2925);
#2925 = AXIS2_PLACEMENT_3D('',#2926,#2927,#2928);
#2926 = CARTESIAN_POINT('',(14.,23.,3.));
#2927 = DIRECTION('',(-0.,1.,0.));
#2928 = DIRECTION('',(0.,0.,1.));
#2929 = ADVANCED_FACE('',(#2930),#2948,.F.);
#2930 = FACE_BOUND('',#2931,.F.);
#2931 = EDGE_LOOP('',(#2932,#2933,#2934,#2942));
#2932 = ORIENTED_EDGE('',*,*,#2870,.F.);
#2933 = ORIENTED_EDGE('',*,*,#1755,.T.);
#2934 = ORIENTED_EDGE('',*,*,#2935,.T.);
#2935 = EDGE_CURVE('',#1756,#2936,#2938,.T.);
#2936 = VERTEX_POINT('',#2937);
#2937 = CARTESIAN_POINT('',(-22.,33.,26.));
#2938 = LINE('',#2939,#2940);
#2939 = CARTESIAN_POINT('',(-22.,33.,3.));
#2940 = VECTOR('',#2941,1.);
#2941 = DIRECTION('',(0.,0.,1.));
#2942 = ORIENTED_EDGE('',*,*,#2943,.F.);
#2943 = EDGE_CURVE('',#2871,#2936,#2944,.T.);
#2944 = LINE('',#2945,#2946);
#2945 = CARTESIAN_POINT('',(-22.,23.,26.));
#2946 = VECTOR('',#2947,1.);
#2947 = DIRECTION('',(-0.,1.,0.));
#2948 = PLANE('',#2949);
#2949 = AXIS2_PLACEMENT_3D('',#2950,#2951,#2952);
#2950 = CARTESIAN_POINT('',(-22.,23.,3.));
#2951 = DIRECTION('',(1.,0.,-0.));
#2952 = DIRECTION('',(0.,0.,1.));
#2953 = ADVANCED_FACE('',(#2954),#2972,.T.);
#2954 = FACE_BOUND('',#2955,.T.);
#2955 = EDGE_LOOP('',(#2956,#2957,#2958,#2966));
#2956 = ORIENTED_EDGE('',*,*,#2919,.F.);
#2957 = ORIENTED_EDGE('',*,*,#1803,.T.);
#2958 = ORIENTED_EDGE('',*,*,#2959,.T.);
#2959 = EDGE_CURVE('',#1796,#2960,#2962,.T.);
#2960 = VERTEX_POINT('',#2961);
#2961 = CARTESIAN_POINT('',(22.,33.,26.));
#2962 = LINE('',#2963,#2964);
#2963 = CARTESIAN_POINT('',(22.,33.,3.));
#2964 = VECTOR('',#2965,1.);
#2965 = DIRECTION('',(0.,0.,1.));
#2966 = ORIENTED_EDGE('',*,*,#2967,.F.);
#2967 = EDGE_CURVE('',#2912,#2960,#2968,.T.);
#2968 = LINE('',#2969,#2970);
#2969 = CARTESIAN_POINT('',(22.,23.,26.));
#2970 = VECTOR('',#2971,1.);
#2971 = DIRECTION('',(-0.,1.,0.));
#2972 = PLANE('',#2973);
#2973 = AXIS2_PLACEMENT_3D('',#2974,#2975,#2976);
#2974 = CARTESIAN_POINT('',(22.,23.,3.));
#2975 = DIRECTION('',(1.,0.,-0.));
#2976 = DIRECTION('',(0.,0.,1.));
#2977 = ADVANCED_FACE('',(#2978),#3004,.T.);
#2978 = FACE_BOUND('',#2979,.T.);
#2979 = EDGE_LOOP('',(#2980,#2981,#2982,#2990,#2998));
#2980 = ORIENTED_EDGE('',*,*,#1763,.F.);
#2981 = ORIENTED_EDGE('',*,*,#2935,.T.);
#2982 = ORIENTED_EDGE('',*,*,#2983,.T.);
#2983 = EDGE_CURVE('',#2936,#2984,#2986,.T.);
#2984 = VERTEX_POINT('',#2985);
#2985 = CARTESIAN_POINT('',(-14.,33.,26.));
#2986 = LINE('',#2987,#2988);
#2987 = CARTESIAN_POINT('',(-22.,33.,26.));
#2988 = VECTOR('',#2989,1.);
#2989 = DIRECTION('',(1.,0.,-0.));
#2990 = ORIENTED_EDGE('',*,*,#2991,.F.);
#2991 = EDGE_CURVE('',#2992,#2984,#2994,.T.);
#2992 = VERTEX_POINT('',#2993);
#2993 = CARTESIAN_POINT('',(-14.,33.,18.));
#2994 = LINE('',#2995,#2996);
#2995 = CARTESIAN_POINT('',(-14.,33.,3.));
#2996 = VECTOR('',#2997,1.);
#2997 = DIRECTION('',(0.,0.,1.));
#2998 = ORIENTED_EDGE('',*,*,#2999,.F.);
#2999 = EDGE_CURVE('',#1764,#2992,#3000,.T.);
#3000 = LINE('',#3001,#3002);
#3001 = CARTESIAN_POINT('',(-14.,33.,3.));
#3002 = VECTOR('',#3003,1.);
#3003 = DIRECTION('',(0.,0.,1.));
#3004 = PLANE('',#3005);
#3005 = AXIS2_PLACEMENT_3D('',#3006,#3007,#3008);
#3006 = CARTESIAN_POINT('',(-22.,33.,3.));
#3007 = DIRECTION('',(-0.,1.,0.));
#3008 = DIRECTION('',(0.,0.,1.));
#3009 = ADVANCED_FACE('',(#3010),#3036,.T.);
#3010 = FACE_BOUND('',#3011,.T.);
#3011 = EDGE_LOOP('',(#3012,#3013,#3021,#3029,#3035));
#3012 = ORIENTED_EDGE('',*,*,#1795,.F.);
#3013 = ORIENTED_EDGE('',*,*,#3014,.T.);
#3014 = EDGE_CURVE('',#1788,#3015,#3017,.T.);
#3015 = VERTEX_POINT('',#3016);
#3016 = CARTESIAN_POINT('',(14.,33.,18.));
#3017 = LINE('',#3018,#3019);
#3018 = CARTESIAN_POINT('',(14.,33.,3.));
#3019 = VECTOR('',#3020,1.);
#3020 = DIRECTION('',(0.,0.,1.));
#3021 = ORIENTED_EDGE('',*,*,#3022,.T.);
#3022 = EDGE_CURVE('',#3015,#3023,#3025,.T.);
#3023 = VERTEX_POINT('',#3024);
#3024 = CARTESIAN_POINT('',(14.,33.,26.));
#3025 = LINE('',#3026,#3027);
#3026 = CARTESIAN_POINT('',(14.,33.,3.));
#3027 = VECTOR('',#3028,1.);
#3028 = DIRECTION('',(0.,0.,1.));
#3029 = ORIENTED_EDGE('',*,*,#3030,.T.);
#3030 = EDGE_CURVE('',#3023,#2960,#3031,.T.);
#3031 = LINE('',#3032,#3033);
#3032 = CARTESIAN_POINT('',(14.,33.,26.));
#3033 = VECTOR('',#3034,1.);
#3034 = DIRECTION('',(1.,0.,-0.));
#3035 = ORIENTED_EDGE('',*,*,#2959,.F.);
#3036 = PLANE('',#3037);
#3037 = AXIS2_PLACEMENT_3D('',#3038,#3039,#3040);
#3038 = CARTESIAN_POINT('',(14.,33.,3.));
#3039 = DIRECTION('',(-0.,1.,0.));
#3040 = DIRECTION('',(0.,0.,1.));
#3041 = ADVANCED_FACE('',(#3042),#3060,.F.);
#3042 = FACE_BOUND('',#3043,.F.);
#3043 = EDGE_LOOP('',(#3044,#3045,#3046,#3054));
#3044 = ORIENTED_EDGE('',*,*,#2999,.F.);
#3045 = ORIENTED_EDGE('',*,*,#1771,.T.);
#3046 = ORIENTED_EDGE('',*,*,#3047,.T.);
#3047 = EDGE_CURVE('',#1772,#3048,#3050,.T.);
#3048 = VERTEX_POINT('',#3049);
#3049 = CARTESIAN_POINT('',(-14.,47.,18.));
#3050 = LINE('',#3051,#3052);
#3051 = CARTESIAN_POINT('',(-14.,47.,3.));
#3052 = VECTOR('',#3053,1.);
#3053 = DIRECTION('',(0.,0.,1.));
#3054 = ORIENTED_EDGE('',*,*,#3055,.F.);
#3055 = EDGE_CURVE('',#2992,#3048,#3056,.T.);
#3056 = LINE('',#3057,#3058);
#3057 = CARTESIAN_POINT('',(-14.,14.,18.));
#3058 = VECTOR('',#3059,1.);
#3059 = DIRECTION('',(-0.,1.,0.));
#3060 = PLANE('',#3061);
#3061 = AXIS2_PLACEMENT_3D('',#3062,#3063,#3064);
#3062 = CARTESIAN_POINT('',(-14.,14.,3.));
#3063 = DIRECTION('',(1.,0.,-0.));
#3064 = DIRECTION('',(0.,0.,1.));
#3065 = ADVANCED_FACE('',(#3066),#3084,.T.);
#3066 = FACE_BOUND('',#3067,.T.);
#3067 = EDGE_LOOP('',(#3068,#3069,#3070,#3078));
#3068 = ORIENTED_EDGE('',*,*,#3014,.F.);
#3069 = ORIENTED_EDGE('',*,*,#1787,.T.);
#3070 = ORIENTED_EDGE('',*,*,#3071,.T.);
#3071 = EDGE_CURVE('',#1780,#3072,#3074,.T.);
#3072 = VERTEX_POINT('',#3073);
#3073 = CARTESIAN_POINT('',(14.,47.,18.));
#3074 = LINE('',#3075,#3076);
#3075 = CARTESIAN_POINT('',(14.,47.,3.));
#3076 = VECTOR('',#3077,1.);
#3077 = DIRECTION('',(0.,0.,1.));
#3078 = ORIENTED_EDGE('',*,*,#3079,.F.);
#3079 = EDGE_CURVE('',#3015,#3072,#3080,.T.);
#3080 = LINE('',#3081,#3082);
#3081 = CARTESIAN_POINT('',(14.,14.,18.));
#3082 = VECTOR('',#3083,1.);
#3083 = DIRECTION('',(-0.,1.,0.));
#3084 = PLANE('',#3085);
#3085 = AXIS2_PLACEMENT_3D('',#3086,#3087,#3088);
#3086 = CARTESIAN_POINT('',(14.,14.,3.));
#3087 = DIRECTION('',(1.,0.,-0.));
#3088 = DIRECTION('',(0.,0.,1.));
#3089 = ADVANCED_FACE('',(#3090),#3169,.T.);
#3090 = FACE_BOUND('',#3091,.T.);
#3091 = EDGE_LOOP('',(#3092,#3093,#3094,#3095,#3103,#3112,#3120,#3129,
    #3137,#3146,#3154,#3163));
#3092 = ORIENTED_EDGE('',*,*,#3071,.F.);
#3093 = ORIENTED_EDGE('',*,*,#1779,.F.);
#3094 = ORIENTED_EDGE('',*,*,#3047,.T.);
#3095 = ORIENTED_EDGE('',*,*,#3096,.T.);
#3096 = EDGE_CURVE('',#3048,#3097,#3099,.T.);
#3097 = VERTEX_POINT('',#3098);
#3098 = CARTESIAN_POINT('',(-8.35,47.,18.));
#3099 = LINE('',#3100,#3101);
#3100 = CARTESIAN_POINT('',(-14.,47.,18.));
#3101 = VECTOR('',#3102,1.);
#3102 = DIRECTION('',(1.,0.,-0.));
#3103 = ORIENTED_EDGE('',*,*,#3104,.F.);
#3104 = EDGE_CURVE('',#3105,#3097,#3107,.T.);
#3105 = VERTEX_POINT('',#3106);
#3106 = CARTESIAN_POINT('',(-7.278203230276,47.,14.));
#3107 = CIRCLE('',#3108,8.);
#3108 = AXIS2_PLACEMENT_3D('',#3109,#3110,#3111);
#3109 = CARTESIAN_POINT('',(-0.35,47.,18.));
#3110 = DIRECTION('',(0.,1.,0.));
#3111 = DIRECTION('',(1.224646799147E-16,0.,-1.));
#3112 = ORIENTED_EDGE('',*,*,#3113,.F.);
#3113 = EDGE_CURVE('',#3114,#3105,#3116,.T.);
#3114 = VERTEX_POINT('',#3115);
#3115 = CARTESIAN_POINT('',(-7.11881310332,47.,14.));
#3116 = LINE('',#3117,#3118);
#3117 = CARTESIAN_POINT('',(-2.675,47.,14.));
#3118 = VECTOR('',#3119,1.);
#3119 = DIRECTION('',(-1.,0.,-1.224646799147E-16));
#3120 = ORIENTED_EDGE('',*,*,#3121,.F.);
#3121 = EDGE_CURVE('',#3122,#3114,#3124,.T.);
#3122 = VERTEX_POINT('',#3123);
#3123 = CARTESIAN_POINT('',(-6.928203230276,47.,13.65));
#3124 = CIRCLE('',#3125,8.);
#3125 = AXIS2_PLACEMENT_3D('',#3126,#3127,#3128);
#3126 = CARTESIAN_POINT('',(0.,47.,17.65));
#3127 = DIRECTION('',(0.,1.,0.));
#3128 = DIRECTION('',(1.224646799147E-16,0.,-1.));
#3129 = ORIENTED_EDGE('',*,*,#3130,.F.);
#3130 = EDGE_CURVE('',#3131,#3122,#3133,.T.);
#3131 = VERTEX_POINT('',#3132);
#3132 = CARTESIAN_POINT('',(6.928203230276,47.,13.65));
#3133 = LINE('',#3134,#3135);
#3134 = CARTESIAN_POINT('',(-2.5,47.,13.65));
#3135 = VECTOR('',#3136,1.);
#3136 = DIRECTION('',(-1.,0.,-1.224646799147E-16));
#3137 = ORIENTED_EDGE('',*,*,#3138,.F.);
#3138 = EDGE_CURVE('',#3139,#3131,#3141,.T.);
#3139 = VERTEX_POINT('',#3140);
#3140 = CARTESIAN_POINT('',(7.11881310332,47.,14.));
#3141 = CIRCLE('',#3142,8.);
#3142 = AXIS2_PLACEMENT_3D('',#3143,#3144,#3145);
#3143 = CARTESIAN_POINT('',(0.,47.,17.65));
#3144 = DIRECTION('',(0.,1.,0.));
#3145 = DIRECTION('',(1.224646799147E-16,0.,-1.));
#3146 = ORIENTED_EDGE('',*,*,#3147,.F.);
#3147 = EDGE_CURVE('',#3148,#3139,#3150,.T.);
#3148 = VERTEX_POINT('',#3149);
#3149 = CARTESIAN_POINT('',(7.278203230276,47.,14.));
#3150 = LINE('',#3151,#3152);
#3151 = CARTESIAN_POINT('',(-2.325,47.,14.));
#3152 = VECTOR('',#3153,1.);
#3153 = DIRECTION('',(-1.,0.,-1.224646799147E-16));
#3154 = ORIENTED_EDGE('',*,*,#3155,.F.);
#3155 = EDGE_CURVE('',#3156,#3148,#3158,.T.);
#3156 = VERTEX_POINT('',#3157);
#3157 = CARTESIAN_POINT('',(8.35,47.,18.));
#3158 = CIRCLE('',#3159,8.);
#3159 = AXIS2_PLACEMENT_3D('',#3160,#3161,#3162);
#3160 = CARTESIAN_POINT('',(0.35,47.,18.));
#3161 = DIRECTION('',(0.,1.,0.));
#3162 = DIRECTION('',(1.224646799147E-16,0.,-1.));
#3163 = ORIENTED_EDGE('',*,*,#3164,.T.);
#3164 = EDGE_CURVE('',#3156,#3072,#3165,.T.);
#3165 = LINE('',#3166,#3167);
#3166 = CARTESIAN_POINT('',(-14.,47.,18.));
#3167 = VECTOR('',#3168,1.);
#3168 = DIRECTION('',(1.,0.,-0.));
#3169 = PLANE('',#3170);
#3170 = AXIS2_PLACEMENT_3D('',#3171,#3172,#3173);
#3171 = CARTESIAN_POINT('',(-14.,47.,3.));
#3172 = DIRECTION('',(-0.,1.,0.));
#3173 = DIRECTION('',(0.,0.,1.));
#3174 = ADVANCED_FACE('',(#3175),#3186,.F.);
#3175 = FACE_BOUND('',#3176,.F.);
#3176 = EDGE_LOOP('',(#3177,#3178,#3184,#3185));
#3177 = ORIENTED_EDGE('',*,*,#1827,.F.);
#3178 = ORIENTED_EDGE('',*,*,#3179,.F.);
#3179 = EDGE_CURVE('',#1978,#1828,#3180,.T.);
#3180 = LINE('',#3181,#3182);
#3181 = CARTESIAN_POINT('',(22.2,47.,-0.5));
#3182 = VECTOR('',#3183,1.);
#3183 = DIRECTION('',(0.,0.,1.));
#3184 = ORIENTED_EDGE('',*,*,#1977,.T.);
#3185 = ORIENTED_EDGE('',*,*,#3179,.T.);
#3186 = CYLINDRICAL_SURFACE('',#3187,2.2);
#3187 = AXIS2_PLACEMENT_3D('',#3188,#3189,#3190);
#3188 = CARTESIAN_POINT('',(20.,47.,-0.5));
#3189 = DIRECTION('',(0.,0.,1.));
#3190 = DIRECTION('',(1.,0.,-0.));
#3191 = ADVANCED_FACE('',(#3192,#3198),#3209,.T.);
#3192 = FACE_BOUND('',#3193,.T.);
#3193 = EDGE_LOOP('',(#3194,#3195,#3196,#3197));
#3194 = ORIENTED_EDGE('',*,*,#2160,.F.);
#3195 = ORIENTED_EDGE('',*,*,#2128,.T.);
#3196 = ORIENTED_EDGE('',*,*,#2184,.T.);
#3197 = ORIENTED_EDGE('',*,*,#2200,.F.);
#3198 = FACE_BOUND('',#3199,.T.);
#3199 = EDGE_LOOP('',(#3200));
#3200 = ORIENTED_EDGE('',*,*,#3201,.F.);
#3201 = EDGE_CURVE('',#3202,#3202,#3204,.T.);
#3202 = VERTEX_POINT('',#3203);
#3203 = CARTESIAN_POINT('',(-17.2,-26.,28.));
#3204 = CIRCLE('',#3205,0.8);
#3205 = AXIS2_PLACEMENT_3D('',#3206,#3207,#3208);
#3206 = CARTESIAN_POINT('',(-18.,-26.,28.));
#3207 = DIRECTION('',(0.,0.,1.));
#3208 = DIRECTION('',(1.,0.,-0.));
#3209 = PLANE('',#3210);
#3210 = AXIS2_PLACEMENT_3D('',#3211,#3212,#3213);
#3211 = CARTESIAN_POINT('',(-22.,-31.,28.));
#3212 = DIRECTION('',(0.,0.,1.));
#3213 = DIRECTION('',(1.,0.,-0.));
#3214 = ADVANCED_FACE('',(#3215),#3290,.T.);
#3215 = FACE_BOUND('',#3216,.T.);
#3216 = EDGE_LOOP('',(#3217,#3218,#3226,#3234,#3242,#3250,#3258,#3266,
    #3274,#3282,#3288,#3289));
#3217 = ORIENTED_EDGE('',*,*,#2404,.F.);
#3218 = ORIENTED_EDGE('',*,*,#3219,.T.);
#3219 = EDGE_CURVE('',#2405,#3220,#3222,.T.);
#3220 = VERTEX_POINT('',#3221);
#3221 = CARTESIAN_POINT('',(6.47,-18.28,18.));
#3222 = LINE('',#3223,#3224);
#3223 = CARTESIAN_POINT('',(6.47,-25.75,18.));
#3224 = VECTOR('',#3225,1.);
#3225 = DIRECTION('',(0.,-1.,0.));
#3226 = ORIENTED_EDGE('',*,*,#3227,.F.);
#3227 = EDGE_CURVE('',#3228,#3220,#3230,.T.);
#3228 = VERTEX_POINT('',#3229);
#3229 = CARTESIAN_POINT('',(10.5,-18.28,18.));
#3230 = LINE('',#3231,#3232);
#3231 = CARTESIAN_POINT('',(-6.5,-18.28,18.));
#3232 = VECTOR('',#3233,1.);
#3233 = DIRECTION('',(-1.,0.,0.));
#3234 = ORIENTED_EDGE('',*,*,#3235,.T.);
#3235 = EDGE_CURVE('',#3228,#3236,#3238,.T.);
#3236 = VERTEX_POINT('',#3237);
#3237 = CARTESIAN_POINT('',(10.5,-18.5,18.));
#3238 = LINE('',#3239,#3240);
#3239 = CARTESIAN_POINT('',(10.5,-19.78,18.));
#3240 = VECTOR('',#3241,1.);
#3241 = DIRECTION('',(0.,-1.,2.2E-16));
#3242 = ORIENTED_EDGE('',*,*,#3243,.F.);
#3243 = EDGE_CURVE('',#3244,#3236,#3246,.T.);
#3244 = VERTEX_POINT('',#3245);
#3245 = CARTESIAN_POINT('',(10.72,-18.5,18.));
#3246 = LINE('',#3247,#3248);
#3247 = CARTESIAN_POINT('',(-6.5,-18.5,18.));
#3248 = VECTOR('',#3249,1.);
#3249 = DIRECTION('',(-1.,0.,0.));
#3250 = ORIENTED_EDGE('',*,*,#3251,.T.);
#3251 = EDGE_CURVE('',#3244,#3252,#3254,.T.);
#3252 = VERTEX_POINT('',#3253);
#3253 = CARTESIAN_POINT('',(10.72,-20.,18.));
#3254 = LINE('',#3255,#3256);
#3255 = CARTESIAN_POINT('',(10.72,-20.,18.));
#3256 = VECTOR('',#3257,1.);
#3257 = DIRECTION('',(0.,-1.,2.2E-16));
#3258 = ORIENTED_EDGE('',*,*,#3259,.F.);
#3259 = EDGE_CURVE('',#3260,#3252,#3262,.T.);
#3260 = VERTEX_POINT('',#3261);
#3261 = CARTESIAN_POINT('',(10.5,-20.,18.));
#3262 = LINE('',#3263,#3264);
#3263 = CARTESIAN_POINT('',(-6.5,-20.,18.));
#3264 = VECTOR('',#3265,1.);
#3265 = DIRECTION('',(1.,0.,0.));
#3266 = ORIENTED_EDGE('',*,*,#3267,.T.);
#3267 = EDGE_CURVE('',#3260,#3268,#3270,.T.);
#3268 = VERTEX_POINT('',#3269);
#3269 = CARTESIAN_POINT('',(10.5,-20.22,18.));
#3270 = LINE('',#3271,#3272);
#3271 = CARTESIAN_POINT('',(10.5,-20.22,18.));
#3272 = VECTOR('',#3273,1.);
#3273 = DIRECTION('',(0.,-1.,2.2E-16));
#3274 = ORIENTED_EDGE('',*,*,#3275,.T.);
#3275 = EDGE_CURVE('',#3268,#3276,#3278,.T.);
#3276 = VERTEX_POINT('',#3277);
#3277 = CARTESIAN_POINT('',(9.97,-20.22,18.));
#3278 = LINE('',#3279,#3280);
#3279 = CARTESIAN_POINT('',(-6.5,-20.22,18.));
#3280 = VECTOR('',#3281,1.);
#3281 = DIRECTION('',(-1.,0.,0.));
#3282 = ORIENTED_EDGE('',*,*,#3283,.F.);
#3283 = EDGE_CURVE('',#2294,#3276,#3284,.T.);
#3284 = LINE('',#3285,#3286);
#3285 = CARTESIAN_POINT('',(9.97,-20.,18.));
#3286 = VECTOR('',#3287,1.);
#3287 = DIRECTION('',(0.,1.,-2.2E-16));
#3288 = ORIENTED_EDGE('',*,*,#2302,.T.);
#3289 = ORIENTED_EDGE('',*,*,#2350,.T.);
#3290 = PLANE('',#3291);
#3291 = AXIS2_PLACEMENT_3D('',#3292,#3293,#3294);
#3292 = CARTESIAN_POINT('',(-13.,-33.,18.));
#3293 = DIRECTION('',(0.,0.,1.));
#3294 = DIRECTION('',(1.,0.,-0.));
#3295 = ADVANCED_FACE('',(#3296),#3315,.F.);
#3296 = FACE_BOUND('',#3297,.F.);
#3297 = EDGE_LOOP('',(#3298,#3307,#3308,#3309));
#3298 = ORIENTED_EDGE('',*,*,#3299,.F.);
#3299 = EDGE_CURVE('',#3276,#3300,#3302,.T.);
#3300 = VERTEX_POINT('',#3301);
#3301 = CARTESIAN_POINT('',(9.18719673498,-20.22,14.172222222222));
#3302 = CIRCLE('',#3303,9.75);
#3303 = AXIS2_PLACEMENT_3D('',#3304,#3305,#3306);
#3304 = CARTESIAN_POINT('',(0.22,-20.22,18.));
#3305 = DIRECTION('',(0.,1.,-2.2E-16));
#3306 = DIRECTION('',(1.,0.,0.));
#3307 = ORIENTED_EDGE('',*,*,#3283,.F.);
#3308 = ORIENTED_EDGE('',*,*,#2293,.T.);
#3309 = ORIENTED_EDGE('',*,*,#3310,.F.);
#3310 = EDGE_CURVE('',#3300,#2285,#3311,.T.);
#3311 = LINE('',#3312,#3313);
#3312 = CARTESIAN_POINT('',(9.18719673498,-20.,14.172222222222));
#3313 = VECTOR('',#3314,1.);
#3314 = DIRECTION('',(0.,-1.,2.2E-16));
#3315 = CYLINDRICAL_SURFACE('',#3316,9.75);
#3316 = AXIS2_PLACEMENT_3D('',#3317,#3318,#3319);
#3317 = CARTESIAN_POINT('',(0.22,-20.,18.));
#3318 = DIRECTION('',(0.,1.,-2.2E-16));
#3319 = DIRECTION('',(1.,0.,0.));
#3320 = ADVANCED_FACE('',(#3321),#3340,.F.);
#3321 = FACE_BOUND('',#3322,.F.);
#3322 = EDGE_LOOP('',(#3323,#3331,#3338,#3339));
#3323 = ORIENTED_EDGE('',*,*,#3324,.F.);
#3324 = EDGE_CURVE('',#3325,#2276,#3327,.T.);
#3325 = VERTEX_POINT('',#3326);
#3326 = CARTESIAN_POINT('',(8.436525704511,-20.22,13.121533573549));
#3327 = LINE('',#3328,#3329);
#3328 = CARTESIAN_POINT('',(8.436525704511,-20.,13.121533573549));
#3329 = VECTOR('',#3330,1.);
#3330 = DIRECTION('',(0.,-1.,2.2E-16));
#3331 = ORIENTED_EDGE('',*,*,#3332,.T.);
#3332 = EDGE_CURVE('',#3325,#3300,#3333,.T.);
#3333 = CIRCLE('',#3334,3.);
#3334 = AXIS2_PLACEMENT_3D('',#3335,#3336,#3337);
#3335 = CARTESIAN_POINT('',(6.42805927806,-20.22,15.35));
#3336 = DIRECTION('',(-1.232595164408E-32,-1.,2.2E-16));
#3337 = DIRECTION('',(0.91971248564,-8.637037037042E-17,-0.392592592593)
  );
#3338 = ORIENTED_EDGE('',*,*,#3310,.T.);
#3339 = ORIENTED_EDGE('',*,*,#2284,.F.);
#3340 = CYLINDRICAL_SURFACE('',#3341,3.);
#3341 = AXIS2_PLACEMENT_3D('',#3342,#3343,#3344);
#3342 = CARTESIAN_POINT('',(6.42805927806,-20.,15.35));
#3343 = DIRECTION('',(0.,-1.,2.2E-16));
#3344 = DIRECTION('',(0.91971248564,-8.637037037042E-17,-0.392592592593)
  );
#3345 = ADVANCED_FACE('',(#3346),#3365,.F.);
#3346 = FACE_BOUND('',#3347,.F.);
#3347 = EDGE_LOOP('',(#3348,#3356,#3363,#3364));
#3348 = ORIENTED_EDGE('',*,*,#3349,.F.);
#3349 = EDGE_CURVE('',#3350,#2268,#3352,.T.);
#3350 = VERTEX_POINT('',#3351);
#3351 = CARTESIAN_POINT('',(6.20805927806,-20.22,12.13));
#3352 = LINE('',#3353,#3354);
#3353 = CARTESIAN_POINT('',(6.20805927806,-20.,12.13));
#3354 = VECTOR('',#3355,1.);
#3355 = DIRECTION('',(0.,-1.,2.2E-16));
#3356 = ORIENTED_EDGE('',*,*,#3357,.T.);
#3357 = EDGE_CURVE('',#3350,#3325,#3358,.T.);
#3358 = CIRCLE('',#3359,3.);
#3359 = AXIS2_PLACEMENT_3D('',#3360,#3361,#3362);
#3360 = CARTESIAN_POINT('',(6.20805927806,-20.22,15.13));
#3361 = DIRECTION('',(-1.232595164408E-32,-1.,2.2E-16));
#3362 = DIRECTION('',(0.91971248564,-8.637037037042E-17,-0.392592592593)
  );
#3363 = ORIENTED_EDGE('',*,*,#3324,.T.);
#3364 = ORIENTED_EDGE('',*,*,#2275,.F.);
#3365 = CYLINDRICAL_SURFACE('',#3366,3.);
#3366 = AXIS2_PLACEMENT_3D('',#3367,#3368,#3369);
#3367 = CARTESIAN_POINT('',(6.20805927806,-20.,15.13));
#3368 = DIRECTION('',(0.,-1.,2.2E-16));
#3369 = DIRECTION('',(0.91971248564,-8.637037037042E-17,-0.392592592593)
  );
#3370 = ADVANCED_FACE('',(#3371),#3389,.T.);
#3371 = FACE_BOUND('',#3372,.T.);
#3372 = EDGE_LOOP('',(#3373,#3381,#3387,#3388));
#3373 = ORIENTED_EDGE('',*,*,#3374,.F.);
#3374 = EDGE_CURVE('',#3375,#3350,#3377,.T.);
#3375 = VERTEX_POINT('',#3376);
#3376 = CARTESIAN_POINT('',(-6.20805927807,-20.22,12.13));
#3377 = LINE('',#3378,#3379);
#3378 = CARTESIAN_POINT('',(-3.973034105065,-20.22,12.13));
#3379 = VECTOR('',#3380,1.);
#3380 = DIRECTION('',(1.,0.,0.));
#3381 = ORIENTED_EDGE('',*,*,#3382,.T.);
#3382 = EDGE_CURVE('',#3375,#2259,#3383,.T.);
#3383 = LINE('',#3384,#3385);
#3384 = CARTESIAN_POINT('',(-6.20805927807,-20.,12.13));
#3385 = VECTOR('',#3386,1.);
#3386 = DIRECTION('',(0.,-1.,2.2E-16));
#3387 = ORIENTED_EDGE('',*,*,#2267,.T.);
#3388 = ORIENTED_EDGE('',*,*,#3349,.F.);
#3389 = PLANE('',#3390);
#3390 = AXIS2_PLACEMENT_3D('',#3391,#3392,#3393);
#3391 = CARTESIAN_POINT('',(-7.94606821013,-20.,12.13));
#3392 = DIRECTION('',(0.,2.2E-16,1.));
#3393 = DIRECTION('',(1.,0.,-0.));
#3394 = ADVANCED_FACE('',(#3395),#3414,.F.);
#3395 = FACE_BOUND('',#3396,.F.);
#3396 = EDGE_LOOP('',(#3397,#3405,#3412,#3413));
#3397 = ORIENTED_EDGE('',*,*,#3398,.F.);
#3398 = EDGE_CURVE('',#3399,#2250,#3401,.T.);
#3399 = VERTEX_POINT('',#3400);
#3400 = CARTESIAN_POINT('',(-8.436525704521,-20.22,13.121533573549));
#3401 = LINE('',#3402,#3403);
#3402 = CARTESIAN_POINT('',(-8.436525704521,-20.,13.121533573549));
#3403 = VECTOR('',#3404,1.);
#3404 = DIRECTION('',(0.,-1.,2.2E-16));
#3405 = ORIENTED_EDGE('',*,*,#3406,.T.);
#3406 = EDGE_CURVE('',#3399,#3375,#3407,.T.);
#3407 = CIRCLE('',#3408,3.);
#3408 = AXIS2_PLACEMENT_3D('',#3409,#3410,#3411);
#3409 = CARTESIAN_POINT('',(-6.20805927807,-20.22,15.13));
#3410 = DIRECTION('',(1.232595164408E-32,-1.,2.2E-16));
#3411 = DIRECTION('',(-0.91971248564,-8.637037037042E-17,-0.392592592593
    ));
#3412 = ORIENTED_EDGE('',*,*,#3382,.T.);
#3413 = ORIENTED_EDGE('',*,*,#2258,.F.);
#3414 = CYLINDRICAL_SURFACE('',#3415,3.);
#3415 = AXIS2_PLACEMENT_3D('',#3416,#3417,#3418);
#3416 = CARTESIAN_POINT('',(-6.20805927807,-20.,15.13));
#3417 = DIRECTION('',(0.,-1.,2.2E-16));
#3418 = DIRECTION('',(-0.91971248564,-8.637037037042E-17,-0.392592592593
    ));
#3419 = ADVANCED_FACE('',(#3420),#3439,.F.);
#3420 = FACE_BOUND('',#3421,.F.);
#3421 = EDGE_LOOP('',(#3422,#3430,#3437,#3438));
#3422 = ORIENTED_EDGE('',*,*,#3423,.F.);
#3423 = EDGE_CURVE('',#3424,#2241,#3426,.T.);
#3424 = VERTEX_POINT('',#3425);
#3425 = CARTESIAN_POINT('',(-9.18719673499,-20.22,14.172222222222));
#3426 = LINE('',#3427,#3428);
#3427 = CARTESIAN_POINT('',(-9.18719673499,-20.,14.172222222222));
#3428 = VECTOR('',#3429,1.);
#3429 = DIRECTION('',(0.,-1.,2.2E-16));
#3430 = ORIENTED_EDGE('',*,*,#3431,.T.);
#3431 = EDGE_CURVE('',#3424,#3399,#3432,.T.);
#3432 = CIRCLE('',#3433,3.);
#3433 = AXIS2_PLACEMENT_3D('',#3434,#3435,#3436);
#3434 = CARTESIAN_POINT('',(-6.42805927807,-20.22,15.35));
#3435 = DIRECTION('',(1.232595164408E-32,-1.,2.2E-16));
#3436 = DIRECTION('',(-0.91971248564,-8.637037037042E-17,-0.392592592593
    ));
#3437 = ORIENTED_EDGE('',*,*,#3398,.T.);
#3438 = ORIENTED_EDGE('',*,*,#2249,.F.);
#3439 = CYLINDRICAL_SURFACE('',#3440,3.);
#3440 = AXIS2_PLACEMENT_3D('',#3441,#3442,#3443);
#3441 = CARTESIAN_POINT('',(-6.42805927807,-20.,15.35));
#3442 = DIRECTION('',(0.,-1.,2.2E-16));
#3443 = DIRECTION('',(-0.91971248564,-8.637037037042E-17,-0.392592592593
    ));
#3444 = ADVANCED_FACE('',(#3445),#3464,.F.);
#3445 = FACE_BOUND('',#3446,.F.);
#3446 = EDGE_LOOP('',(#3447,#3456,#3457,#3458));
#3447 = ORIENTED_EDGE('',*,*,#3448,.F.);
#3448 = EDGE_CURVE('',#3424,#3449,#3451,.T.);
#3449 = VERTEX_POINT('',#3450);
#3450 = CARTESIAN_POINT('',(-9.97,-20.22,18.));
#3451 = CIRCLE('',#3452,9.75);
#3452 = AXIS2_PLACEMENT_3D('',#3453,#3454,#3455);
#3453 = CARTESIAN_POINT('',(-0.22,-20.22,18.));
#3454 = DIRECTION('',(0.,1.,-2.2E-16));
#3455 = DIRECTION('',(1.,0.,0.));
#3456 = ORIENTED_EDGE('',*,*,#3423,.T.);
#3457 = ORIENTED_EDGE('',*,*,#2240,.T.);
#3458 = ORIENTED_EDGE('',*,*,#3459,.T.);
#3459 = EDGE_CURVE('',#2233,#3449,#3460,.T.);
#3460 = LINE('',#3461,#3462);
#3461 = CARTESIAN_POINT('',(-9.97,-20.,18.));
#3462 = VECTOR('',#3463,1.);
#3463 = DIRECTION('',(0.,1.,-2.2E-16));
#3464 = CYLINDRICAL_SURFACE('',#3465,9.75);
#3465 = AXIS2_PLACEMENT_3D('',#3466,#3467,#3468);
#3466 = CARTESIAN_POINT('',(-0.22,-20.,18.));
#3467 = DIRECTION('',(0.,1.,-2.2E-16));
#3468 = DIRECTION('',(1.,0.,0.));
#3469 = ADVANCED_FACE('',(#3470),#3538,.T.);
#3470 = FACE_BOUND('',#3471,.T.);
#3471 = EDGE_LOOP('',(#3472,#3473,#3474,#3475,#3476,#3484,#3492,#3500,
    #3508,#3516,#3524,#3532));
#3472 = ORIENTED_EDGE('',*,*,#2374,.F.);
#3473 = ORIENTED_EDGE('',*,*,#2326,.F.);
#3474 = ORIENTED_EDGE('',*,*,#2232,.T.);
#3475 = ORIENTED_EDGE('',*,*,#3459,.T.);
#3476 = ORIENTED_EDGE('',*,*,#3477,.T.);
#3477 = EDGE_CURVE('',#3449,#3478,#3480,.T.);
#3478 = VERTEX_POINT('',#3479);
#3479 = CARTESIAN_POINT('',(-10.5,-20.22,18.));
#3480 = LINE('',#3481,#3482);
#3481 = CARTESIAN_POINT('',(-6.5,-20.22,18.));
#3482 = VECTOR('',#3483,1.);
#3483 = DIRECTION('',(-1.,0.,0.));
#3484 = ORIENTED_EDGE('',*,*,#3485,.F.);
#3485 = EDGE_CURVE('',#3486,#3478,#3488,.T.);
#3486 = VERTEX_POINT('',#3487);
#3487 = CARTESIAN_POINT('',(-10.5,-20.,18.));
#3488 = LINE('',#3489,#3490);
#3489 = CARTESIAN_POINT('',(-10.5,-20.22,18.));
#3490 = VECTOR('',#3491,1.);
#3491 = DIRECTION('',(0.,-1.,2.2E-16));
#3492 = ORIENTED_EDGE('',*,*,#3493,.F.);
#3493 = EDGE_CURVE('',#3494,#3486,#3496,.T.);
#3494 = VERTEX_POINT('',#3495);
#3495 = CARTESIAN_POINT('',(-10.72,-20.,18.));
#3496 = LINE('',#3497,#3498);
#3497 = CARTESIAN_POINT('',(-6.5,-20.,18.));
#3498 = VECTOR('',#3499,1.);
#3499 = DIRECTION('',(1.,0.,0.));
#3500 = ORIENTED_EDGE('',*,*,#3501,.F.);
#3501 = EDGE_CURVE('',#3502,#3494,#3504,.T.);
#3502 = VERTEX_POINT('',#3503);
#3503 = CARTESIAN_POINT('',(-10.72,-18.5,18.));
#3504 = LINE('',#3505,#3506);
#3505 = CARTESIAN_POINT('',(-10.72,-20.,18.));
#3506 = VECTOR('',#3507,1.);
#3507 = DIRECTION('',(0.,-1.,2.2E-16));
#3508 = ORIENTED_EDGE('',*,*,#3509,.F.);
#3509 = EDGE_CURVE('',#3510,#3502,#3512,.T.);
#3510 = VERTEX_POINT('',#3511);
#3511 = CARTESIAN_POINT('',(-10.5,-18.5,18.));
#3512 = LINE('',#3513,#3514);
#3513 = CARTESIAN_POINT('',(-6.5,-18.5,18.));
#3514 = VECTOR('',#3515,1.);
#3515 = DIRECTION('',(-1.,0.,0.));
#3516 = ORIENTED_EDGE('',*,*,#3517,.F.);
#3517 = EDGE_CURVE('',#3518,#3510,#3520,.T.);
#3518 = VERTEX_POINT('',#3519);
#3519 = CARTESIAN_POINT('',(-10.5,-18.28,18.));
#3520 = LINE('',#3521,#3522);
#3521 = CARTESIAN_POINT('',(-10.5,-19.78,18.));
#3522 = VECTOR('',#3523,1.);
#3523 = DIRECTION('',(0.,-1.,2.2E-16));
#3524 = ORIENTED_EDGE('',*,*,#3525,.F.);
#3525 = EDGE_CURVE('',#3526,#3518,#3528,.T.);
#3526 = VERTEX_POINT('',#3527);
#3527 = CARTESIAN_POINT('',(-6.47,-18.28,18.));
#3528 = LINE('',#3529,#3530);
#3529 = CARTESIAN_POINT('',(-6.5,-18.28,18.));
#3530 = VECTOR('',#3531,1.);
#3531 = DIRECTION('',(-1.,0.,0.));
#3532 = ORIENTED_EDGE('',*,*,#3533,.T.);
#3533 = EDGE_CURVE('',#3526,#2375,#3534,.T.);
#3534 = LINE('',#3535,#3536);
#3535 = CARTESIAN_POINT('',(-6.47,-25.75,18.));
#3536 = VECTOR('',#3537,1.);
#3537 = DIRECTION('',(0.,1.,0.));
#3538 = PLANE('',#3539);
#3539 = AXIS2_PLACEMENT_3D('',#3540,#3541,#3542);
#3540 = CARTESIAN_POINT('',(-13.,-33.,18.));
#3541 = DIRECTION('',(0.,0.,1.));
#3542 = DIRECTION('',(1.,0.,-0.));
#3543 = ADVANCED_FACE('',(#3544),#3562,.T.);
#3544 = FACE_BOUND('',#3545,.T.);
#3545 = EDGE_LOOP('',(#3546,#3554,#3555,#3556));
#3546 = ORIENTED_EDGE('',*,*,#3547,.F.);
#3547 = EDGE_CURVE('',#2455,#3548,#3550,.T.);
#3548 = VERTEX_POINT('',#3549);
#3549 = CARTESIAN_POINT('',(-6.47,-18.28,15.));
#3550 = LINE('',#3551,#3552);
#3551 = CARTESIAN_POINT('',(3.015,-18.28,15.));
#3552 = VECTOR('',#3553,1.);
#3553 = DIRECTION('',(-1.,0.,0.));
#3554 = ORIENTED_EDGE('',*,*,#2454,.T.);
#3555 = ORIENTED_EDGE('',*,*,#2390,.F.);
#3556 = ORIENTED_EDGE('',*,*,#3557,.F.);
#3557 = EDGE_CURVE('',#3548,#2383,#3558,.T.);
#3558 = LINE('',#3559,#3560);
#3559 = CARTESIAN_POINT('',(-6.47,-18.5,15.));
#3560 = VECTOR('',#3561,1.);
#3561 = DIRECTION('',(0.,1.,-2.2E-16));
#3562 = PLANE('',#3563);
#3563 = AXIS2_PLACEMENT_3D('',#3564,#3565,#3566);
#3564 = CARTESIAN_POINT('',(6.03,-18.5,15.));
#3565 = DIRECTION('',(0.,2.2E-16,1.));
#3566 = DIRECTION('',(-1.,0.,0.));
#3567 = ADVANCED_FACE('',(#3568),#3579,.T.);
#3568 = FACE_BOUND('',#3569,.T.);
#3569 = EDGE_LOOP('',(#3570,#3576,#3577,#3578));
#3570 = ORIENTED_EDGE('',*,*,#3571,.F.);
#3571 = EDGE_CURVE('',#3548,#3526,#3572,.T.);
#3572 = LINE('',#3573,#3574);
#3573 = CARTESIAN_POINT('',(-6.47,-18.28,16.688215049431));
#3574 = VECTOR('',#3575,1.);
#3575 = DIRECTION('',(0.,0.,1.));
#3576 = ORIENTED_EDGE('',*,*,#3557,.T.);
#3577 = ORIENTED_EDGE('',*,*,#2382,.F.);
#3578 = ORIENTED_EDGE('',*,*,#3533,.F.);
#3579 = PLANE('',#3580);
#3580 = AXIS2_PLACEMENT_3D('',#3581,#3582,#3583);
#3581 = CARTESIAN_POINT('',(-6.47,-18.5,15.));
#3582 = DIRECTION('',(1.,0.,0.));
#3583 = DIRECTION('',(-0.,2.2E-16,1.));
#3584 = ADVANCED_FACE('',(#3585),#3603,.T.);
#3585 = FACE_BOUND('',#3586,.T.);
#3586 = EDGE_LOOP('',(#3587,#3595,#3596,#3597));
#3587 = ORIENTED_EDGE('',*,*,#3588,.F.);
#3588 = EDGE_CURVE('',#3220,#3589,#3591,.T.);
#3589 = VERTEX_POINT('',#3590);
#3590 = CARTESIAN_POINT('',(6.47,-18.28,15.));
#3591 = LINE('',#3592,#3593);
#3592 = CARTESIAN_POINT('',(6.47,-18.28,19.688215049431));
#3593 = VECTOR('',#3594,1.);
#3594 = DIRECTION('',(0.,0.,-1.));
#3595 = ORIENTED_EDGE('',*,*,#3219,.F.);
#3596 = ORIENTED_EDGE('',*,*,#2430,.F.);
#3597 = ORIENTED_EDGE('',*,*,#3598,.F.);
#3598 = EDGE_CURVE('',#3589,#2423,#3599,.T.);
#3599 = LINE('',#3600,#3601);
#3600 = CARTESIAN_POINT('',(6.47,-18.5,15.));
#3601 = VECTOR('',#3602,1.);
#3602 = DIRECTION('',(0.,1.,-2.2E-16));
#3603 = PLANE('',#3604);
#3604 = AXIS2_PLACEMENT_3D('',#3605,#3606,#3607);
#3605 = CARTESIAN_POINT('',(6.47,-18.5,21.));
#3606 = DIRECTION('',(-1.,0.,0.));
#3607 = DIRECTION('',(-0.,-2.2E-16,-1.));
#3608 = ADVANCED_FACE('',(#3609),#3620,.T.);
#3609 = FACE_BOUND('',#3610,.T.);
#3610 = EDGE_LOOP('',(#3611,#3617,#3618,#3619));
#3611 = ORIENTED_EDGE('',*,*,#3612,.F.);
#3612 = EDGE_CURVE('',#3589,#2503,#3613,.T.);
#3613 = LINE('',#3614,#3615);
#3614 = CARTESIAN_POINT('',(3.235,-18.28,15.));
#3615 = VECTOR('',#3616,1.);
#3616 = DIRECTION('',(-1.,0.,0.));
#3617 = ORIENTED_EDGE('',*,*,#3598,.T.);
#3618 = ORIENTED_EDGE('',*,*,#2422,.F.);
#3619 = ORIENTED_EDGE('',*,*,#2502,.F.);
#3620 = PLANE('',#3621);
#3621 = AXIS2_PLACEMENT_3D('',#3622,#3623,#3624);
#3622 = CARTESIAN_POINT('',(6.47,-18.5,15.));
#3623 = DIRECTION('',(0.,2.2E-16,1.));
#3624 = DIRECTION('',(-1.,0.,0.));
#3625 = ADVANCED_FACE('',(#3626),#3696,.F.);
#3626 = FACE_BOUND('',#3627,.F.);
#3627 = EDGE_LOOP('',(#3628,#3639,#3646,#3647,#3656,#3665,#3674,#3680,
    #3681,#3689));
#3628 = ORIENTED_EDGE('',*,*,#3629,.F.);
#3629 = EDGE_CURVE('',#3630,#3632,#3634,.T.);
#3630 = VERTEX_POINT('',#3631);
#3631 = CARTESIAN_POINT('',(-9.57908115149,-18.5,13.24));
#3632 = VERTEX_POINT('',#3633);
#3633 = CARTESIAN_POINT('',(-8.913524391801,-18.5,12.371533573549));
#3634 = CIRCLE('',#3635,3.);
#3635 = AXIS2_PLACEMENT_3D('',#3636,#3637,#3638);
#3636 = CARTESIAN_POINT('',(-6.90505796535,-18.5,14.6));
#3637 = DIRECTION('',(0.,-1.,2.2E-16));
#3638 = DIRECTION('',(0.,2.2E-16,1.));
#3639 = ORIENTED_EDGE('',*,*,#3640,.T.);
#3640 = EDGE_CURVE('',#3630,#3502,#3641,.T.);
#3641 = CIRCLE('',#3642,10.5);
#3642 = AXIS2_PLACEMENT_3D('',#3643,#3644,#3645);
#3643 = CARTESIAN_POINT('',(-0.22,-18.5,18.));
#3644 = DIRECTION('',(0.,1.,-0.));
#3645 = DIRECTION('',(-1.,0.,0.));
#3646 = ORIENTED_EDGE('',*,*,#3509,.F.);
#3647 = ORIENTED_EDGE('',*,*,#3648,.F.);
#3648 = EDGE_CURVE('',#3649,#3510,#3651,.T.);
#3649 = VERTEX_POINT('',#3650);
#3650 = CARTESIAN_POINT('',(-10.49942379371,-18.5,17.889999999999));
#3651 = CIRCLE('',#3652,10.5);
#3652 = AXIS2_PLACEMENT_3D('',#3653,#3654,#3655);
#3653 = CARTESIAN_POINT('',(0.,-18.5,18.));
#3654 = DIRECTION('',(0.,1.,-0.));
#3655 = DIRECTION('',(-1.,0.,0.));
#3656 = ORIENTED_EDGE('',*,*,#3657,.F.);
#3657 = EDGE_CURVE('',#3658,#3649,#3660,.T.);
#3658 = VERTEX_POINT('',#3659);
#3659 = CARTESIAN_POINT('',(-9.35908115149,-18.5,13.24));
#3660 = CIRCLE('',#3661,10.5);
#3661 = AXIS2_PLACEMENT_3D('',#3662,#3663,#3664);
#3662 = CARTESIAN_POINT('',(0.,-18.5,18.));
#3663 = DIRECTION('',(0.,1.,-0.));
#3664 = DIRECTION('',(-1.,0.,0.));
#3665 = ORIENTED_EDGE('',*,*,#3666,.T.);
#3666 = EDGE_CURVE('',#3658,#3667,#3669,.T.);
#3667 = VERTEX_POINT('',#3668);
#3668 = CARTESIAN_POINT('',(-6.68505796535,-18.5,11.6));
#3669 = CIRCLE('',#3670,3.);
#3670 = AXIS2_PLACEMENT_3D('',#3671,#3672,#3673);
#3671 = CARTESIAN_POINT('',(-6.68505796535,-18.5,14.6));
#3672 = DIRECTION('',(0.,-1.,2.2E-16));
#3673 = DIRECTION('',(0.,2.2E-16,1.));
#3674 = ORIENTED_EDGE('',*,*,#3675,.F.);
#3675 = EDGE_CURVE('',#2471,#3667,#3676,.T.);
#3676 = LINE('',#3677,#3678);
#3677 = CARTESIAN_POINT('',(8.32406150866,-18.5,11.6));
#3678 = VECTOR('',#3679,1.);
#3679 = DIRECTION('',(-1.,0.,0.));
#3680 = ORIENTED_EDGE('',*,*,#2478,.F.);
#3681 = ORIENTED_EDGE('',*,*,#3682,.T.);
#3682 = EDGE_CURVE('',#2445,#3683,#3685,.T.);
#3683 = VERTEX_POINT('',#3684);
#3684 = CARTESIAN_POINT('',(-6.68505796535,-18.5,11.38));
#3685 = LINE('',#3686,#3687);
#3686 = CARTESIAN_POINT('',(8.32406150866,-18.5,11.38));
#3687 = VECTOR('',#3688,1.);
#3688 = DIRECTION('',(-1.,0.,0.));
#3689 = ORIENTED_EDGE('',*,*,#3690,.F.);
#3690 = EDGE_CURVE('',#3632,#3683,#3691,.T.);
#3691 = CIRCLE('',#3692,3.);
#3692 = AXIS2_PLACEMENT_3D('',#3693,#3694,#3695);
#3693 = CARTESIAN_POINT('',(-6.68505796535,-18.5,14.38));
#3694 = DIRECTION('',(0.,-1.,2.2E-16));
#3695 = DIRECTION('',(0.,2.2E-16,1.));
#3696 = PLANE('',#3697);
#3697 = AXIS2_PLACEMENT_3D('',#3698,#3699,#3700);
#3698 = CARTESIAN_POINT('',(-9.786415649455E-13,-18.5,19.051039665596));
#3699 = DIRECTION('',(0.,1.,0.));
#3700 = DIRECTION('',(0.,-0.,1.));
#3701 = ADVANCED_FACE('',(#3702),#3720,.T.);
#3702 = FACE_BOUND('',#3703,.T.);
#3703 = EDGE_LOOP('',(#3704,#3705,#3706,#3714));
#3704 = ORIENTED_EDGE('',*,*,#3675,.F.);
#3705 = ORIENTED_EDGE('',*,*,#2470,.T.);
#3706 = ORIENTED_EDGE('',*,*,#3707,.T.);
#3707 = EDGE_CURVE('',#2463,#3708,#3710,.T.);
#3708 = VERTEX_POINT('',#3709);
#3709 = CARTESIAN_POINT('',(-6.68505796535,-18.28,11.6));
#3710 = LINE('',#3711,#3712);
#3711 = CARTESIAN_POINT('',(8.32406150866,-18.28,11.6));
#3712 = VECTOR('',#3713,1.);
#3713 = DIRECTION('',(-1.,0.,0.));
#3714 = ORIENTED_EDGE('',*,*,#3715,.F.);
#3715 = EDGE_CURVE('',#3667,#3708,#3716,.T.);
#3716 = LINE('',#3717,#3718);
#3717 = CARTESIAN_POINT('',(-6.68505796535,-19.78,11.6));
#3718 = VECTOR('',#3719,1.);
#3719 = DIRECTION('',(0.,1.,-2.2E-16));
#3720 = PLANE('',#3721);
#3721 = AXIS2_PLACEMENT_3D('',#3722,#3723,#3724);
#3722 = CARTESIAN_POINT('',(8.32406150866,-19.78,11.6));
#3723 = DIRECTION('',(0.,2.2E-16,1.));
#3724 = DIRECTION('',(-1.,0.,0.));
#3725 = ADVANCED_FACE('',(#3726),#3749,.F.);
#3726 = FACE_BOUND('',#3727,.F.);
#3727 = EDGE_LOOP('',(#3728,#3737,#3744,#3745,#3746,#3747,#3748));
#3728 = ORIENTED_EDGE('',*,*,#3729,.F.);
#3729 = EDGE_CURVE('',#3730,#3708,#3732,.T.);
#3730 = VERTEX_POINT('',#3731);
#3731 = CARTESIAN_POINT('',(-9.35908115149,-18.28,13.24));
#3732 = CIRCLE('',#3733,3.);
#3733 = AXIS2_PLACEMENT_3D('',#3734,#3735,#3736);
#3734 = CARTESIAN_POINT('',(-6.68505796535,-18.28,14.6));
#3735 = DIRECTION('',(0.,-1.,2.2E-16));
#3736 = DIRECTION('',(0.,2.2E-16,1.));
#3737 = ORIENTED_EDGE('',*,*,#3738,.T.);
#3738 = EDGE_CURVE('',#3730,#3518,#3739,.T.);
#3739 = CIRCLE('',#3740,10.5);
#3740 = AXIS2_PLACEMENT_3D('',#3741,#3742,#3743);
#3741 = CARTESIAN_POINT('',(0.,-18.28,18.));
#3742 = DIRECTION('',(0.,1.,-0.));
#3743 = DIRECTION('',(-1.,0.,0.));
#3744 = ORIENTED_EDGE('',*,*,#3525,.F.);
#3745 = ORIENTED_EDGE('',*,*,#3571,.F.);
#3746 = ORIENTED_EDGE('',*,*,#3547,.F.);
#3747 = ORIENTED_EDGE('',*,*,#2462,.T.);
#3748 = ORIENTED_EDGE('',*,*,#3707,.T.);
#3749 = PLANE('',#3750);
#3750 = AXIS2_PLACEMENT_3D('',#3751,#3752,#3753);
#3751 = CARTESIAN_POINT('',(0.,-18.28,18.376430098863));
#3752 = DIRECTION('',(0.,1.,0.));
#3753 = DIRECTION('',(0.,-0.,1.));
#3754 = ADVANCED_FACE('',(#3755),#3825,.F.);
#3755 = FACE_BOUND('',#3756,.F.);
#3756 = EDGE_LOOP('',(#3757,#3765,#3766,#3774,#3783,#3792,#3799,#3800,
    #3809,#3818));
#3757 = ORIENTED_EDGE('',*,*,#3758,.T.);
#3758 = EDGE_CURVE('',#3759,#2493,#3761,.T.);
#3759 = VERTEX_POINT('',#3760);
#3760 = CARTESIAN_POINT('',(6.68505796534,-18.5,11.38));
#3761 = LINE('',#3762,#3763);
#3762 = CARTESIAN_POINT('',(8.32406150866,-18.5,11.38));
#3763 = VECTOR('',#3764,1.);
#3764 = DIRECTION('',(-1.,0.,0.));
#3765 = ORIENTED_EDGE('',*,*,#2526,.T.);
#3766 = ORIENTED_EDGE('',*,*,#3767,.F.);
#3767 = EDGE_CURVE('',#3768,#2519,#3770,.T.);
#3768 = VERTEX_POINT('',#3769);
#3769 = CARTESIAN_POINT('',(6.68505796534,-18.5,11.6));
#3770 = LINE('',#3771,#3772);
#3771 = CARTESIAN_POINT('',(8.32406150866,-18.5,11.6));
#3772 = VECTOR('',#3773,1.);
#3773 = DIRECTION('',(-1.,0.,0.));
#3774 = ORIENTED_EDGE('',*,*,#3775,.F.);
#3775 = EDGE_CURVE('',#3776,#3768,#3778,.T.);
#3776 = VERTEX_POINT('',#3777);
#3777 = CARTESIAN_POINT('',(9.35908115148,-18.5,13.24));
#3778 = CIRCLE('',#3779,3.);
#3779 = AXIS2_PLACEMENT_3D('',#3780,#3781,#3782);
#3780 = CARTESIAN_POINT('',(6.68505796534,-18.5,14.6));
#3781 = DIRECTION('',(0.,1.,-2.2E-16));
#3782 = DIRECTION('',(0.,2.2E-16,1.));
#3783 = ORIENTED_EDGE('',*,*,#3784,.F.);
#3784 = EDGE_CURVE('',#3785,#3776,#3787,.T.);
#3785 = VERTEX_POINT('',#3786);
#3786 = CARTESIAN_POINT('',(10.499423793714,-18.5,17.89));
#3787 = CIRCLE('',#3788,10.5);
#3788 = AXIS2_PLACEMENT_3D('',#3789,#3790,#3791);
#3789 = CARTESIAN_POINT('',(0.,-18.5,18.));
#3790 = DIRECTION('',(0.,1.,-0.));
#3791 = DIRECTION('',(-1.,0.,0.));
#3792 = ORIENTED_EDGE('',*,*,#3793,.F.);
#3793 = EDGE_CURVE('',#3236,#3785,#3794,.T.);
#3794 = CIRCLE('',#3795,10.5);
#3795 = AXIS2_PLACEMENT_3D('',#3796,#3797,#3798);
#3796 = CARTESIAN_POINT('',(0.,-18.5,18.));
#3797 = DIRECTION('',(0.,1.,-0.));
#3798 = DIRECTION('',(-1.,0.,0.));
#3799 = ORIENTED_EDGE('',*,*,#3243,.F.);
#3800 = ORIENTED_EDGE('',*,*,#3801,.T.);
#3801 = EDGE_CURVE('',#3244,#3802,#3804,.T.);
#3802 = VERTEX_POINT('',#3803);
#3803 = CARTESIAN_POINT('',(9.57908115148,-18.5,13.24));
#3804 = CIRCLE('',#3805,10.5);
#3805 = AXIS2_PLACEMENT_3D('',#3806,#3807,#3808);
#3806 = CARTESIAN_POINT('',(0.22,-18.5,18.));
#3807 = DIRECTION('',(0.,1.,-0.));
#3808 = DIRECTION('',(-1.,0.,0.));
#3809 = ORIENTED_EDGE('',*,*,#3810,.T.);
#3810 = EDGE_CURVE('',#3802,#3811,#3813,.T.);
#3811 = VERTEX_POINT('',#3812);
#3812 = CARTESIAN_POINT('',(8.913524391791,-18.5,12.371533573549));
#3813 = CIRCLE('',#3814,3.);
#3814 = AXIS2_PLACEMENT_3D('',#3815,#3816,#3817);
#3815 = CARTESIAN_POINT('',(6.90505796534,-18.5,14.6));
#3816 = DIRECTION('',(0.,1.,-2.2E-16));
#3817 = DIRECTION('',(0.,2.2E-16,1.));
#3818 = ORIENTED_EDGE('',*,*,#3819,.T.);
#3819 = EDGE_CURVE('',#3811,#3759,#3820,.T.);
#3820 = CIRCLE('',#3821,3.);
#3821 = AXIS2_PLACEMENT_3D('',#3822,#3823,#3824);
#3822 = CARTESIAN_POINT('',(6.68505796534,-18.5,14.38));
#3823 = DIRECTION('',(0.,1.,-2.2E-16));
#3824 = DIRECTION('',(0.,2.2E-16,1.));
#3825 = PLANE('',#3826);
#3826 = AXIS2_PLACEMENT_3D('',#3827,#3828,#3829);
#3827 = CARTESIAN_POINT('',(-9.786415649455E-13,-18.5,19.051039665596));
#3828 = DIRECTION('',(0.,1.,0.));
#3829 = DIRECTION('',(0.,-0.,1.));
#3830 = ADVANCED_FACE('',(#3831),#3849,.T.);
#3831 = FACE_BOUND('',#3832,.T.);
#3832 = EDGE_LOOP('',(#3833,#3834,#3842,#3848));
#3833 = ORIENTED_EDGE('',*,*,#3767,.F.);
#3834 = ORIENTED_EDGE('',*,*,#3835,.T.);
#3835 = EDGE_CURVE('',#3768,#3836,#3838,.T.);
#3836 = VERTEX_POINT('',#3837);
#3837 = CARTESIAN_POINT('',(6.68505796534,-18.28,11.6));
#3838 = LINE('',#3839,#3840);
#3839 = CARTESIAN_POINT('',(6.68505796534,-19.78,11.6));
#3840 = VECTOR('',#3841,1.);
#3841 = DIRECTION('',(0.,1.,-2.2E-16));
#3842 = ORIENTED_EDGE('',*,*,#3843,.T.);
#3843 = EDGE_CURVE('',#3836,#2511,#3844,.T.);
#3844 = LINE('',#3845,#3846);
#3845 = CARTESIAN_POINT('',(8.32406150866,-18.28,11.6));
#3846 = VECTOR('',#3847,1.);
#3847 = DIRECTION('',(-1.,0.,0.));
#3848 = ORIENTED_EDGE('',*,*,#2518,.F.);
#3849 = PLANE('',#3850);
#3850 = AXIS2_PLACEMENT_3D('',#3851,#3852,#3853);
#3851 = CARTESIAN_POINT('',(8.32406150866,-19.78,11.6));
#3852 = DIRECTION('',(0.,2.2E-16,1.));
#3853 = DIRECTION('',(-1.,0.,0.));
#3854 = ADVANCED_FACE('',(#3855),#3878,.F.);
#3855 = FACE_BOUND('',#3856,.F.);
#3856 = EDGE_LOOP('',(#3857,#3858,#3859,#3860,#3861,#3862,#3871));
#3857 = ORIENTED_EDGE('',*,*,#3843,.T.);
#3858 = ORIENTED_EDGE('',*,*,#2510,.F.);
#3859 = ORIENTED_EDGE('',*,*,#3612,.F.);
#3860 = ORIENTED_EDGE('',*,*,#3588,.F.);
#3861 = ORIENTED_EDGE('',*,*,#3227,.F.);
#3862 = ORIENTED_EDGE('',*,*,#3863,.T.);
#3863 = EDGE_CURVE('',#3228,#3864,#3866,.T.);
#3864 = VERTEX_POINT('',#3865);
#3865 = CARTESIAN_POINT('',(9.35908115148,-18.28,13.24));
#3866 = CIRCLE('',#3867,10.5);
#3867 = AXIS2_PLACEMENT_3D('',#3868,#3869,#3870);
#3868 = CARTESIAN_POINT('',(0.,-18.28,18.));
#3869 = DIRECTION('',(0.,1.,-0.));
#3870 = DIRECTION('',(-1.,0.,0.));
#3871 = ORIENTED_EDGE('',*,*,#3872,.T.);
#3872 = EDGE_CURVE('',#3864,#3836,#3873,.T.);
#3873 = CIRCLE('',#3874,3.);
#3874 = AXIS2_PLACEMENT_3D('',#3875,#3876,#3877);
#3875 = CARTESIAN_POINT('',(6.68505796534,-18.28,14.6));
#3876 = DIRECTION('',(0.,1.,-2.2E-16));
#3877 = DIRECTION('',(0.,2.2E-16,1.));
#3878 = PLANE('',#3879);
#3879 = AXIS2_PLACEMENT_3D('',#3880,#3881,#3882);
#3880 = CARTESIAN_POINT('',(0.,-18.28,18.376430098863));
#3881 = DIRECTION('',(0.,1.,0.));
#3882 = DIRECTION('',(0.,-0.,1.));
#3883 = ADVANCED_FACE('',(#3884),#3911,.T.);
#3884 = FACE_BOUND('',#3885,.T.);
#3885 = EDGE_LOOP('',(#3886,#3896,#3902,#3903,#3904,#3905));
#3886 = ORIENTED_EDGE('',*,*,#3887,.F.);
#3887 = EDGE_CURVE('',#3888,#3890,#3892,.T.);
#3888 = VERTEX_POINT('',#3889);
#3889 = CARTESIAN_POINT('',(6.68505796534,-20.,11.38));
#3890 = VERTEX_POINT('',#3891);
#3891 = CARTESIAN_POINT('',(-6.68505796535,-20.,11.38));
#3892 = LINE('',#3893,#3894);
#3893 = CARTESIAN_POINT('',(8.32406150866,-20.,11.38));
#3894 = VECTOR('',#3895,1.);
#3895 = DIRECTION('',(-1.,0.,0.));
#3896 = ORIENTED_EDGE('',*,*,#3897,.T.);
#3897 = EDGE_CURVE('',#3888,#3759,#3898,.T.);
#3898 = LINE('',#3899,#3900);
#3899 = CARTESIAN_POINT('',(6.68505796534,-20.,11.38));
#3900 = VECTOR('',#3901,1.);
#3901 = DIRECTION('',(0.,1.,-2.2E-16));
#3902 = ORIENTED_EDGE('',*,*,#3758,.T.);
#3903 = ORIENTED_EDGE('',*,*,#2542,.T.);
#3904 = ORIENTED_EDGE('',*,*,#3682,.T.);
#3905 = ORIENTED_EDGE('',*,*,#3906,.F.);
#3906 = EDGE_CURVE('',#3890,#3683,#3907,.T.);
#3907 = LINE('',#3908,#3909);
#3908 = CARTESIAN_POINT('',(-6.68505796535,-20.,11.38));
#3909 = VECTOR('',#3910,1.);
#3910 = DIRECTION('',(0.,1.,-2.2E-16));
#3911 = PLANE('',#3912);
#3912 = AXIS2_PLACEMENT_3D('',#3913,#3914,#3915);
#3913 = CARTESIAN_POINT('',(8.32406150866,-20.,11.38));
#3914 = DIRECTION('',(0.,2.2E-16,1.));
#3915 = DIRECTION('',(-1.,0.,0.));
#3916 = ADVANCED_FACE('',(#3917,#3923),#3934,.T.);
#3917 = FACE_BOUND('',#3918,.T.);
#3918 = EDGE_LOOP('',(#3919,#3920,#3921,#3922));
#3919 = ORIENTED_EDGE('',*,*,#2615,.F.);
#3920 = ORIENTED_EDGE('',*,*,#2583,.T.);
#3921 = ORIENTED_EDGE('',*,*,#2639,.T.);
#3922 = ORIENTED_EDGE('',*,*,#2655,.F.);
#3923 = FACE_BOUND('',#3924,.T.);
#3924 = EDGE_LOOP('',(#3925));
#3925 = ORIENTED_EDGE('',*,*,#3926,.F.);
#3926 = EDGE_CURVE('',#3927,#3927,#3929,.T.);
#3927 = VERTEX_POINT('',#3928);
#3928 = CARTESIAN_POINT('',(18.8,-26.,28.));
#3929 = CIRCLE('',#3930,0.8);
#3930 = AXIS2_PLACEMENT_3D('',#3931,#3932,#3933);
#3931 = CARTESIAN_POINT('',(18.,-26.,28.));
#3932 = DIRECTION('',(0.,0.,1.));
#3933 = DIRECTION('',(1.,0.,-0.));
#3934 = PLANE('',#3935);
#3935 = AXIS2_PLACEMENT_3D('',#3936,#3937,#3938);
#3936 = CARTESIAN_POINT('',(14.,-31.,28.));
#3937 = DIRECTION('',(0.,0.,1.));
#3938 = DIRECTION('',(1.,0.,-0.));
#3939 = ADVANCED_FACE('',(#3940),#4022,.T.);
#3940 = FACE_BOUND('',#3941,.T.);
#3941 = EDGE_LOOP('',(#3942,#3943,#3951,#3959,#3967,#3975,#3983,#3991,
    #3999,#4007,#4013,#4014,#4015,#4021));
#3942 = ORIENTED_EDGE('',*,*,#3164,.F.);
#3943 = ORIENTED_EDGE('',*,*,#3944,.F.);
#3944 = EDGE_CURVE('',#3945,#3156,#3947,.T.);
#3945 = VERTEX_POINT('',#3946);
#3946 = CARTESIAN_POINT('',(8.35,45.22,18.));
#3947 = LINE('',#3948,#3949);
#3948 = CARTESIAN_POINT('',(8.35,45.,18.));
#3949 = VECTOR('',#3950,1.);
#3950 = DIRECTION('',(0.,1.,0.));
#3951 = ORIENTED_EDGE('',*,*,#3952,.T.);
#3952 = EDGE_CURVE('',#3945,#3953,#3955,.T.);
#3953 = VERTEX_POINT('',#3954);
#3954 = CARTESIAN_POINT('',(11.,45.22,18.));
#3955 = LINE('',#3956,#3957);
#3956 = CARTESIAN_POINT('',(-7.,45.22,18.));
#3957 = VECTOR('',#3958,1.);
#3958 = DIRECTION('',(1.,0.,-0.));
#3959 = ORIENTED_EDGE('',*,*,#3960,.T.);
#3960 = EDGE_CURVE('',#3953,#3961,#3963,.T.);
#3961 = VERTEX_POINT('',#3962);
#3962 = CARTESIAN_POINT('',(11.,45.,18.));
#3963 = LINE('',#3964,#3965);
#3964 = CARTESIAN_POINT('',(11.,45.22,18.));
#3965 = VECTOR('',#3966,1.);
#3966 = DIRECTION('',(0.,-1.,2.22044604925E-16));
#3967 = ORIENTED_EDGE('',*,*,#3968,.F.);
#3968 = EDGE_CURVE('',#3969,#3961,#3971,.T.);
#3969 = VERTEX_POINT('',#3970);
#3970 = CARTESIAN_POINT('',(11.22,45.,18.));
#3971 = LINE('',#3972,#3973);
#3972 = CARTESIAN_POINT('',(-6.966836122522,45.,18.));
#3973 = VECTOR('',#3974,1.);
#3974 = DIRECTION('',(-1.,0.,0.));
#3975 = ORIENTED_EDGE('',*,*,#3976,.F.);
#3976 = EDGE_CURVE('',#3977,#3969,#3979,.T.);
#3977 = VERTEX_POINT('',#3978);
#3978 = CARTESIAN_POINT('',(11.22,15.5,18.));
#3979 = LINE('',#3980,#3981);
#3980 = CARTESIAN_POINT('',(11.22,45.,18.));
#3981 = VECTOR('',#3982,1.);
#3982 = DIRECTION('',(-0.,1.,-2.22044604925E-16));
#3983 = ORIENTED_EDGE('',*,*,#3984,.F.);
#3984 = EDGE_CURVE('',#3985,#3977,#3987,.T.);
#3985 = VERTEX_POINT('',#3986);
#3986 = CARTESIAN_POINT('',(11.,15.5,18.));
#3987 = LINE('',#3988,#3989);
#3988 = CARTESIAN_POINT('',(-6.986241320013,15.5,18.));
#3989 = VECTOR('',#3990,1.);
#3990 = DIRECTION('',(1.,0.,0.));
#3991 = ORIENTED_EDGE('',*,*,#3992,.F.);
#3992 = EDGE_CURVE('',#3993,#3985,#3995,.T.);
#3993 = VERTEX_POINT('',#3994);
#3994 = CARTESIAN_POINT('',(11.,15.28,18.));
#3995 = LINE('',#3996,#3997);
#3996 = CARTESIAN_POINT('',(11.,44.78,18.));
#3997 = VECTOR('',#3998,1.);
#3998 = DIRECTION('',(-0.,1.,-2.22044604925E-16));
#3999 = ORIENTED_EDGE('',*,*,#4000,.F.);
#4000 = EDGE_CURVE('',#4001,#3993,#4003,.T.);
#4001 = VERTEX_POINT('',#4002);
#4002 = CARTESIAN_POINT('',(7.17,15.28,18.));
#4003 = LINE('',#4004,#4005);
#4004 = CARTESIAN_POINT('',(-7.,15.28,18.));
#4005 = VECTOR('',#4006,1.);
#4006 = DIRECTION('',(1.,0.,-0.));
#4007 = ORIENTED_EDGE('',*,*,#4008,.F.);
#4008 = EDGE_CURVE('',#2799,#4001,#4009,.T.);
#4009 = LINE('',#4010,#4011);
#4010 = CARTESIAN_POINT('',(7.17,15.5,18.));
#4011 = VECTOR('',#4012,1.);
#4012 = DIRECTION('',(-0.,1.,-2.22044604925E-16));
#4013 = ORIENTED_EDGE('',*,*,#2807,.T.);
#4014 = ORIENTED_EDGE('',*,*,#2855,.T.);
#4015 = ORIENTED_EDGE('',*,*,#4016,.T.);
#4016 = EDGE_CURVE('',#2848,#3015,#4017,.T.);
#4017 = LINE('',#4018,#4019);
#4018 = CARTESIAN_POINT('',(14.,14.,18.));
#4019 = VECTOR('',#4020,1.);
#4020 = DIRECTION('',(-0.,1.,0.));
#4021 = ORIENTED_EDGE('',*,*,#3079,.T.);
#4022 = PLANE('',#4023);
#4023 = AXIS2_PLACEMENT_3D('',#4024,#4025,#4026);
#4024 = CARTESIAN_POINT('',(-14.,14.,18.));
#4025 = DIRECTION('',(0.,0.,1.));
#4026 = DIRECTION('',(1.,0.,-0.));
#4027 = ADVANCED_FACE('',(#4028),#4047,.F.);
#4028 = FACE_BOUND('',#4029,.F.);
#4029 = EDGE_LOOP('',(#4030,#4031,#4039,#4046));
#4030 = ORIENTED_EDGE('',*,*,#2798,.T.);
#4031 = ORIENTED_EDGE('',*,*,#4032,.T.);
#4032 = EDGE_CURVE('',#2790,#4033,#4035,.T.);
#4033 = VERTEX_POINT('',#4034);
#4034 = CARTESIAN_POINT('',(5.023160897019,15.28,12.976839102981));
#4035 = LINE('',#4036,#4037);
#4036 = CARTESIAN_POINT('',(5.023160897019,15.5,12.976839102981));
#4037 = VECTOR('',#4038,1.);
#4038 = DIRECTION('',(-0.,1.,-2.22044604925E-16));
#4039 = ORIENTED_EDGE('',*,*,#4040,.F.);
#4040 = EDGE_CURVE('',#4001,#4033,#4041,.T.);
#4041 = CIRCLE('',#4042,6.95);
#4042 = AXIS2_PLACEMENT_3D('',#4043,#4044,#4045);
#4043 = CARTESIAN_POINT('',(0.22,15.28,18.));
#4044 = DIRECTION('',(0.,1.,-2.22044604925E-16));
#4045 = DIRECTION('',(1.,0.,0.));
#4046 = ORIENTED_EDGE('',*,*,#4008,.F.);
#4047 = CYLINDRICAL_SURFACE('',#4048,6.95);
#4048 = AXIS2_PLACEMENT_3D('',#4049,#4050,#4051);
#4049 = CARTESIAN_POINT('',(0.22,15.5,18.));
#4050 = DIRECTION('',(-0.,1.,-2.22044604925E-16));
#4051 = DIRECTION('',(1.,0.,0.));
#4052 = ADVANCED_FACE('',(#4053),#4072,.F.);
#4053 = FACE_BOUND('',#4054,.F.);
#4054 = EDGE_LOOP('',(#4055,#4056,#4057,#4065));
#4055 = ORIENTED_EDGE('',*,*,#4032,.F.);
#4056 = ORIENTED_EDGE('',*,*,#2789,.T.);
#4057 = ORIENTED_EDGE('',*,*,#4058,.T.);
#4058 = EDGE_CURVE('',#2781,#4059,#4061,.T.);
#4059 = VERTEX_POINT('',#4060);
#4060 = CARTESIAN_POINT('',(-5.023160897019,15.28,12.976839102981));
#4061 = LINE('',#4062,#4063);
#4062 = CARTESIAN_POINT('',(-5.023160897019,15.5,12.976839102981));
#4063 = VECTOR('',#4064,1.);
#4064 = DIRECTION('',(-0.,1.,-2.22044604925E-16));
#4065 = ORIENTED_EDGE('',*,*,#4066,.F.);
#4066 = EDGE_CURVE('',#4033,#4059,#4067,.T.);
#4067 = CIRCLE('',#4068,6.95);
#4068 = AXIS2_PLACEMENT_3D('',#4069,#4070,#4071);
#4069 = CARTESIAN_POINT('',(0.,15.28,17.78));
#4070 = DIRECTION('',(0.,1.,-2.22044604925E-16));
#4071 = DIRECTION('',(1.,0.,0.));
#4072 = CYLINDRICAL_SURFACE('',#4073,6.95);
#4073 = AXIS2_PLACEMENT_3D('',#4074,#4075,#4076);
#4074 = CARTESIAN_POINT('',(0.,15.5,17.78));
#4075 = DIRECTION('',(-0.,1.,-2.22044604925E-16));
#4076 = DIRECTION('',(1.,0.,0.));
#4077 = ADVANCED_FACE('',(#4078),#4097,.F.);
#4078 = FACE_BOUND('',#4079,.F.);
#4079 = EDGE_LOOP('',(#4080,#4081,#4082,#4090));
#4080 = ORIENTED_EDGE('',*,*,#4058,.F.);
#4081 = ORIENTED_EDGE('',*,*,#2780,.T.);
#4082 = ORIENTED_EDGE('',*,*,#4083,.T.);
#4083 = EDGE_CURVE('',#2773,#4084,#4086,.T.);
#4084 = VERTEX_POINT('',#4085);
#4085 = CARTESIAN_POINT('',(-7.17,15.28,18.));
#4086 = LINE('',#4087,#4088);
#4087 = CARTESIAN_POINT('',(-7.17,15.5,18.));
#4088 = VECTOR('',#4089,1.);
#4089 = DIRECTION('',(-0.,1.,-2.22044604925E-16));
#4090 = ORIENTED_EDGE('',*,*,#4091,.F.);
#4091 = EDGE_CURVE('',#4059,#4084,#4092,.T.);
#4092 = CIRCLE('',#4093,6.95);
#4093 = AXIS2_PLACEMENT_3D('',#4094,#4095,#4096);
#4094 = CARTESIAN_POINT('',(-0.22,15.28,18.));
#4095 = DIRECTION('',(0.,1.,-2.22044604925E-16));
#4096 = DIRECTION('',(1.,0.,0.));
#4097 = CYLINDRICAL_SURFACE('',#4098,6.95);
#4098 = AXIS2_PLACEMENT_3D('',#4099,#4100,#4101);
#4099 = CARTESIAN_POINT('',(-0.22,15.5,18.));
#4100 = DIRECTION('',(-0.,1.,-2.22044604925E-16));
#4101 = DIRECTION('',(1.,0.,0.));
#4102 = ADVANCED_FACE('',(#4103),#4178,.T.);
#4103 = FACE_BOUND('',#4104,.T.);
#4104 = EDGE_LOOP('',(#4105,#4106,#4107,#4113,#4114,#4115,#4116,#4124,
    #4132,#4140,#4148,#4156,#4164,#4172));
#4105 = ORIENTED_EDGE('',*,*,#3096,.F.);
#4106 = ORIENTED_EDGE('',*,*,#3055,.F.);
#4107 = ORIENTED_EDGE('',*,*,#4108,.F.);
#4108 = EDGE_CURVE('',#2824,#2992,#4109,.T.);
#4109 = LINE('',#4110,#4111);
#4110 = CARTESIAN_POINT('',(-14.,14.,18.));
#4111 = VECTOR('',#4112,1.);
#4112 = DIRECTION('',(-0.,1.,0.));
#4113 = ORIENTED_EDGE('',*,*,#2831,.F.);
#4114 = ORIENTED_EDGE('',*,*,#2772,.T.);
#4115 = ORIENTED_EDGE('',*,*,#4083,.T.);
#4116 = ORIENTED_EDGE('',*,*,#4117,.F.);
#4117 = EDGE_CURVE('',#4118,#4084,#4120,.T.);
#4118 = VERTEX_POINT('',#4119);
#4119 = CARTESIAN_POINT('',(-11.,15.28,18.));
#4120 = LINE('',#4121,#4122);
#4121 = CARTESIAN_POINT('',(-7.,15.28,18.));
#4122 = VECTOR('',#4123,1.);
#4123 = DIRECTION('',(1.,0.,-0.));
#4124 = ORIENTED_EDGE('',*,*,#4125,.T.);
#4125 = EDGE_CURVE('',#4118,#4126,#4128,.T.);
#4126 = VERTEX_POINT('',#4127);
#4127 = CARTESIAN_POINT('',(-11.,15.5,18.));
#4128 = LINE('',#4129,#4130);
#4129 = CARTESIAN_POINT('',(-11.,44.78,18.));
#4130 = VECTOR('',#4131,1.);
#4131 = DIRECTION('',(-0.,1.,-2.22044604925E-16));
#4132 = ORIENTED_EDGE('',*,*,#4133,.F.);
#4133 = EDGE_CURVE('',#4134,#4126,#4136,.T.);
#4134 = VERTEX_POINT('',#4135);
#4135 = CARTESIAN_POINT('',(-11.22,15.5,18.));
#4136 = LINE('',#4137,#4138);
#4137 = CARTESIAN_POINT('',(-6.986241320013,15.5,18.));
#4138 = VECTOR('',#4139,1.);
#4139 = DIRECTION('',(1.,0.,0.));
#4140 = ORIENTED_EDGE('',*,*,#4141,.T.);
#4141 = EDGE_CURVE('',#4134,#4142,#4144,.T.);
#4142 = VERTEX_POINT('',#4143);
#4143 = CARTESIAN_POINT('',(-11.22,45.,18.));
#4144 = LINE('',#4145,#4146);
#4145 = CARTESIAN_POINT('',(-11.22,45.,18.));
#4146 = VECTOR('',#4147,1.);
#4147 = DIRECTION('',(-0.,1.,-2.22044604925E-16));
#4148 = ORIENTED_EDGE('',*,*,#4149,.F.);
#4149 = EDGE_CURVE('',#4150,#4142,#4152,.T.);
#4150 = VERTEX_POINT('',#4151);
#4151 = CARTESIAN_POINT('',(-11.,45.,18.));
#4152 = LINE('',#4153,#4154);
#4153 = CARTESIAN_POINT('',(-6.966836122522,45.,18.));
#4154 = VECTOR('',#4155,1.);
#4155 = DIRECTION('',(-1.,0.,0.));
#4156 = ORIENTED_EDGE('',*,*,#4157,.T.);
#4157 = EDGE_CURVE('',#4150,#4158,#4160,.T.);
#4158 = VERTEX_POINT('',#4159);
#4159 = CARTESIAN_POINT('',(-11.,45.22,18.));
#4160 = LINE('',#4161,#4162);
#4161 = CARTESIAN_POINT('',(-11.,45.22,18.));
#4162 = VECTOR('',#4163,1.);
#4163 = DIRECTION('',(-0.,1.,-2.22044604925E-16));
#4164 = ORIENTED_EDGE('',*,*,#4165,.T.);
#4165 = EDGE_CURVE('',#4158,#4166,#4168,.T.);
#4166 = VERTEX_POINT('',#4167);
#4167 = CARTESIAN_POINT('',(-8.35,45.22,18.));
#4168 = LINE('',#4169,#4170);
#4169 = CARTESIAN_POINT('',(-7.,45.22,18.));
#4170 = VECTOR('',#4171,1.);
#4171 = DIRECTION('',(1.,0.,-0.));
#4172 = ORIENTED_EDGE('',*,*,#4173,.T.);
#4173 = EDGE_CURVE('',#4166,#3097,#4174,.T.);
#4174 = LINE('',#4175,#4176);
#4175 = CARTESIAN_POINT('',(-8.35,45.,18.));
#4176 = VECTOR('',#4177,1.);
#4177 = DIRECTION('',(0.,1.,0.));
#4178 = PLANE('',#4179);
#4179 = AXIS2_PLACEMENT_3D('',#4180,#4181,#4182);
#4180 = CARTESIAN_POINT('',(-14.,14.,18.));
#4181 = DIRECTION('',(0.,0.,1.));
#4182 = DIRECTION('',(1.,0.,-0.));
#4183 = ADVANCED_FACE('',(#4184),#4195,.T.);
#4184 = FACE_BOUND('',#4185,.T.);
#4185 = EDGE_LOOP('',(#4186,#4187,#4188,#4189));
#4186 = ORIENTED_EDGE('',*,*,#2886,.F.);
#4187 = ORIENTED_EDGE('',*,*,#4108,.T.);
#4188 = ORIENTED_EDGE('',*,*,#2991,.T.);
#4189 = ORIENTED_EDGE('',*,*,#4190,.F.);
#4190 = EDGE_CURVE('',#2879,#2984,#4191,.T.);
#4191 = LINE('',#4192,#4193);
#4192 = CARTESIAN_POINT('',(-14.,23.,26.));
#4193 = VECTOR('',#4194,1.);
#4194 = DIRECTION('',(-0.,1.,0.));
#4195 = PLANE('',#4196);
#4196 = AXIS2_PLACEMENT_3D('',#4197,#4198,#4199);
#4197 = CARTESIAN_POINT('',(-14.,23.,3.));
#4198 = DIRECTION('',(1.,0.,-0.));
#4199 = DIRECTION('',(0.,0.,1.));
#4200 = ADVANCED_FACE('',(#4201,#4207),#4218,.T.);
#4201 = FACE_BOUND('',#4202,.T.);
#4202 = EDGE_LOOP('',(#4203,#4204,#4205,#4206));
#4203 = ORIENTED_EDGE('',*,*,#2943,.F.);
#4204 = ORIENTED_EDGE('',*,*,#2878,.T.);
#4205 = ORIENTED_EDGE('',*,*,#4190,.T.);
#4206 = ORIENTED_EDGE('',*,*,#2983,.F.);
#4207 = FACE_BOUND('',#4208,.T.);
#4208 = EDGE_LOOP('',(#4209));
#4209 = ORIENTED_EDGE('',*,*,#4210,.F.);
#4210 = EDGE_CURVE('',#4211,#4211,#4213,.T.);
#4211 = VERTEX_POINT('',#4212);
#4212 = CARTESIAN_POINT('',(-17.2,28.,26.));
#4213 = CIRCLE('',#4214,0.8);
#4214 = AXIS2_PLACEMENT_3D('',#4215,#4216,#4217);
#4215 = CARTESIAN_POINT('',(-18.,28.,26.));
#4216 = DIRECTION('',(0.,0.,1.));
#4217 = DIRECTION('',(1.,0.,-0.));
#4218 = PLANE('',#4219);
#4219 = AXIS2_PLACEMENT_3D('',#4220,#4221,#4222);
#4220 = CARTESIAN_POINT('',(-22.,23.,26.));
#4221 = DIRECTION('',(0.,0.,1.));
#4222 = DIRECTION('',(1.,0.,-0.));
#4223 = ADVANCED_FACE('',(#4224,#4235),#4246,.T.);
#4224 = FACE_BOUND('',#4225,.T.);
#4225 = EDGE_LOOP('',(#4226,#4232,#4233,#4234));
#4226 = ORIENTED_EDGE('',*,*,#4227,.F.);
#4227 = EDGE_CURVE('',#2904,#3023,#4228,.T.);
#4228 = LINE('',#4229,#4230);
#4229 = CARTESIAN_POINT('',(14.,23.,26.));
#4230 = VECTOR('',#4231,1.);
#4231 = DIRECTION('',(-0.,1.,0.));
#4232 = ORIENTED_EDGE('',*,*,#2911,.T.);
#4233 = ORIENTED_EDGE('',*,*,#2967,.T.);
#4234 = ORIENTED_EDGE('',*,*,#3030,.F.);
#4235 = FACE_BOUND('',#4236,.T.);
#4236 = EDGE_LOOP('',(#4237));
#4237 = ORIENTED_EDGE('',*,*,#4238,.F.);
#4238 = EDGE_CURVE('',#4239,#4239,#4241,.T.);
#4239 = VERTEX_POINT('',#4240);
#4240 = CARTESIAN_POINT('',(18.8,28.,26.));
#4241 = CIRCLE('',#4242,0.8);
#4242 = AXIS2_PLACEMENT_3D('',#4243,#4244,#4245);
#4243 = CARTESIAN_POINT('',(18.,28.,26.));
#4244 = DIRECTION('',(0.,0.,1.));
#4245 = DIRECTION('',(1.,0.,-0.));
#4246 = PLANE('',#4247);
#4247 = AXIS2_PLACEMENT_3D('',#4248,#4249,#4250);
#4248 = CARTESIAN_POINT('',(14.,23.,26.));
#4249 = DIRECTION('',(0.,0.,1.));
#4250 = DIRECTION('',(1.,0.,-0.));
#4251 = ADVANCED_FACE('',(#4252),#4258,.F.);
#4252 = FACE_BOUND('',#4253,.F.);
#4253 = EDGE_LOOP('',(#4254,#4255,#4256,#4257));
#4254 = ORIENTED_EDGE('',*,*,#2903,.F.);
#4255 = ORIENTED_EDGE('',*,*,#4016,.T.);
#4256 = ORIENTED_EDGE('',*,*,#3022,.T.);
#4257 = ORIENTED_EDGE('',*,*,#4227,.F.);
#4258 = PLANE('',#4259);
#4259 = AXIS2_PLACEMENT_3D('',#4260,#4261,#4262);
#4260 = CARTESIAN_POINT('',(14.,23.,3.));
#4261 = DIRECTION('',(1.,0.,-0.));
#4262 = DIRECTION('',(0.,0.,1.));
#4263 = ADVANCED_FACE('',(#4264),#4283,.F.);
#4264 = FACE_BOUND('',#4265,.F.);
#4265 = EDGE_LOOP('',(#4266,#4275,#4281,#4282));
#4266 = ORIENTED_EDGE('',*,*,#4267,.T.);
#4267 = EDGE_CURVE('',#3945,#4268,#4270,.T.);
#4268 = VERTEX_POINT('',#4269);
#4269 = CARTESIAN_POINT('',(7.278203230276,45.22,14.));
#4270 = CIRCLE('',#4271,8.);
#4271 = AXIS2_PLACEMENT_3D('',#4272,#4273,#4274);
#4272 = CARTESIAN_POINT('',(0.35,45.22,18.));
#4273 = DIRECTION('',(0.,1.,0.));
#4274 = DIRECTION('',(1.224646799147E-16,0.,-1.));
#4275 = ORIENTED_EDGE('',*,*,#4276,.T.);
#4276 = EDGE_CURVE('',#4268,#3148,#4277,.T.);
#4277 = LINE('',#4278,#4279);
#4278 = CARTESIAN_POINT('',(7.278203230276,45.,14.));
#4279 = VECTOR('',#4280,1.);
#4280 = DIRECTION('',(0.,1.,0.));
#4281 = ORIENTED_EDGE('',*,*,#3155,.F.);
#4282 = ORIENTED_EDGE('',*,*,#3944,.F.);
#4283 = CYLINDRICAL_SURFACE('',#4284,8.);
#4284 = AXIS2_PLACEMENT_3D('',#4285,#4286,#4287);
#4285 = CARTESIAN_POINT('',(0.35,45.,18.));
#4286 = DIRECTION('',(0.,1.,0.));
#4287 = DIRECTION('',(1.224646799147E-16,0.,-1.));
#4288 = ADVANCED_FACE('',(#4289),#4307,.F.);
#4289 = FACE_BOUND('',#4290,.F.);
#4290 = EDGE_LOOP('',(#4291,#4299,#4305,#4306));
#4291 = ORIENTED_EDGE('',*,*,#4292,.F.);
#4292 = EDGE_CURVE('',#4293,#4268,#4295,.T.);
#4293 = VERTEX_POINT('',#4294);
#4294 = CARTESIAN_POINT('',(7.11881310332,45.22,14.));
#4295 = LINE('',#4296,#4297);
#4296 = CARTESIAN_POINT('',(4.675,45.22,14.));
#4297 = VECTOR('',#4298,1.);
#4298 = DIRECTION('',(1.,2.719262146893E-32,1.224646799147E-16));
#4299 = ORIENTED_EDGE('',*,*,#4300,.T.);
#4300 = EDGE_CURVE('',#4293,#3139,#4301,.T.);
#4301 = LINE('',#4302,#4303);
#4302 = CARTESIAN_POINT('',(7.11881310332,45.,14.));
#4303 = VECTOR('',#4304,1.);
#4304 = DIRECTION('',(0.,1.,0.));
#4305 = ORIENTED_EDGE('',*,*,#3147,.F.);
#4306 = ORIENTED_EDGE('',*,*,#4276,.F.);
#4307 = PLANE('',#4308);
#4308 = AXIS2_PLACEMENT_3D('',#4309,#4310,#4311);
#4309 = CARTESIAN_POINT('',(9.35,45.,14.));
#4310 = DIRECTION('',(1.224646799147E-16,0.,-1.));
#4311 = DIRECTION('',(-1.,0.,-1.224646799147E-16));
#4312 = ADVANCED_FACE('',(#4313),#4332,.F.);
#4313 = FACE_BOUND('',#4314,.F.);
#4314 = EDGE_LOOP('',(#4315,#4316,#4325,#4331));
#4315 = ORIENTED_EDGE('',*,*,#4300,.F.);
#4316 = ORIENTED_EDGE('',*,*,#4317,.T.);
#4317 = EDGE_CURVE('',#4293,#4318,#4320,.T.);
#4318 = VERTEX_POINT('',#4319);
#4319 = CARTESIAN_POINT('',(6.928203230276,45.22,13.65));
#4320 = CIRCLE('',#4321,8.);
#4321 = AXIS2_PLACEMENT_3D('',#4322,#4323,#4324);
#4322 = CARTESIAN_POINT('',(0.,45.22,17.65));
#4323 = DIRECTION('',(0.,1.,0.));
#4324 = DIRECTION('',(1.224646799147E-16,0.,-1.));
#4325 = ORIENTED_EDGE('',*,*,#4326,.T.);
#4326 = EDGE_CURVE('',#4318,#3131,#4327,.T.);
#4327 = LINE('',#4328,#4329);
#4328 = CARTESIAN_POINT('',(6.928203230276,45.,13.65));
#4329 = VECTOR('',#4330,1.);
#4330 = DIRECTION('',(0.,1.,0.));
#4331 = ORIENTED_EDGE('',*,*,#3138,.F.);
#4332 = CYLINDRICAL_SURFACE('',#4333,8.);
#4333 = AXIS2_PLACEMENT_3D('',#4334,#4335,#4336);
#4334 = CARTESIAN_POINT('',(0.,45.,17.65));
#4335 = DIRECTION('',(0.,1.,0.));
#4336 = DIRECTION('',(1.224646799147E-16,0.,-1.));
#4337 = ADVANCED_FACE('',(#4338),#4356,.F.);
#4338 = FACE_BOUND('',#4339,.F.);
#4339 = EDGE_LOOP('',(#4340,#4341,#4342,#4350));
#4340 = ORIENTED_EDGE('',*,*,#3130,.F.);
#4341 = ORIENTED_EDGE('',*,*,#4326,.F.);
#4342 = ORIENTED_EDGE('',*,*,#4343,.F.);
#4343 = EDGE_CURVE('',#4344,#4318,#4346,.T.);
#4344 = VERTEX_POINT('',#4345);
#4345 = CARTESIAN_POINT('',(-6.928203230276,45.22,13.65));
#4346 = LINE('',#4347,#4348);
#4347 = CARTESIAN_POINT('',(4.5,45.22,13.65));
#4348 = VECTOR('',#4349,1.);
#4349 = DIRECTION('',(1.,2.719262146893E-32,1.224646799147E-16));
#4350 = ORIENTED_EDGE('',*,*,#4351,.T.);
#4351 = EDGE_CURVE('',#4344,#3122,#4352,.T.);
#4352 = LINE('',#4353,#4354);
#4353 = CARTESIAN_POINT('',(-6.928203230276,45.,13.65));
#4354 = VECTOR('',#4355,1.);
#4355 = DIRECTION('',(0.,1.,0.));
#4356 = PLANE('',#4357);
#4357 = AXIS2_PLACEMENT_3D('',#4358,#4359,#4360);
#4358 = CARTESIAN_POINT('',(9.,45.,13.65));
#4359 = DIRECTION('',(1.224646799147E-16,0.,-1.));
#4360 = DIRECTION('',(-1.,0.,-1.224646799147E-16));
#4361 = ADVANCED_FACE('',(#4362),#4381,.F.);
#4362 = FACE_BOUND('',#4363,.F.);
#4363 = EDGE_LOOP('',(#4364,#4365,#4366,#4375));
#4364 = ORIENTED_EDGE('',*,*,#3121,.F.);
#4365 = ORIENTED_EDGE('',*,*,#4351,.F.);
#4366 = ORIENTED_EDGE('',*,*,#4367,.T.);
#4367 = EDGE_CURVE('',#4344,#4368,#4370,.T.);
#4368 = VERTEX_POINT('',#4369);
#4369 = CARTESIAN_POINT('',(-7.11881310332,45.22,14.));
#4370 = CIRCLE('',#4371,8.);
#4371 = AXIS2_PLACEMENT_3D('',#4372,#4373,#4374);
#4372 = CARTESIAN_POINT('',(0.,45.22,17.65));
#4373 = DIRECTION('',(0.,1.,0.));
#4374 = DIRECTION('',(1.224646799147E-16,0.,-1.));
#4375 = ORIENTED_EDGE('',*,*,#4376,.T.);
#4376 = EDGE_CURVE('',#4368,#3114,#4377,.T.);
#4377 = LINE('',#4378,#4379);
#4378 = CARTESIAN_POINT('',(-7.11881310332,45.,14.));
#4379 = VECTOR('',#4380,1.);
#4380 = DIRECTION('',(0.,1.,0.));
#4381 = CYLINDRICAL_SURFACE('',#4382,8.);
#4382 = AXIS2_PLACEMENT_3D('',#4383,#4384,#4385);
#4383 = CARTESIAN_POINT('',(0.,45.,17.65));
#4384 = DIRECTION('',(0.,1.,0.));
#4385 = DIRECTION('',(1.224646799147E-16,0.,-1.));
#4386 = ADVANCED_FACE('',(#4387),#4405,.F.);
#4387 = FACE_BOUND('',#4388,.F.);
#4388 = EDGE_LOOP('',(#4389,#4390,#4391,#4399));
#4389 = ORIENTED_EDGE('',*,*,#3113,.F.);
#4390 = ORIENTED_EDGE('',*,*,#4376,.F.);
#4391 = ORIENTED_EDGE('',*,*,#4392,.F.);
#4392 = EDGE_CURVE('',#4393,#4368,#4395,.T.);
#4393 = VERTEX_POINT('',#4394);
#4394 = CARTESIAN_POINT('',(-7.278203230276,45.22,14.));
#4395 = LINE('',#4396,#4397);
#4396 = CARTESIAN_POINT('',(4.325,45.22,14.));
#4397 = VECTOR('',#4398,1.);
#4398 = DIRECTION('',(1.,2.719262146893E-32,1.224646799147E-16));
#4399 = ORIENTED_EDGE('',*,*,#4400,.T.);
#4400 = EDGE_CURVE('',#4393,#3105,#4401,.T.);
#4401 = LINE('',#4402,#4403);
#4402 = CARTESIAN_POINT('',(-7.278203230276,45.,14.));
#4403 = VECTOR('',#4404,1.);
#4404 = DIRECTION('',(0.,1.,0.));
#4405 = PLANE('',#4406);
#4406 = AXIS2_PLACEMENT_3D('',#4407,#4408,#4409);
#4407 = CARTESIAN_POINT('',(8.65,45.,14.));
#4408 = DIRECTION('',(1.224646799147E-16,0.,-1.));
#4409 = DIRECTION('',(-1.,0.,-1.224646799147E-16));
#4410 = ADVANCED_FACE('',(#4411),#4423,.F.);
#4411 = FACE_BOUND('',#4412,.F.);
#4412 = EDGE_LOOP('',(#4413,#4414,#4415,#4422));
#4413 = ORIENTED_EDGE('',*,*,#3104,.F.);
#4414 = ORIENTED_EDGE('',*,*,#4400,.F.);
#4415 = ORIENTED_EDGE('',*,*,#4416,.T.);
#4416 = EDGE_CURVE('',#4393,#4166,#4417,.T.);
#4417 = CIRCLE('',#4418,8.);
#4418 = AXIS2_PLACEMENT_3D('',#4419,#4420,#4421);
#4419 = CARTESIAN_POINT('',(-0.35,45.22,18.));
#4420 = DIRECTION('',(0.,1.,0.));
#4421 = DIRECTION('',(1.224646799147E-16,0.,-1.));
#4422 = ORIENTED_EDGE('',*,*,#4173,.T.);
#4423 = CYLINDRICAL_SURFACE('',#4424,8.);
#4424 = AXIS2_PLACEMENT_3D('',#4425,#4426,#4427);
#4425 = CARTESIAN_POINT('',(-0.35,45.,18.));
#4426 = DIRECTION('',(0.,1.,0.));
#4427 = DIRECTION('',(1.224646799147E-16,0.,-1.));
#4428 = ADVANCED_FACE('',(#4429),#4448,.F.);
#4429 = FACE_BOUND('',#4430,.F.);
#4430 = EDGE_LOOP('',(#4431,#4432,#4440,#4447));
#4431 = ORIENTED_EDGE('',*,*,#3201,.F.);
#4432 = ORIENTED_EDGE('',*,*,#4433,.F.);
#4433 = EDGE_CURVE('',#4434,#3202,#4436,.T.);
#4434 = VERTEX_POINT('',#4435);
#4435 = CARTESIAN_POINT('',(-17.2,-26.,22.5));
#4436 = LINE('',#4437,#4438);
#4437 = CARTESIAN_POINT('',(-17.2,-26.,22.5));
#4438 = VECTOR('',#4439,1.);
#4439 = DIRECTION('',(0.,0.,1.));
#4440 = ORIENTED_EDGE('',*,*,#4441,.T.);
#4441 = EDGE_CURVE('',#4434,#4434,#4442,.T.);
#4442 = CIRCLE('',#4443,0.8);
#4443 = AXIS2_PLACEMENT_3D('',#4444,#4445,#4446);
#4444 = CARTESIAN_POINT('',(-18.,-26.,22.5));
#4445 = DIRECTION('',(0.,0.,1.));
#4446 = DIRECTION('',(1.,0.,-0.));
#4447 = ORIENTED_EDGE('',*,*,#4433,.T.);
#4448 = CYLINDRICAL_SURFACE('',#4449,0.8);
#4449 = AXIS2_PLACEMENT_3D('',#4450,#4451,#4452);
#4450 = CARTESIAN_POINT('',(-18.,-26.,22.5));
#4451 = DIRECTION('',(0.,0.,1.));
#4452 = DIRECTION('',(1.,0.,-0.));
#4453 = ADVANCED_FACE('',(#4454),#4507,.T.);
#4454 = FACE_BOUND('',#4455,.T.);
#4455 = EDGE_LOOP('',(#4456,#4467,#4474,#4475,#4476,#4477,#4478,#4479,
    #4480,#4481,#4482,#4483,#4492,#4501));
#4456 = ORIENTED_EDGE('',*,*,#4457,.F.);
#4457 = EDGE_CURVE('',#4458,#4460,#4462,.T.);
#4458 = VERTEX_POINT('',#4459);
#4459 = CARTESIAN_POINT('',(-9.35908115149,-20.22,13.24));
#4460 = VERTEX_POINT('',#4461);
#4461 = CARTESIAN_POINT('',(-6.68505796535,-20.22,11.6));
#4462 = CIRCLE('',#4463,3.);
#4463 = AXIS2_PLACEMENT_3D('',#4464,#4465,#4466);
#4464 = CARTESIAN_POINT('',(-6.68505796535,-20.22,14.6));
#4465 = DIRECTION('',(0.,-1.,2.2E-16));
#4466 = DIRECTION('',(0.,2.2E-16,1.));
#4467 = ORIENTED_EDGE('',*,*,#4468,.T.);
#4468 = EDGE_CURVE('',#4458,#3478,#4469,.T.);
#4469 = CIRCLE('',#4470,10.5);
#4470 = AXIS2_PLACEMENT_3D('',#4471,#4472,#4473);
#4471 = CARTESIAN_POINT('',(0.,-20.22,18.));
#4472 = DIRECTION('',(0.,1.,-0.));
#4473 = DIRECTION('',(-1.,0.,0.));
#4474 = ORIENTED_EDGE('',*,*,#3477,.F.);
#4475 = ORIENTED_EDGE('',*,*,#3448,.F.);
#4476 = ORIENTED_EDGE('',*,*,#3431,.T.);
#4477 = ORIENTED_EDGE('',*,*,#3406,.T.);
#4478 = ORIENTED_EDGE('',*,*,#3374,.T.);
#4479 = ORIENTED_EDGE('',*,*,#3357,.T.);
#4480 = ORIENTED_EDGE('',*,*,#3332,.T.);
#4481 = ORIENTED_EDGE('',*,*,#3299,.F.);
#4482 = ORIENTED_EDGE('',*,*,#3275,.F.);
#4483 = ORIENTED_EDGE('',*,*,#4484,.T.);
#4484 = EDGE_CURVE('',#3268,#4485,#4487,.T.);
#4485 = VERTEX_POINT('',#4486);
#4486 = CARTESIAN_POINT('',(9.35908115148,-20.22,13.24));
#4487 = CIRCLE('',#4488,10.5);
#4488 = AXIS2_PLACEMENT_3D('',#4489,#4490,#4491);
#4489 = CARTESIAN_POINT('',(0.,-20.22,18.));
#4490 = DIRECTION('',(0.,1.,-0.));
#4491 = DIRECTION('',(-1.,0.,0.));
#4492 = ORIENTED_EDGE('',*,*,#4493,.T.);
#4493 = EDGE_CURVE('',#4485,#4494,#4496,.T.);
#4494 = VERTEX_POINT('',#4495);
#4495 = CARTESIAN_POINT('',(6.68505796534,-20.22,11.6));
#4496 = CIRCLE('',#4497,3.);
#4497 = AXIS2_PLACEMENT_3D('',#4498,#4499,#4500);
#4498 = CARTESIAN_POINT('',(6.68505796534,-20.22,14.6));
#4499 = DIRECTION('',(0.,1.,-2.2E-16));
#4500 = DIRECTION('',(0.,2.2E-16,1.));
#4501 = ORIENTED_EDGE('',*,*,#4502,.T.);
#4502 = EDGE_CURVE('',#4494,#4460,#4503,.T.);
#4503 = LINE('',#4504,#4505);
#4504 = CARTESIAN_POINT('',(8.32406150866,-20.22,11.6));
#4505 = VECTOR('',#4506,1.);
#4506 = DIRECTION('',(-1.,0.,0.));
#4507 = PLANE('',#4508);
#4508 = AXIS2_PLACEMENT_3D('',#4509,#4510,#4511);
#4509 = CARTESIAN_POINT('',(0.,-20.22,18.376430098863));
#4510 = DIRECTION('',(0.,1.,0.));
#4511 = DIRECTION('',(0.,-0.,1.));
#4512 = ADVANCED_FACE('',(#4513),#4541,.F.);
#4513 = FACE_BOUND('',#4514,.F.);
#4514 = EDGE_LOOP('',(#4515,#4516,#4517,#4525,#4534));
#4515 = ORIENTED_EDGE('',*,*,#3267,.T.);
#4516 = ORIENTED_EDGE('',*,*,#4484,.T.);
#4517 = ORIENTED_EDGE('',*,*,#4518,.T.);
#4518 = EDGE_CURVE('',#4485,#4519,#4521,.T.);
#4519 = VERTEX_POINT('',#4520);
#4520 = CARTESIAN_POINT('',(9.35908115148,-20.,13.24));
#4521 = LINE('',#4522,#4523);
#4522 = CARTESIAN_POINT('',(9.35908115148,-20.22,13.24));
#4523 = VECTOR('',#4524,1.);
#4524 = DIRECTION('',(0.,1.,-2.2E-16));
#4525 = ORIENTED_EDGE('',*,*,#4526,.F.);
#4526 = EDGE_CURVE('',#4527,#4519,#4529,.T.);
#4527 = VERTEX_POINT('',#4528);
#4528 = CARTESIAN_POINT('',(10.499423793714,-20.,17.89));
#4529 = CIRCLE('',#4530,10.5);
#4530 = AXIS2_PLACEMENT_3D('',#4531,#4532,#4533);
#4531 = CARTESIAN_POINT('',(0.,-20.,18.));
#4532 = DIRECTION('',(0.,1.,-0.));
#4533 = DIRECTION('',(-1.,0.,0.));
#4534 = ORIENTED_EDGE('',*,*,#4535,.F.);
#4535 = EDGE_CURVE('',#3260,#4527,#4536,.T.);
#4536 = CIRCLE('',#4537,10.5);
#4537 = AXIS2_PLACEMENT_3D('',#4538,#4539,#4540);
#4538 = CARTESIAN_POINT('',(0.,-20.,18.));
#4539 = DIRECTION('',(0.,1.,-0.));
#4540 = DIRECTION('',(-1.,0.,0.));
#4541 = CYLINDRICAL_SURFACE('',#4542,10.5);
#4542 = AXIS2_PLACEMENT_3D('',#4543,#4544,#4545);
#4543 = CARTESIAN_POINT('',(0.,-20.22,18.));
#4544 = DIRECTION('',(0.,-1.,2.2E-16));
#4545 = DIRECTION('',(-1.,0.,0.));
#4546 = ADVANCED_FACE('',(#4547),#4646,.F.);
#4547 = FACE_BOUND('',#4548,.F.);
#4548 = EDGE_LOOP('',(#4549,#4560,#4567,#4568,#4577,#4586,#4593,#4594,
    #4595,#4596,#4605,#4613,#4622,#4631,#4638,#4639));
#4549 = ORIENTED_EDGE('',*,*,#4550,.T.);
#4550 = EDGE_CURVE('',#4551,#4553,#4555,.T.);
#4551 = VERTEX_POINT('',#4552);
#4552 = CARTESIAN_POINT('',(-9.57908115149,-20.,13.24));
#4553 = VERTEX_POINT('',#4554);
#4554 = CARTESIAN_POINT('',(-8.913524391801,-20.,12.371533573549));
#4555 = CIRCLE('',#4556,3.);
#4556 = AXIS2_PLACEMENT_3D('',#4557,#4558,#4559);
#4557 = CARTESIAN_POINT('',(-6.90505796535,-20.,14.6));
#4558 = DIRECTION('',(0.,-1.,2.2E-16));
#4559 = DIRECTION('',(0.,2.2E-16,1.));
#4560 = ORIENTED_EDGE('',*,*,#4561,.T.);
#4561 = EDGE_CURVE('',#4553,#3890,#4562,.T.);
#4562 = CIRCLE('',#4563,3.);
#4563 = AXIS2_PLACEMENT_3D('',#4564,#4565,#4566);
#4564 = CARTESIAN_POINT('',(-6.68505796535,-20.,14.38));
#4565 = DIRECTION('',(0.,-1.,2.2E-16));
#4566 = DIRECTION('',(0.,2.2E-16,1.));
#4567 = ORIENTED_EDGE('',*,*,#3887,.F.);
#4568 = ORIENTED_EDGE('',*,*,#4569,.F.);
#4569 = EDGE_CURVE('',#4570,#3888,#4572,.T.);
#4570 = VERTEX_POINT('',#4571);
#4571 = CARTESIAN_POINT('',(8.913524391791,-20.,12.371533573549));
#4572 = CIRCLE('',#4573,3.);
#4573 = AXIS2_PLACEMENT_3D('',#4574,#4575,#4576);
#4574 = CARTESIAN_POINT('',(6.68505796534,-20.,14.38));
#4575 = DIRECTION('',(0.,1.,-2.2E-16));
#4576 = DIRECTION('',(0.,2.2E-16,1.));
#4577 = ORIENTED_EDGE('',*,*,#4578,.F.);
#4578 = EDGE_CURVE('',#4579,#4570,#4581,.T.);
#4579 = VERTEX_POINT('',#4580);
#4580 = CARTESIAN_POINT('',(9.57908115148,-20.,13.24));
#4581 = CIRCLE('',#4582,3.);
#4582 = AXIS2_PLACEMENT_3D('',#4583,#4584,#4585);
#4583 = CARTESIAN_POINT('',(6.90505796534,-20.,14.6));
#4584 = DIRECTION('',(0.,1.,-2.2E-16));
#4585 = DIRECTION('',(0.,2.2E-16,1.));
#4586 = ORIENTED_EDGE('',*,*,#4587,.F.);
#4587 = EDGE_CURVE('',#3252,#4579,#4588,.T.);
#4588 = CIRCLE('',#4589,10.5);
#4589 = AXIS2_PLACEMENT_3D('',#4590,#4591,#4592);
#4590 = CARTESIAN_POINT('',(0.22,-20.,18.));
#4591 = DIRECTION('',(0.,1.,-0.));
#4592 = DIRECTION('',(-1.,0.,0.));
#4593 = ORIENTED_EDGE('',*,*,#3259,.F.);
#4594 = ORIENTED_EDGE('',*,*,#4535,.T.);
#4595 = ORIENTED_EDGE('',*,*,#4526,.T.);
#4596 = ORIENTED_EDGE('',*,*,#4597,.T.);
#4597 = EDGE_CURVE('',#4519,#4598,#4600,.T.);
#4598 = VERTEX_POINT('',#4599);
#4599 = CARTESIAN_POINT('',(6.68505796534,-20.,11.6));
#4600 = CIRCLE('',#4601,3.);
#4601 = AXIS2_PLACEMENT_3D('',#4602,#4603,#4604);
#4602 = CARTESIAN_POINT('',(6.68505796534,-20.,14.6));
#4603 = DIRECTION('',(0.,1.,-2.2E-16));
#4604 = DIRECTION('',(0.,2.2E-16,1.));
#4605 = ORIENTED_EDGE('',*,*,#4606,.T.);
#4606 = EDGE_CURVE('',#4598,#4607,#4609,.T.);
#4607 = VERTEX_POINT('',#4608);
#4608 = CARTESIAN_POINT('',(-6.68505796535,-20.,11.6));
#4609 = LINE('',#4610,#4611);
#4610 = CARTESIAN_POINT('',(8.32406150866,-20.,11.6));
#4611 = VECTOR('',#4612,1.);
#4612 = DIRECTION('',(-1.,0.,0.));
#4613 = ORIENTED_EDGE('',*,*,#4614,.F.);
#4614 = EDGE_CURVE('',#4615,#4607,#4617,.T.);
#4615 = VERTEX_POINT('',#4616);
#4616 = CARTESIAN_POINT('',(-9.35908115149,-20.,13.24));
#4617 = CIRCLE('',#4618,3.);
#4618 = AXIS2_PLACEMENT_3D('',#4619,#4620,#4621);
#4619 = CARTESIAN_POINT('',(-6.68505796535,-20.,14.6));
#4620 = DIRECTION('',(0.,-1.,2.2E-16));
#4621 = DIRECTION('',(0.,2.2E-16,1.));
#4622 = ORIENTED_EDGE('',*,*,#4623,.T.);
#4623 = EDGE_CURVE('',#4615,#4624,#4626,.T.);
#4624 = VERTEX_POINT('',#4625);
#4625 = CARTESIAN_POINT('',(-10.49942379371,-20.,17.889999999999));
#4626 = CIRCLE('',#4627,10.5);
#4627 = AXIS2_PLACEMENT_3D('',#4628,#4629,#4630);
#4628 = CARTESIAN_POINT('',(0.,-20.,18.));
#4629 = DIRECTION('',(0.,1.,-0.));
#4630 = DIRECTION('',(-1.,0.,0.));
#4631 = ORIENTED_EDGE('',*,*,#4632,.T.);
#4632 = EDGE_CURVE('',#4624,#3486,#4633,.T.);
#4633 = CIRCLE('',#4634,10.5);
#4634 = AXIS2_PLACEMENT_3D('',#4635,#4636,#4637);
#4635 = CARTESIAN_POINT('',(0.,-20.,18.));
#4636 = DIRECTION('',(0.,1.,-0.));
#4637 = DIRECTION('',(-1.,0.,0.));
#4638 = ORIENTED_EDGE('',*,*,#3493,.F.);
#4639 = ORIENTED_EDGE('',*,*,#4640,.F.);
#4640 = EDGE_CURVE('',#4551,#3494,#4641,.T.);
#4641 = CIRCLE('',#4642,10.5);
#4642 = AXIS2_PLACEMENT_3D('',#4643,#4644,#4645);
#4643 = CARTESIAN_POINT('',(-0.22,-20.,18.));
#4644 = DIRECTION('',(0.,1.,-0.));
#4645 = DIRECTION('',(-1.,0.,0.));
#4646 = PLANE('',#4647);
#4647 = AXIS2_PLACEMENT_3D('',#4648,#4649,#4650);
#4648 = CARTESIAN_POINT('',(-9.790844775541E-13,-20.,19.051039665596));
#4649 = DIRECTION('',(-0.,-1.,-0.));
#4650 = DIRECTION('',(0.,0.,-1.));
#4651 = ADVANCED_FACE('',(#4652),#4663,.F.);
#4652 = FACE_BOUND('',#4653,.F.);
#4653 = EDGE_LOOP('',(#4654,#4655,#4656,#4662));
#4654 = ORIENTED_EDGE('',*,*,#3251,.T.);
#4655 = ORIENTED_EDGE('',*,*,#4587,.T.);
#4656 = ORIENTED_EDGE('',*,*,#4657,.T.);
#4657 = EDGE_CURVE('',#4579,#3802,#4658,.T.);
#4658 = LINE('',#4659,#4660);
#4659 = CARTESIAN_POINT('',(9.57908115148,-20.,13.24));
#4660 = VECTOR('',#4661,1.);
#4661 = DIRECTION('',(0.,1.,-2.2E-16));
#4662 = ORIENTED_EDGE('',*,*,#3801,.F.);
#4663 = CYLINDRICAL_SURFACE('',#4664,10.5);
#4664 = AXIS2_PLACEMENT_3D('',#4665,#4666,#4667);
#4665 = CARTESIAN_POINT('',(0.22,-20.,18.));
#4666 = DIRECTION('',(0.,-1.,2.2E-16));
#4667 = DIRECTION('',(-1.,0.,0.));
#4668 = ADVANCED_FACE('',(#4669),#4681,.F.);
#4669 = FACE_BOUND('',#4670,.F.);
#4670 = EDGE_LOOP('',(#4671,#4672,#4673,#4679,#4680));
#4671 = ORIENTED_EDGE('',*,*,#3793,.T.);
#4672 = ORIENTED_EDGE('',*,*,#3784,.T.);
#4673 = ORIENTED_EDGE('',*,*,#4674,.T.);
#4674 = EDGE_CURVE('',#3776,#3864,#4675,.T.);
#4675 = LINE('',#4676,#4677);
#4676 = CARTESIAN_POINT('',(9.35908115148,-19.78,13.24));
#4677 = VECTOR('',#4678,1.);
#4678 = DIRECTION('',(0.,1.,-2.2E-16));
#4679 = ORIENTED_EDGE('',*,*,#3863,.F.);
#4680 = ORIENTED_EDGE('',*,*,#3235,.T.);
#4681 = CYLINDRICAL_SURFACE('',#4682,10.5);
#4682 = AXIS2_PLACEMENT_3D('',#4683,#4684,#4685);
#4683 = CARTESIAN_POINT('',(0.,-19.78,18.));
#4684 = DIRECTION('',(0.,-1.,2.2E-16));
#4685 = DIRECTION('',(-1.,0.,0.));
#4686 = ADVANCED_FACE('',(#4687),#4699,.F.);
#4687 = FACE_BOUND('',#4688,.F.);
#4688 = EDGE_LOOP('',(#4689,#4690,#4691,#4697,#4698));
#4689 = ORIENTED_EDGE('',*,*,#3517,.F.);
#4690 = ORIENTED_EDGE('',*,*,#3738,.F.);
#4691 = ORIENTED_EDGE('',*,*,#4692,.F.);
#4692 = EDGE_CURVE('',#3658,#3730,#4693,.T.);
#4693 = LINE('',#4694,#4695);
#4694 = CARTESIAN_POINT('',(-9.35908115149,-19.78,13.24));
#4695 = VECTOR('',#4696,1.);
#4696 = DIRECTION('',(0.,1.,-2.2E-16));
#4697 = ORIENTED_EDGE('',*,*,#3657,.T.);
#4698 = ORIENTED_EDGE('',*,*,#3648,.T.);
#4699 = CYLINDRICAL_SURFACE('',#4700,10.5);
#4700 = AXIS2_PLACEMENT_3D('',#4701,#4702,#4703);
#4701 = CARTESIAN_POINT('',(0.,-19.78,18.));
#4702 = DIRECTION('',(0.,-1.,2.2E-16));
#4703 = DIRECTION('',(-1.,0.,0.));
#4704 = ADVANCED_FACE('',(#4705),#4716,.F.);
#4705 = FACE_BOUND('',#4706,.F.);
#4706 = EDGE_LOOP('',(#4707,#4713,#4714,#4715));
#4707 = ORIENTED_EDGE('',*,*,#4708,.F.);
#4708 = EDGE_CURVE('',#4551,#3630,#4709,.T.);
#4709 = LINE('',#4710,#4711);
#4710 = CARTESIAN_POINT('',(-9.57908115149,-20.,13.24));
#4711 = VECTOR('',#4712,1.);
#4712 = DIRECTION('',(0.,1.,-2.2E-16));
#4713 = ORIENTED_EDGE('',*,*,#4640,.T.);
#4714 = ORIENTED_EDGE('',*,*,#3501,.F.);
#4715 = ORIENTED_EDGE('',*,*,#3640,.F.);
#4716 = CYLINDRICAL_SURFACE('',#4717,10.5);
#4717 = AXIS2_PLACEMENT_3D('',#4718,#4719,#4720);
#4718 = CARTESIAN_POINT('',(-0.22,-20.,18.));
#4719 = DIRECTION('',(0.,-1.,2.2E-16));
#4720 = DIRECTION('',(-1.,0.,0.));
#4721 = ADVANCED_FACE('',(#4722),#4734,.F.);
#4722 = FACE_BOUND('',#4723,.F.);
#4723 = EDGE_LOOP('',(#4724,#4730,#4731,#4732,#4733));
#4724 = ORIENTED_EDGE('',*,*,#4725,.F.);
#4725 = EDGE_CURVE('',#4458,#4615,#4726,.T.);
#4726 = LINE('',#4727,#4728);
#4727 = CARTESIAN_POINT('',(-9.35908115149,-20.22,13.24));
#4728 = VECTOR('',#4729,1.);
#4729 = DIRECTION('',(0.,1.,-2.2E-16));
#4730 = ORIENTED_EDGE('',*,*,#4468,.T.);
#4731 = ORIENTED_EDGE('',*,*,#3485,.F.);
#4732 = ORIENTED_EDGE('',*,*,#4632,.F.);
#4733 = ORIENTED_EDGE('',*,*,#4623,.F.);
#4734 = CYLINDRICAL_SURFACE('',#4735,10.5);
#4735 = AXIS2_PLACEMENT_3D('',#4736,#4737,#4738);
#4736 = CARTESIAN_POINT('',(0.,-20.22,18.));
#4737 = DIRECTION('',(0.,-1.,2.2E-16));
#4738 = DIRECTION('',(-1.,0.,0.));
#4739 = ADVANCED_FACE('',(#4740),#4751,.F.);
#4740 = FACE_BOUND('',#4741,.F.);
#4741 = EDGE_LOOP('',(#4742,#4743,#4744,#4745));
#4742 = ORIENTED_EDGE('',*,*,#4550,.F.);
#4743 = ORIENTED_EDGE('',*,*,#4708,.T.);
#4744 = ORIENTED_EDGE('',*,*,#3629,.T.);
#4745 = ORIENTED_EDGE('',*,*,#4746,.F.);
#4746 = EDGE_CURVE('',#4553,#3632,#4747,.T.);
#4747 = LINE('',#4748,#4749);
#4748 = CARTESIAN_POINT('',(-8.913524391801,-20.,12.371533573549));
#4749 = VECTOR('',#4750,1.);
#4750 = DIRECTION('',(0.,1.,-2.2E-16));
#4751 = CYLINDRICAL_SURFACE('',#4752,3.);
#4752 = AXIS2_PLACEMENT_3D('',#4753,#4754,#4755);
#4753 = CARTESIAN_POINT('',(-6.90505796535,-20.,14.6));
#4754 = DIRECTION('',(0.,1.,-2.2E-16));
#4755 = DIRECTION('',(-0.891341062046,-9.973333333326E-17,
    -0.453333333333));
#4756 = ADVANCED_FACE('',(#4757),#4763,.F.);
#4757 = FACE_BOUND('',#4758,.F.);
#4758 = EDGE_LOOP('',(#4759,#4760,#4761,#4762));
#4759 = ORIENTED_EDGE('',*,*,#4561,.F.);
#4760 = ORIENTED_EDGE('',*,*,#4746,.T.);
#4761 = ORIENTED_EDGE('',*,*,#3690,.T.);
#4762 = ORIENTED_EDGE('',*,*,#3906,.F.);
#4763 = CYLINDRICAL_SURFACE('',#4764,3.);
#4764 = AXIS2_PLACEMENT_3D('',#4765,#4766,#4767);
#4765 = CARTESIAN_POINT('',(-6.68505796535,-20.,14.38));
#4766 = DIRECTION('',(0.,1.,-2.2E-16));
#4767 = DIRECTION('',(-0.891341062046,-9.973333333326E-17,
    -0.453333333333));
#4768 = ADVANCED_FACE('',(#4769),#4775,.F.);
#4769 = FACE_BOUND('',#4770,.F.);
#4770 = EDGE_LOOP('',(#4771,#4772,#4773,#4774));
#4771 = ORIENTED_EDGE('',*,*,#3666,.F.);
#4772 = ORIENTED_EDGE('',*,*,#4692,.T.);
#4773 = ORIENTED_EDGE('',*,*,#3729,.T.);
#4774 = ORIENTED_EDGE('',*,*,#3715,.F.);
#4775 = CYLINDRICAL_SURFACE('',#4776,3.);
#4776 = AXIS2_PLACEMENT_3D('',#4777,#4778,#4779);
#4777 = CARTESIAN_POINT('',(-6.68505796535,-19.78,14.6));
#4778 = DIRECTION('',(0.,1.,-2.2E-16));
#4779 = DIRECTION('',(-0.891341062046,-9.973333333326E-17,
    -0.453333333333));
#4780 = ADVANCED_FACE('',(#4781),#4792,.F.);
#4781 = FACE_BOUND('',#4782,.F.);
#4782 = EDGE_LOOP('',(#4783,#4789,#4790,#4791));
#4783 = ORIENTED_EDGE('',*,*,#4784,.F.);
#4784 = EDGE_CURVE('',#4570,#3811,#4785,.T.);
#4785 = LINE('',#4786,#4787);
#4786 = CARTESIAN_POINT('',(8.913524391791,-20.,12.371533573549));
#4787 = VECTOR('',#4788,1.);
#4788 = DIRECTION('',(0.,1.,-2.2E-16));
#4789 = ORIENTED_EDGE('',*,*,#4569,.T.);
#4790 = ORIENTED_EDGE('',*,*,#3897,.T.);
#4791 = ORIENTED_EDGE('',*,*,#3819,.F.);
#4792 = CYLINDRICAL_SURFACE('',#4793,3.);
#4793 = AXIS2_PLACEMENT_3D('',#4794,#4795,#4796);
#4794 = CARTESIAN_POINT('',(6.68505796534,-20.,14.38));
#4795 = DIRECTION('',(0.,1.,-2.2E-16));
#4796 = DIRECTION('',(0.891341062046,-9.973333333326E-17,-0.453333333333
    ));
#4797 = ADVANCED_FACE('',(#4798),#4804,.F.);
#4798 = FACE_BOUND('',#4799,.F.);
#4799 = EDGE_LOOP('',(#4800,#4801,#4802,#4803));
#4800 = ORIENTED_EDGE('',*,*,#4657,.F.);
#4801 = ORIENTED_EDGE('',*,*,#4578,.T.);
#4802 = ORIENTED_EDGE('',*,*,#4784,.T.);
#4803 = ORIENTED_EDGE('',*,*,#3810,.F.);
#4804 = CYLINDRICAL_SURFACE('',#4805,3.);
#4805 = AXIS2_PLACEMENT_3D('',#4806,#4807,#4808);
#4806 = CARTESIAN_POINT('',(6.90505796534,-20.,14.6));
#4807 = DIRECTION('',(0.,1.,-2.2E-16));
#4808 = DIRECTION('',(0.891341062046,-9.973333333326E-17,-0.453333333333
    ));
#4809 = ADVANCED_FACE('',(#4810),#4816,.F.);
#4810 = FACE_BOUND('',#4811,.F.);
#4811 = EDGE_LOOP('',(#4812,#4813,#4814,#4815));
#4812 = ORIENTED_EDGE('',*,*,#4674,.F.);
#4813 = ORIENTED_EDGE('',*,*,#3775,.T.);
#4814 = ORIENTED_EDGE('',*,*,#3835,.T.);
#4815 = ORIENTED_EDGE('',*,*,#3872,.F.);
#4816 = CYLINDRICAL_SURFACE('',#4817,3.);
#4817 = AXIS2_PLACEMENT_3D('',#4818,#4819,#4820);
#4818 = CARTESIAN_POINT('',(6.68505796534,-19.78,14.6));
#4819 = DIRECTION('',(0.,1.,-2.2E-16));
#4820 = DIRECTION('',(0.891341062046,-9.973333333326E-17,-0.453333333333
    ));
#4821 = ADVANCED_FACE('',(#4822),#4841,.F.);
#4822 = FACE_BOUND('',#4823,.F.);
#4823 = EDGE_LOOP('',(#4824,#4825,#4833,#4840));
#4824 = ORIENTED_EDGE('',*,*,#3926,.F.);
#4825 = ORIENTED_EDGE('',*,*,#4826,.F.);
#4826 = EDGE_CURVE('',#4827,#3927,#4829,.T.);
#4827 = VERTEX_POINT('',#4828);
#4828 = CARTESIAN_POINT('',(18.8,-26.,22.5));
#4829 = LINE('',#4830,#4831);
#4830 = CARTESIAN_POINT('',(18.8,-26.,22.5));
#4831 = VECTOR('',#4832,1.);
#4832 = DIRECTION('',(0.,0.,1.));
#4833 = ORIENTED_EDGE('',*,*,#4834,.T.);
#4834 = EDGE_CURVE('',#4827,#4827,#4835,.T.);
#4835 = CIRCLE('',#4836,0.8);
#4836 = AXIS2_PLACEMENT_3D('',#4837,#4838,#4839);
#4837 = CARTESIAN_POINT('',(18.,-26.,22.5));
#4838 = DIRECTION('',(0.,0.,1.));
#4839 = DIRECTION('',(1.,0.,-0.));
#4840 = ORIENTED_EDGE('',*,*,#4826,.T.);
#4841 = CYLINDRICAL_SURFACE('',#4842,0.8);
#4842 = AXIS2_PLACEMENT_3D('',#4843,#4844,#4845);
#4843 = CARTESIAN_POINT('',(18.,-26.,22.5));
#4844 = DIRECTION('',(0.,0.,1.));
#4845 = DIRECTION('',(1.,0.,-0.));
#4846 = ADVANCED_FACE('',(#4847),#4861,.F.);
#4847 = FACE_BOUND('',#4848,.F.);
#4848 = EDGE_LOOP('',(#4849,#4850,#4857,#4858,#4859,#4860));
#4849 = ORIENTED_EDGE('',*,*,#4117,.F.);
#4850 = ORIENTED_EDGE('',*,*,#4851,.T.);
#4851 = EDGE_CURVE('',#4118,#3993,#4852,.T.);
#4852 = CIRCLE('',#4853,11.);
#4853 = AXIS2_PLACEMENT_3D('',#4854,#4855,#4856);
#4854 = CARTESIAN_POINT('',(0.,15.28,18.));
#4855 = DIRECTION('',(0.,-1.,2.22044604925E-16));
#4856 = DIRECTION('',(1.,0.,0.));
#4857 = ORIENTED_EDGE('',*,*,#4000,.F.);
#4858 = ORIENTED_EDGE('',*,*,#4040,.T.);
#4859 = ORIENTED_EDGE('',*,*,#4066,.T.);
#4860 = ORIENTED_EDGE('',*,*,#4091,.T.);
#4861 = PLANE('',#4862);
#4862 = AXIS2_PLACEMENT_3D('',#4863,#4864,#4865);
#4863 = CARTESIAN_POINT('',(0.,15.28,18.));
#4864 = DIRECTION('',(0.,-1.,2.22044604925E-16));
#4865 = DIRECTION('',(1.,0.,0.));
#4866 = ADVANCED_FACE('',(#4867),#4915,.F.);
#4867 = FACE_BOUND('',#4868,.F.);
#4868 = EDGE_LOOP('',(#4869,#4878,#4879,#4880,#4881,#4890,#4899,#4908));
#4869 = ORIENTED_EDGE('',*,*,#4870,.T.);
#4870 = EDGE_CURVE('',#4871,#3985,#4873,.T.);
#4871 = VERTEX_POINT('',#4872);
#4872 = CARTESIAN_POINT('',(10.999449986249,15.5,17.89));
#4873 = CIRCLE('',#4874,11.);
#4874 = AXIS2_PLACEMENT_3D('',#4875,#4876,#4877);
#4875 = CARTESIAN_POINT('',(0.,15.5,18.));
#4876 = DIRECTION('',(0.,-1.,2.22044604925E-16));
#4877 = DIRECTION('',(1.,0.,0.));
#4878 = ORIENTED_EDGE('',*,*,#3992,.F.);
#4879 = ORIENTED_EDGE('',*,*,#4851,.F.);
#4880 = ORIENTED_EDGE('',*,*,#4125,.T.);
#4881 = ORIENTED_EDGE('',*,*,#4882,.T.);
#4882 = EDGE_CURVE('',#4126,#4883,#4885,.T.);
#4883 = VERTEX_POINT('',#4884);
#4884 = CARTESIAN_POINT('',(-10.99944998624,15.5,17.889999999999));
#4885 = CIRCLE('',#4886,11.);
#4886 = AXIS2_PLACEMENT_3D('',#4887,#4888,#4889);
#4887 = CARTESIAN_POINT('',(0.,15.5,18.));
#4888 = DIRECTION('',(0.,-1.,2.22044604925E-16));
#4889 = DIRECTION('',(1.,0.,0.));
#4890 = ORIENTED_EDGE('',*,*,#4891,.T.);
#4891 = EDGE_CURVE('',#4883,#4892,#4894,.T.);
#4892 = VERTEX_POINT('',#4893);
#4893 = CARTESIAN_POINT('',(-0.11,15.5,7.000550013751));
#4894 = CIRCLE('',#4895,11.);
#4895 = AXIS2_PLACEMENT_3D('',#4896,#4897,#4898);
#4896 = CARTESIAN_POINT('',(0.,15.5,18.));
#4897 = DIRECTION('',(0.,-1.,2.22044604925E-16));
#4898 = DIRECTION('',(1.,0.,0.));
#4899 = ORIENTED_EDGE('',*,*,#4900,.T.);
#4900 = EDGE_CURVE('',#4892,#4901,#4903,.T.);
#4901 = VERTEX_POINT('',#4902);
#4902 = CARTESIAN_POINT('',(0.11,15.5,7.000550013751));
#4903 = CIRCLE('',#4904,11.);
#4904 = AXIS2_PLACEMENT_3D('',#4905,#4906,#4907);
#4905 = CARTESIAN_POINT('',(0.,15.5,18.));
#4906 = DIRECTION('',(0.,-1.,2.22044604925E-16));
#4907 = DIRECTION('',(1.,0.,0.));
#4908 = ORIENTED_EDGE('',*,*,#4909,.T.);
#4909 = EDGE_CURVE('',#4901,#4871,#4910,.T.);
#4910 = CIRCLE('',#4911,11.);
#4911 = AXIS2_PLACEMENT_3D('',#4912,#4913,#4914);
#4912 = CARTESIAN_POINT('',(0.,15.5,18.));
#4913 = DIRECTION('',(0.,-1.,2.22044604925E-16));
#4914 = DIRECTION('',(1.,0.,0.));
#4915 = CYLINDRICAL_SURFACE('',#4916,11.);
#4916 = AXIS2_PLACEMENT_3D('',#4917,#4918,#4919);
#4917 = CARTESIAN_POINT('',(0.,44.78,18.));
#4918 = DIRECTION('',(-0.,1.,-2.22044604925E-16));
#4919 = DIRECTION('',(1.,0.,0.));
#4920 = ADVANCED_FACE('',(#4921),#4955,.F.);
#4921 = FACE_BOUND('',#4922,.F.);
#4922 = EDGE_LOOP('',(#4923,#4924,#4925,#4926,#4927,#4928,#4929,#4938,
    #4947,#4954));
#4923 = ORIENTED_EDGE('',*,*,#4870,.F.);
#4924 = ORIENTED_EDGE('',*,*,#4909,.F.);
#4925 = ORIENTED_EDGE('',*,*,#4900,.F.);
#4926 = ORIENTED_EDGE('',*,*,#4891,.F.);
#4927 = ORIENTED_EDGE('',*,*,#4882,.F.);
#4928 = ORIENTED_EDGE('',*,*,#4133,.F.);
#4929 = ORIENTED_EDGE('',*,*,#4930,.T.);
#4930 = EDGE_CURVE('',#4134,#4931,#4933,.T.);
#4931 = VERTEX_POINT('',#4932);
#4932 = CARTESIAN_POINT('',(-7.887396736698,15.5,10.112603263302));
#4933 = CIRCLE('',#4934,11.);
#4934 = AXIS2_PLACEMENT_3D('',#4935,#4936,#4937);
#4935 = CARTESIAN_POINT('',(-0.22,15.5,18.));
#4936 = DIRECTION('',(0.,-1.,2.22044604925E-16));
#4937 = DIRECTION('',(1.,0.,0.));
#4938 = ORIENTED_EDGE('',*,*,#4939,.T.);
#4939 = EDGE_CURVE('',#4931,#4940,#4942,.T.);
#4940 = VERTEX_POINT('',#4941);
#4941 = CARTESIAN_POINT('',(7.887396736698,15.5,10.112603263302));
#4942 = CIRCLE('',#4943,11.);
#4943 = AXIS2_PLACEMENT_3D('',#4944,#4945,#4946);
#4944 = CARTESIAN_POINT('',(0.,15.5,17.78));
#4945 = DIRECTION('',(0.,-1.,2.22044604925E-16));
#4946 = DIRECTION('',(1.,0.,0.));
#4947 = ORIENTED_EDGE('',*,*,#4948,.T.);
#4948 = EDGE_CURVE('',#4940,#3977,#4949,.T.);
#4949 = CIRCLE('',#4950,11.);
#4950 = AXIS2_PLACEMENT_3D('',#4951,#4952,#4953);
#4951 = CARTESIAN_POINT('',(0.22,15.5,18.));
#4952 = DIRECTION('',(0.,-1.,2.22044604925E-16));
#4953 = DIRECTION('',(1.,0.,0.));
#4954 = ORIENTED_EDGE('',*,*,#3984,.F.);
#4955 = PLANE('',#4956);
#4956 = AXIS2_PLACEMENT_3D('',#4957,#4958,#4959);
#4957 = CARTESIAN_POINT('',(2.751735997436E-02,15.5,16.404190119497));
#4958 = DIRECTION('',(-0.,-1.,-0.));
#4959 = DIRECTION('',(0.,0.,-1.));
#4960 = ADVANCED_FACE('',(#4961),#4980,.F.);
#4961 = FACE_BOUND('',#4962,.F.);
#4962 = EDGE_LOOP('',(#4963,#4964,#4965,#4973));
#4963 = ORIENTED_EDGE('',*,*,#3976,.F.);
#4964 = ORIENTED_EDGE('',*,*,#4948,.F.);
#4965 = ORIENTED_EDGE('',*,*,#4966,.T.);
#4966 = EDGE_CURVE('',#4940,#4967,#4969,.T.);
#4967 = VERTEX_POINT('',#4968);
#4968 = CARTESIAN_POINT('',(7.887396736698,45.,10.112603263302));
#4969 = LINE('',#4970,#4971);
#4970 = CARTESIAN_POINT('',(7.887396736698,45.,10.112603263302));
#4971 = VECTOR('',#4972,1.);
#4972 = DIRECTION('',(-0.,1.,-2.22044604925E-16));
#4973 = ORIENTED_EDGE('',*,*,#4974,.T.);
#4974 = EDGE_CURVE('',#4967,#3969,#4975,.T.);
#4975 = CIRCLE('',#4976,11.);
#4976 = AXIS2_PLACEMENT_3D('',#4977,#4978,#4979);
#4977 = CARTESIAN_POINT('',(0.22,45.,18.));
#4978 = DIRECTION('',(0.,-1.,2.22044604925E-16));
#4979 = DIRECTION('',(1.,0.,0.));
#4980 = CYLINDRICAL_SURFACE('',#4981,11.);
#4981 = AXIS2_PLACEMENT_3D('',#4982,#4983,#4984);
#4982 = CARTESIAN_POINT('',(0.22,45.,18.));
#4983 = DIRECTION('',(-0.,1.,-2.22044604925E-16));
#4984 = DIRECTION('',(1.,0.,0.));
#4985 = ADVANCED_FACE('',(#4986),#5050,.F.);
#4986 = FACE_BOUND('',#4987,.F.);
#4987 = EDGE_LOOP('',(#4988,#4989,#4998,#5005,#5006,#5015,#5024,#5033,
    #5042,#5049));
#4988 = ORIENTED_EDGE('',*,*,#4974,.F.);
#4989 = ORIENTED_EDGE('',*,*,#4990,.F.);
#4990 = EDGE_CURVE('',#4991,#4967,#4993,.T.);
#4991 = VERTEX_POINT('',#4992);
#4992 = CARTESIAN_POINT('',(-7.887396736698,45.,10.112603263302));
#4993 = CIRCLE('',#4994,11.);
#4994 = AXIS2_PLACEMENT_3D('',#4995,#4996,#4997);
#4995 = CARTESIAN_POINT('',(0.,45.,17.78));
#4996 = DIRECTION('',(0.,-1.,2.22044604925E-16));
#4997 = DIRECTION('',(1.,0.,0.));
#4998 = ORIENTED_EDGE('',*,*,#4999,.F.);
#4999 = EDGE_CURVE('',#4142,#4991,#5000,.T.);
#5000 = CIRCLE('',#5001,11.);
#5001 = AXIS2_PLACEMENT_3D('',#5002,#5003,#5004);
#5002 = CARTESIAN_POINT('',(-0.22,45.,18.));
#5003 = DIRECTION('',(0.,-1.,2.22044604925E-16));
#5004 = DIRECTION('',(1.,0.,0.));
#5005 = ORIENTED_EDGE('',*,*,#4149,.F.);
#5006 = ORIENTED_EDGE('',*,*,#5007,.T.);
#5007 = EDGE_CURVE('',#4150,#5008,#5010,.T.);
#5008 = VERTEX_POINT('',#5009);
#5009 = CARTESIAN_POINT('',(-10.99944998624,45.,17.889999999999));
#5010 = CIRCLE('',#5011,11.);
#5011 = AXIS2_PLACEMENT_3D('',#5012,#5013,#5014);
#5012 = CARTESIAN_POINT('',(0.,45.,18.));
#5013 = DIRECTION('',(0.,-1.,2.22044604925E-16));
#5014 = DIRECTION('',(1.,0.,0.));
#5015 = ORIENTED_EDGE('',*,*,#5016,.T.);
#5016 = EDGE_CURVE('',#5008,#5017,#5019,.T.);
#5017 = VERTEX_POINT('',#5018);
#5018 = CARTESIAN_POINT('',(-0.110000000001,45.,7.000550013751));
#5019 = CIRCLE('',#5020,11.);
#5020 = AXIS2_PLACEMENT_3D('',#5021,#5022,#5023);
#5021 = CARTESIAN_POINT('',(0.,45.,18.));
#5022 = DIRECTION('',(0.,-1.,2.22044604925E-16));
#5023 = DIRECTION('',(1.,0.,0.));
#5024 = ORIENTED_EDGE('',*,*,#5025,.T.);
#5025 = EDGE_CURVE('',#5017,#5026,#5028,.T.);
#5026 = VERTEX_POINT('',#5027);
#5027 = CARTESIAN_POINT('',(0.11,45.,7.000550013751));
#5028 = CIRCLE('',#5029,11.);
#5029 = AXIS2_PLACEMENT_3D('',#5030,#5031,#5032);
#5030 = CARTESIAN_POINT('',(0.,45.,18.));
#5031 = DIRECTION('',(0.,-1.,2.22044604925E-16));
#5032 = DIRECTION('',(1.,0.,0.));
#5033 = ORIENTED_EDGE('',*,*,#5034,.T.);
#5034 = EDGE_CURVE('',#5026,#5035,#5037,.T.);
#5035 = VERTEX_POINT('',#5036);
#5036 = CARTESIAN_POINT('',(10.999449986249,45.,17.89));
#5037 = CIRCLE('',#5038,11.);
#5038 = AXIS2_PLACEMENT_3D('',#5039,#5040,#5041);
#5039 = CARTESIAN_POINT('',(0.,45.,18.));
#5040 = DIRECTION('',(0.,-1.,2.22044604925E-16));
#5041 = DIRECTION('',(1.,0.,0.));
#5042 = ORIENTED_EDGE('',*,*,#5043,.T.);
#5043 = EDGE_CURVE('',#5035,#3961,#5044,.T.);
#5044 = CIRCLE('',#5045,11.);
#5045 = AXIS2_PLACEMENT_3D('',#5046,#5047,#5048);
#5046 = CARTESIAN_POINT('',(0.,45.,18.));
#5047 = DIRECTION('',(0.,-1.,2.22044604925E-16));
#5048 = DIRECTION('',(1.,0.,0.));
#5049 = ORIENTED_EDGE('',*,*,#3968,.F.);
#5050 = PLANE('',#5051);
#5051 = AXIS2_PLACEMENT_3D('',#5052,#5053,#5054);
#5052 = CARTESIAN_POINT('',(6.63277549559E-02,45.,18.));
#5053 = DIRECTION('',(0.,1.,0.));
#5054 = DIRECTION('',(0.,-0.,1.));
#5055 = ADVANCED_FACE('',(#5056),#5072,.F.);
#5056 = FACE_BOUND('',#5057,.F.);
#5057 = EDGE_LOOP('',(#5058,#5059,#5060,#5067,#5068,#5069,#5070,#5071));
#5058 = ORIENTED_EDGE('',*,*,#5007,.F.);
#5059 = ORIENTED_EDGE('',*,*,#4157,.T.);
#5060 = ORIENTED_EDGE('',*,*,#5061,.T.);
#5061 = EDGE_CURVE('',#4158,#3953,#5062,.T.);
#5062 = CIRCLE('',#5063,11.);
#5063 = AXIS2_PLACEMENT_3D('',#5064,#5065,#5066);
#5064 = CARTESIAN_POINT('',(0.,45.22,18.));
#5065 = DIRECTION('',(0.,-1.,2.22044604925E-16));
#5066 = DIRECTION('',(1.,0.,0.));
#5067 = ORIENTED_EDGE('',*,*,#3960,.T.);
#5068 = ORIENTED_EDGE('',*,*,#5043,.F.);
#5069 = ORIENTED_EDGE('',*,*,#5034,.F.);
#5070 = ORIENTED_EDGE('',*,*,#5025,.F.);
#5071 = ORIENTED_EDGE('',*,*,#5016,.F.);
#5072 = CYLINDRICAL_SURFACE('',#5073,11.);
#5073 = AXIS2_PLACEMENT_3D('',#5074,#5075,#5076);
#5074 = CARTESIAN_POINT('',(0.,45.22,18.));
#5075 = DIRECTION('',(-0.,1.,-2.22044604925E-16));
#5076 = DIRECTION('',(1.,0.,0.));
#5077 = ADVANCED_FACE('',(#5078),#5090,.T.);
#5078 = FACE_BOUND('',#5079,.T.);
#5079 = EDGE_LOOP('',(#5080,#5081,#5082,#5083,#5084,#5085,#5086,#5087,
    #5088,#5089));
#5080 = ORIENTED_EDGE('',*,*,#4165,.F.);
#5081 = ORIENTED_EDGE('',*,*,#5061,.T.);
#5082 = ORIENTED_EDGE('',*,*,#3952,.F.);
#5083 = ORIENTED_EDGE('',*,*,#4267,.T.);
#5084 = ORIENTED_EDGE('',*,*,#4292,.F.);
#5085 = ORIENTED_EDGE('',*,*,#4317,.T.);
#5086 = ORIENTED_EDGE('',*,*,#4343,.F.);
#5087 = ORIENTED_EDGE('',*,*,#4367,.T.);
#5088 = ORIENTED_EDGE('',*,*,#4392,.F.);
#5089 = ORIENTED_EDGE('',*,*,#4416,.T.);
#5090 = PLANE('',#5091);
#5091 = AXIS2_PLACEMENT_3D('',#5092,#5093,#5094);
#5092 = CARTESIAN_POINT('',(0.,45.22,18.));
#5093 = DIRECTION('',(0.,-1.,2.22044604925E-16));
#5094 = DIRECTION('',(1.,0.,0.));
#5095 = ADVANCED_FACE('',(#5096),#5107,.F.);
#5096 = FACE_BOUND('',#5097,.F.);
#5097 = EDGE_LOOP('',(#5098,#5099,#5100,#5101));
#5098 = ORIENTED_EDGE('',*,*,#4930,.F.);
#5099 = ORIENTED_EDGE('',*,*,#4141,.T.);
#5100 = ORIENTED_EDGE('',*,*,#4999,.T.);
#5101 = ORIENTED_EDGE('',*,*,#5102,.F.);
#5102 = EDGE_CURVE('',#4931,#4991,#5103,.T.);
#5103 = LINE('',#5104,#5105);
#5104 = CARTESIAN_POINT('',(-7.887396736698,45.,10.112603263302));
#5105 = VECTOR('',#5106,1.);
#5106 = DIRECTION('',(-0.,1.,-2.22044604925E-16));
#5107 = CYLINDRICAL_SURFACE('',#5108,11.);
#5108 = AXIS2_PLACEMENT_3D('',#5109,#5110,#5111);
#5109 = CARTESIAN_POINT('',(-0.22,45.,18.));
#5110 = DIRECTION('',(-0.,1.,-2.22044604925E-16));
#5111 = DIRECTION('',(1.,0.,0.));
#5112 = ADVANCED_FACE('',(#5113),#5132,.F.);
#5113 = FACE_BOUND('',#5114,.F.);
#5114 = EDGE_LOOP('',(#5115,#5116,#5124,#5131));
#5115 = ORIENTED_EDGE('',*,*,#4210,.F.);
#5116 = ORIENTED_EDGE('',*,*,#5117,.F.);
#5117 = EDGE_CURVE('',#5118,#4211,#5120,.T.);
#5118 = VERTEX_POINT('',#5119);
#5119 = CARTESIAN_POINT('',(-17.2,28.,20.5));
#5120 = LINE('',#5121,#5122);
#5121 = CARTESIAN_POINT('',(-17.2,28.,20.5));
#5122 = VECTOR('',#5123,1.);
#5123 = DIRECTION('',(0.,0.,1.));
#5124 = ORIENTED_EDGE('',*,*,#5125,.T.);
#5125 = EDGE_CURVE('',#5118,#5118,#5126,.T.);
#5126 = CIRCLE('',#5127,0.8);
#5127 = AXIS2_PLACEMENT_3D('',#5128,#5129,#5130);
#5128 = CARTESIAN_POINT('',(-18.,28.,20.5));
#5129 = DIRECTION('',(0.,0.,1.));
#5130 = DIRECTION('',(1.,0.,-0.));
#5131 = ORIENTED_EDGE('',*,*,#5117,.T.);
#5132 = CYLINDRICAL_SURFACE('',#5133,0.8);
#5133 = AXIS2_PLACEMENT_3D('',#5134,#5135,#5136);
#5134 = CARTESIAN_POINT('',(-18.,28.,20.5));
#5135 = DIRECTION('',(0.,0.,1.));
#5136 = DIRECTION('',(1.,0.,-0.));
#5137 = ADVANCED_FACE('',(#5138),#5157,.F.);
#5138 = FACE_BOUND('',#5139,.F.);
#5139 = EDGE_LOOP('',(#5140,#5141,#5149,#5156));
#5140 = ORIENTED_EDGE('',*,*,#4238,.F.);
#5141 = ORIENTED_EDGE('',*,*,#5142,.F.);
#5142 = EDGE_CURVE('',#5143,#4239,#5145,.T.);
#5143 = VERTEX_POINT('',#5144);
#5144 = CARTESIAN_POINT('',(18.8,28.,20.5));
#5145 = LINE('',#5146,#5147);
#5146 = CARTESIAN_POINT('',(18.8,28.,20.5));
#5147 = VECTOR('',#5148,1.);
#5148 = DIRECTION('',(0.,0.,1.));
#5149 = ORIENTED_EDGE('',*,*,#5150,.T.);
#5150 = EDGE_CURVE('',#5143,#5143,#5151,.T.);
#5151 = CIRCLE('',#5152,0.8);
#5152 = AXIS2_PLACEMENT_3D('',#5153,#5154,#5155);
#5153 = CARTESIAN_POINT('',(18.,28.,20.5));
#5154 = DIRECTION('',(0.,0.,1.));
#5155 = DIRECTION('',(1.,0.,-0.));
#5156 = ORIENTED_EDGE('',*,*,#5142,.T.);
#5157 = CYLINDRICAL_SURFACE('',#5158,0.8);
#5158 = AXIS2_PLACEMENT_3D('',#5159,#5160,#5161);
#5159 = CARTESIAN_POINT('',(18.,28.,20.5));
#5160 = DIRECTION('',(0.,0.,1.));
#5161 = DIRECTION('',(1.,0.,-0.));
#5162 = ADVANCED_FACE('',(#5163),#5166,.T.);
#5163 = FACE_BOUND('',#5164,.F.);
#5164 = EDGE_LOOP('',(#5165));
#5165 = ORIENTED_EDGE('',*,*,#4441,.F.);
#5166 = PLANE('',#5167);
#5167 = AXIS2_PLACEMENT_3D('',#5168,#5169,#5170);
#5168 = CARTESIAN_POINT('',(-18.,-26.,22.5));
#5169 = DIRECTION('',(0.,0.,1.));
#5170 = DIRECTION('',(1.,0.,-0.));
#5171 = ADVANCED_FACE('',(#5172),#5183,.F.);
#5172 = FACE_BOUND('',#5173,.F.);
#5173 = EDGE_LOOP('',(#5174,#5175,#5176,#5177));
#5174 = ORIENTED_EDGE('',*,*,#4457,.F.);
#5175 = ORIENTED_EDGE('',*,*,#4725,.T.);
#5176 = ORIENTED_EDGE('',*,*,#4614,.T.);
#5177 = ORIENTED_EDGE('',*,*,#5178,.F.);
#5178 = EDGE_CURVE('',#4460,#4607,#5179,.T.);
#5179 = LINE('',#5180,#5181);
#5180 = CARTESIAN_POINT('',(-6.68505796535,-20.22,11.6));
#5181 = VECTOR('',#5182,1.);
#5182 = DIRECTION('',(0.,1.,-2.2E-16));
#5183 = CYLINDRICAL_SURFACE('',#5184,3.);
#5184 = AXIS2_PLACEMENT_3D('',#5185,#5186,#5187);
#5185 = CARTESIAN_POINT('',(-6.68505796535,-20.22,14.6));
#5186 = DIRECTION('',(0.,1.,-2.2E-16));
#5187 = DIRECTION('',(-0.891341062046,-9.973333333326E-17,
    -0.453333333333));
#5188 = ADVANCED_FACE('',(#5189),#5200,.T.);
#5189 = FACE_BOUND('',#5190,.T.);
#5190 = EDGE_LOOP('',(#5191,#5192,#5198,#5199));
#5191 = ORIENTED_EDGE('',*,*,#4502,.F.);
#5192 = ORIENTED_EDGE('',*,*,#5193,.T.);
#5193 = EDGE_CURVE('',#4494,#4598,#5194,.T.);
#5194 = LINE('',#5195,#5196);
#5195 = CARTESIAN_POINT('',(6.68505796534,-20.22,11.6));
#5196 = VECTOR('',#5197,1.);
#5197 = DIRECTION('',(0.,1.,-2.2E-16));
#5198 = ORIENTED_EDGE('',*,*,#4606,.T.);
#5199 = ORIENTED_EDGE('',*,*,#5178,.F.);
#5200 = PLANE('',#5201);
#5201 = AXIS2_PLACEMENT_3D('',#5202,#5203,#5204);
#5202 = CARTESIAN_POINT('',(8.32406150866,-20.22,11.6));
#5203 = DIRECTION('',(0.,2.2E-16,1.));
#5204 = DIRECTION('',(-1.,0.,0.));
#5205 = ADVANCED_FACE('',(#5206),#5212,.F.);
#5206 = FACE_BOUND('',#5207,.F.);
#5207 = EDGE_LOOP('',(#5208,#5209,#5210,#5211));
#5208 = ORIENTED_EDGE('',*,*,#4518,.F.);
#5209 = ORIENTED_EDGE('',*,*,#4493,.T.);
#5210 = ORIENTED_EDGE('',*,*,#5193,.T.);
#5211 = ORIENTED_EDGE('',*,*,#4597,.F.);
#5212 = CYLINDRICAL_SURFACE('',#5213,3.);
#5213 = AXIS2_PLACEMENT_3D('',#5214,#5215,#5216);
#5214 = CARTESIAN_POINT('',(6.68505796534,-20.22,14.6));
#5215 = DIRECTION('',(0.,1.,-2.2E-16));
#5216 = DIRECTION('',(0.891341062046,-9.973333333326E-17,-0.453333333333
    ));
#5217 = ADVANCED_FACE('',(#5218),#5221,.T.);
#5218 = FACE_BOUND('',#5219,.F.);
#5219 = EDGE_LOOP('',(#5220));
#5220 = ORIENTED_EDGE('',*,*,#4834,.F.);
#5221 = PLANE('',#5222);
#5222 = AXIS2_PLACEMENT_3D('',#5223,#5224,#5225);
#5223 = CARTESIAN_POINT('',(18.,-26.,22.5));
#5224 = DIRECTION('',(0.,0.,1.));
#5225 = DIRECTION('',(1.,0.,-0.));
#5226 = ADVANCED_FACE('',(#5227),#5233,.F.);
#5227 = FACE_BOUND('',#5228,.F.);
#5228 = EDGE_LOOP('',(#5229,#5230,#5231,#5232));
#5229 = ORIENTED_EDGE('',*,*,#4939,.F.);
#5230 = ORIENTED_EDGE('',*,*,#5102,.T.);
#5231 = ORIENTED_EDGE('',*,*,#4990,.T.);
#5232 = ORIENTED_EDGE('',*,*,#4966,.F.);
#5233 = CYLINDRICAL_SURFACE('',#5234,11.);
#5234 = AXIS2_PLACEMENT_3D('',#5235,#5236,#5237);
#5235 = CARTESIAN_POINT('',(0.,45.,17.78));
#5236 = DIRECTION('',(-0.,1.,-2.22044604925E-16));
#5237 = DIRECTION('',(1.,0.,0.));
#5238 = ADVANCED_FACE('',(#5239),#5242,.T.);
#5239 = FACE_BOUND('',#5240,.F.);
#5240 = EDGE_LOOP('',(#5241));
#5241 = ORIENTED_EDGE('',*,*,#5125,.F.);
#5242 = PLANE('',#5243);
#5243 = AXIS2_PLACEMENT_3D('',#5244,#5245,#5246);
#5244 = CARTESIAN_POINT('',(-18.,28.,20.5));
#5245 = DIRECTION('',(0.,0.,1.));
#5246 = DIRECTION('',(1.,0.,-0.));
#5247 = ADVANCED_FACE('',(#5248),#5251,.T.);
#5248 = FACE_BOUND('',#5249,.F.);
#5249 = EDGE_LOOP('',(#5250));
#5250 = ORIENTED_EDGE('',*,*,#5150,.F.);
#5251 = PLANE('',#5252);
#5252 = AXIS2_PLACEMENT_3D('',#5253,#5254,#5255);
#5253 = CARTESIAN_POINT('',(18.,28.,20.5));
#5254 = DIRECTION('',(0.,0.,1.));
#5255 = DIRECTION('',(1.,0.,-0.));
#5256 = ( GEOMETRIC_REPRESENTATION_CONTEXT(3) 
GLOBAL_UNCERTAINTY_ASSIGNED_CONTEXT((#5260)) 
GLOBAL_UNIT_ASSIGNED_CONTEXT((#5257,#5258,#5259)) REPRESENTATION_CONTEXT
('Context #1','3D Context with UNIT and UNCERTAINTY') );
#5257 = ( LENGTH_UNIT() NAMED_UNIT(*) SI_UNIT(.MILLI.,.METRE.) );
#5258 = ( NAMED_UNIT(*) PLANE_ANGLE_UNIT() SI_UNIT($,.RADIAN.) );
#5259 = ( NAMED_UNIT(*) SI_UNIT($,.STERADIAN.) SOLID_ANGLE_UNIT() );
#5260 = UNCERTAINTY_MEASURE_WITH_UNIT(LENGTH_MEASURE(1.E-07),#5257,
  'distance_accuracy_value','confusion accuracy');
#5261 = PRODUCT_RELATED_PRODUCT_CATEGORY('part',$,(#7));
ENDSEC;
END-ISO-10303-21;
