ISO-10303-21;
HEADER;
FILE_DESCRIPTION(('FreeCAD Model'),'2;1');
FILE_NAME('Open CASCADE Shape Model','2026-06-16T15:29:46',(''),(''),
  'Open CASCADE STEP processor 7.8','FreeCAD','Unknown');
FILE_SCHEMA(('AUTOMOTIVE_DESIGN { 1 0 10303 214 1 1 1 1 }'));
ENDSEC;
DATA;
#1 = APPLICATION_PROTOCOL_DEFINITION('international standard',
  'automotive_design',2000,#2);
#2 = APPLICATION_CONTEXT(
  'core data for automotive mechanical design processes');
#3 = SHAPE_DEFINITION_REPRESENTATION(#4,#10);
#4 = PRODUCT_DEFINITION_SHAPE('','',#5);
#5 = PRODUCT_DEFINITION('design','',#6,#9);
#6 = PRODUCT_DEFINITION_FORMATION('','',#7);
#7 = PRODUCT('Body','Body','',(#8));
#8 = PRODUCT_CONTEXT('',#2,'mechanical');
#9 = PRODUCT_DEFINITION_CONTEXT('part definition',#2,'design');
#10 = ADVANCED_BREP_SHAPE_REPRESENTATION('',(#11,#15),#4443);
#11 = AXIS2_PLACEMENT_3D('',#12,#13,#14);
#12 = CARTESIAN_POINT('',(0.,0.,0.));
#13 = DIRECTION('',(0.,0.,1.));
#14 = DIRECTION('',(1.,0.,-0.));
#15 = MANIFOLD_SOLID_BREP('',#16);
#16 = CLOSED_SHELL('',(#17,#183,#214,#239,#285,#309,#333,#358,#494,#518,
    #542,#588,#676,#700,#724,#853,#1052,#1251,#1518,#1785,#1965,#2026,
    #2050,#2093,#2117,#2293,#2335,#2360,#2395,#2437,#2462,#2497,#2509,
    #2571,#2596,#2771,#2783,#2800,#2842,#2867,#2902,#2944,#2969,#3004,
    #3028,#3072,#3089,#3111,#3123,#3133,#3155,#3167,#3177,#3194,#3211,
    #3221,#3238,#3255,#3265,#3307,#3332,#3356,#3374,#3416,#3441,#3465,
    #3483,#3514,#3539,#3574,#3592,#3623,#3648,#3683,#3701,#3725,#3742,
    #3754,#3766,#3791,#3816,#3840,#3865,#3883,#3908,#3933,#3958,#3983,
    #4000,#4020,#4040,#4064,#4081,#4093,#4105,#4130,#4155,#4179,#4204,
    #4222,#4247,#4272,#4296,#4321,#4339,#4359,#4379,#4395,#4411,#4427));
#17 = ADVANCED_FACE('',(#18,#134,#145,#156,#167),#178,.T.);
#18 = FACE_BOUND('',#19,.T.);
#19 = EDGE_LOOP('',(#20,#30,#39,#47,#56,#64,#72,#80,#88,#96,#104,#112,
    #120,#128));
#20 = ORIENTED_EDGE('',*,*,#21,.F.);
#21 = EDGE_CURVE('',#22,#24,#26,.T.);
#22 = VERTEX_POINT('',#23);
#23 = CARTESIAN_POINT('',(20.,-11.5,-9.5));
#24 = VERTEX_POINT('',#25);
#25 = CARTESIAN_POINT('',(20.,-11.5,-16.));
#26 = LINE('',#27,#28);
#27 = CARTESIAN_POINT('',(20.,-11.5,-1.5));
#28 = VECTOR('',#29,1.);
#29 = DIRECTION('',(0.,0.,-1.));
#30 = ORIENTED_EDGE('',*,*,#31,.T.);
#31 = EDGE_CURVE('',#22,#32,#34,.T.);
#32 = VERTEX_POINT('',#33);
#33 = CARTESIAN_POINT('',(12.,-11.5,-1.5));
#34 = CIRCLE('',#35,8.);
#35 = AXIS2_PLACEMENT_3D('',#36,#37,#38);
#36 = CARTESIAN_POINT('',(12.,-11.5,-9.5));
#37 = DIRECTION('',(0.,-1.,0.));
#38 = DIRECTION('',(0.,0.,1.));
#39 = ORIENTED_EDGE('',*,*,#40,.T.);
#40 = EDGE_CURVE('',#32,#41,#43,.T.);
#41 = VERTEX_POINT('',#42);
#42 = CARTESIAN_POINT('',(-12.,-11.5,-1.5));
#43 = LINE('',#44,#45);
#44 = CARTESIAN_POINT('',(22.,-11.5,-1.5));
#45 = VECTOR('',#46,1.);
#46 = DIRECTION('',(-1.,0.,0.));
#47 = ORIENTED_EDGE('',*,*,#48,.T.);
#48 = EDGE_CURVE('',#41,#49,#51,.T.);
#49 = VERTEX_POINT('',#50);
#50 = CARTESIAN_POINT('',(-20.,-11.5,-9.5));
#51 = CIRCLE('',#52,8.);
#52 = AXIS2_PLACEMENT_3D('',#53,#54,#55);
#53 = CARTESIAN_POINT('',(-12.,-11.5,-9.5));
#54 = DIRECTION('',(0.,-1.,0.));
#55 = DIRECTION('',(0.,0.,-1.));
#56 = ORIENTED_EDGE('',*,*,#57,.T.);
#57 = EDGE_CURVE('',#49,#58,#60,.T.);
#58 = VERTEX_POINT('',#59);
#59 = CARTESIAN_POINT('',(-20.,-11.5,-16.));
#60 = LINE('',#61,#62);
#61 = CARTESIAN_POINT('',(-20.,-11.5,-1.5));
#62 = VECTOR('',#63,1.);
#63 = DIRECTION('',(0.,0.,-1.));
#64 = ORIENTED_EDGE('',*,*,#65,.F.);
#65 = EDGE_CURVE('',#66,#58,#68,.T.);
#66 = VERTEX_POINT('',#67);
#67 = CARTESIAN_POINT('',(-78.8,-11.5,-16.));
#68 = LINE('',#69,#70);
#69 = CARTESIAN_POINT('',(0.,-11.5,-16.));
#70 = VECTOR('',#71,1.);
#71 = DIRECTION('',(1.,0.,0.));
#72 = ORIENTED_EDGE('',*,*,#73,.T.);
#73 = EDGE_CURVE('',#66,#74,#76,.T.);
#74 = VERTEX_POINT('',#75);
#75 = CARTESIAN_POINT('',(-78.8,-11.5,14.));
#76 = LINE('',#77,#78);
#77 = CARTESIAN_POINT('',(-78.8,-11.5,-13.5));
#78 = VECTOR('',#79,1.);
#79 = DIRECTION('',(0.,0.,1.));
#80 = ORIENTED_EDGE('',*,*,#81,.F.);
#81 = EDGE_CURVE('',#82,#74,#84,.T.);
#82 = VERTEX_POINT('',#83);
#83 = CARTESIAN_POINT('',(-22.,-11.5,14.));
#84 = LINE('',#85,#86);
#85 = CARTESIAN_POINT('',(-63.67908587257,-11.5,14.));
#86 = VECTOR('',#87,1.);
#87 = DIRECTION('',(-1.,0.,0.));
#88 = ORIENTED_EDGE('',*,*,#89,.T.);
#89 = EDGE_CURVE('',#82,#90,#92,.T.);
#90 = VERTEX_POINT('',#91);
#91 = CARTESIAN_POINT('',(-22.,-11.5,1.5));
#92 = LINE('',#93,#94);
#93 = CARTESIAN_POINT('',(-22.,-11.5,-0.375));
#94 = VECTOR('',#95,1.);
#95 = DIRECTION('',(0.,0.,-1.));
#96 = ORIENTED_EDGE('',*,*,#97,.T.);
#97 = EDGE_CURVE('',#90,#98,#100,.T.);
#98 = VERTEX_POINT('',#99);
#99 = CARTESIAN_POINT('',(22.,-11.5,1.5));
#100 = LINE('',#101,#102);
#101 = CARTESIAN_POINT('',(-22.,-11.5,1.5));
#102 = VECTOR('',#103,1.);
#103 = DIRECTION('',(1.,0.,0.));
#104 = ORIENTED_EDGE('',*,*,#105,.F.);
#105 = EDGE_CURVE('',#106,#98,#108,.T.);
#106 = VERTEX_POINT('',#107);
#107 = CARTESIAN_POINT('',(22.,-11.5,14.));
#108 = LINE('',#109,#110);
#109 = CARTESIAN_POINT('',(22.,-11.5,-0.375));
#110 = VECTOR('',#111,1.);
#111 = DIRECTION('',(0.,0.,-1.));
#112 = ORIENTED_EDGE('',*,*,#113,.F.);
#113 = EDGE_CURVE('',#114,#106,#116,.T.);
#114 = VERTEX_POINT('',#115);
#115 = CARTESIAN_POINT('',(78.8,-11.5,14.));
#116 = LINE('',#117,#118);
#117 = CARTESIAN_POINT('',(24.85,-11.5,14.));
#118 = VECTOR('',#119,1.);
#119 = DIRECTION('',(-1.,0.,0.));
#120 = ORIENTED_EDGE('',*,*,#121,.F.);
#121 = EDGE_CURVE('',#122,#114,#124,.T.);
#122 = VERTEX_POINT('',#123);
#123 = CARTESIAN_POINT('',(78.8,-11.5,-16.));
#124 = LINE('',#125,#126);
#125 = CARTESIAN_POINT('',(78.8,-11.5,-13.5));
#126 = VECTOR('',#127,1.);
#127 = DIRECTION('',(0.,0.,1.));
#128 = ORIENTED_EDGE('',*,*,#129,.F.);
#129 = EDGE_CURVE('',#24,#122,#130,.T.);
#130 = LINE('',#131,#132);
#131 = CARTESIAN_POINT('',(10.,-11.5,-16.));
#132 = VECTOR('',#133,1.);
#133 = DIRECTION('',(1.,0.,0.));
#134 = FACE_BOUND('',#135,.T.);
#135 = EDGE_LOOP('',(#136));
#136 = ORIENTED_EDGE('',*,*,#137,.T.);
#137 = EDGE_CURVE('',#138,#138,#140,.T.);
#138 = VERTEX_POINT('',#139);
#139 = CARTESIAN_POINT('',(-74.7,-11.5,-1.110223024625E-16));
#140 = CIRCLE('',#141,11.);
#141 = AXIS2_PLACEMENT_3D('',#142,#143,#144);
#142 = CARTESIAN_POINT('',(-63.7,-11.5,-1.110223024625E-16));
#143 = DIRECTION('',(0.,-1.,2.22044604925E-16));
#144 = DIRECTION('',(-1.,0.,0.));
#145 = FACE_BOUND('',#146,.T.);
#146 = EDGE_LOOP('',(#147));
#147 = ORIENTED_EDGE('',*,*,#148,.T.);
#148 = EDGE_CURVE('',#149,#149,#151,.T.);
#149 = VERTEX_POINT('',#150);
#150 = CARTESIAN_POINT('',(-47.,-11.5,-3.330669073875E-16));
#151 = CIRCLE('',#152,11.);
#152 = AXIS2_PLACEMENT_3D('',#153,#154,#155);
#153 = CARTESIAN_POINT('',(-36.,-11.5,-3.330669073875E-16));
#154 = DIRECTION('',(0.,-1.,2.22044604925E-16));
#155 = DIRECTION('',(-1.,0.,0.));
#156 = FACE_BOUND('',#157,.T.);
#157 = EDGE_LOOP('',(#158));
#158 = ORIENTED_EDGE('',*,*,#159,.T.);
#159 = EDGE_CURVE('',#160,#160,#162,.T.);
#160 = VERTEX_POINT('',#161);
#161 = CARTESIAN_POINT('',(25.,-11.5,-3.330669073875E-16));
#162 = CIRCLE('',#163,11.);
#163 = AXIS2_PLACEMENT_3D('',#164,#165,#166);
#164 = CARTESIAN_POINT('',(36.,-11.5,-3.330669073875E-16));
#165 = DIRECTION('',(0.,-1.,2.22044604925E-16));
#166 = DIRECTION('',(-1.,0.,0.));
#167 = FACE_BOUND('',#168,.T.);
#168 = EDGE_LOOP('',(#169));
#169 = ORIENTED_EDGE('',*,*,#170,.T.);
#170 = EDGE_CURVE('',#171,#171,#173,.T.);
#171 = VERTEX_POINT('',#172);
#172 = CARTESIAN_POINT('',(52.7,-11.5,-1.110223024625E-16));
#173 = CIRCLE('',#174,11.);
#174 = AXIS2_PLACEMENT_3D('',#175,#176,#177);
#175 = CARTESIAN_POINT('',(63.7,-11.5,-1.110223024625E-16));
#176 = DIRECTION('',(0.,-1.,2.22044604925E-16));
#177 = DIRECTION('',(-1.,0.,0.));
#178 = PLANE('',#179);
#179 = AXIS2_PLACEMENT_3D('',#180,#181,#182);
#180 = CARTESIAN_POINT('',(3.178569554192E-15,-11.5,-0.944082013048));
#181 = DIRECTION('',(0.,1.,0.));
#182 = DIRECTION('',(0.,0.,1.));
#183 = ADVANCED_FACE('',(#184),#209,.F.);
#184 = FACE_BOUND('',#185,.F.);
#185 = EDGE_LOOP('',(#186,#187,#195,#203));
#186 = ORIENTED_EDGE('',*,*,#21,.F.);
#187 = ORIENTED_EDGE('',*,*,#188,.F.);
#188 = EDGE_CURVE('',#189,#22,#191,.T.);
#189 = VERTEX_POINT('',#190);
#190 = CARTESIAN_POINT('',(20.,-73.5,-9.5));
#191 = LINE('',#192,#193);
#192 = CARTESIAN_POINT('',(20.,-73.5,-9.5));
#193 = VECTOR('',#194,1.);
#194 = DIRECTION('',(0.,1.,0.));
#195 = ORIENTED_EDGE('',*,*,#196,.T.);
#196 = EDGE_CURVE('',#189,#197,#199,.T.);
#197 = VERTEX_POINT('',#198);
#198 = CARTESIAN_POINT('',(20.,-73.5,-16.));
#199 = LINE('',#200,#201);
#200 = CARTESIAN_POINT('',(20.,-73.5,-1.5));
#201 = VECTOR('',#202,1.);
#202 = DIRECTION('',(0.,0.,-1.));
#203 = ORIENTED_EDGE('',*,*,#204,.T.);
#204 = EDGE_CURVE('',#197,#24,#205,.T.);
#205 = LINE('',#206,#207);
#206 = CARTESIAN_POINT('',(20.,-58.,-16.));
#207 = VECTOR('',#208,1.);
#208 = DIRECTION('',(0.,1.,0.));
#209 = PLANE('',#210);
#210 = AXIS2_PLACEMENT_3D('',#211,#212,#213);
#211 = CARTESIAN_POINT('',(20.,-73.5,-1.5));
#212 = DIRECTION('',(1.,0.,0.));
#213 = DIRECTION('',(0.,1.,0.));
#214 = ADVANCED_FACE('',(#215),#234,.F.);
#215 = FACE_BOUND('',#216,.T.);
#216 = EDGE_LOOP('',(#217,#226,#232,#233));
#217 = ORIENTED_EDGE('',*,*,#218,.T.);
#218 = EDGE_CURVE('',#189,#219,#221,.T.);
#219 = VERTEX_POINT('',#220);
#220 = CARTESIAN_POINT('',(12.,-73.5,-1.5));
#221 = CIRCLE('',#222,8.);
#222 = AXIS2_PLACEMENT_3D('',#223,#224,#225);
#223 = CARTESIAN_POINT('',(12.,-73.5,-9.5));
#224 = DIRECTION('',(0.,-1.,0.));
#225 = DIRECTION('',(0.,0.,1.));
#226 = ORIENTED_EDGE('',*,*,#227,.T.);
#227 = EDGE_CURVE('',#219,#32,#228,.T.);
#228 = LINE('',#229,#230);
#229 = CARTESIAN_POINT('',(12.,-73.5,-1.5));
#230 = VECTOR('',#231,1.);
#231 = DIRECTION('',(0.,1.,0.));
#232 = ORIENTED_EDGE('',*,*,#31,.F.);
#233 = ORIENTED_EDGE('',*,*,#188,.F.);
#234 = CYLINDRICAL_SURFACE('',#235,8.);
#235 = AXIS2_PLACEMENT_3D('',#236,#237,#238);
#236 = CARTESIAN_POINT('',(12.,-73.5,-9.5));
#237 = DIRECTION('',(0.,1.,0.));
#238 = DIRECTION('',(1.,0.,0.));
#239 = ADVANCED_FACE('',(#240,#258,#269),#280,.T.);
#240 = FACE_BOUND('',#241,.T.);
#241 = EDGE_LOOP('',(#242,#250,#251,#252));
#242 = ORIENTED_EDGE('',*,*,#243,.T.);
#243 = EDGE_CURVE('',#244,#197,#246,.T.);
#244 = VERTEX_POINT('',#245);
#245 = CARTESIAN_POINT('',(78.8,-73.5,-16.));
#246 = LINE('',#247,#248);
#247 = CARTESIAN_POINT('',(11.,-73.5,-16.));
#248 = VECTOR('',#249,1.);
#249 = DIRECTION('',(-1.,0.,0.));
#250 = ORIENTED_EDGE('',*,*,#204,.T.);
#251 = ORIENTED_EDGE('',*,*,#129,.T.);
#252 = ORIENTED_EDGE('',*,*,#253,.T.);
#253 = EDGE_CURVE('',#122,#244,#254,.T.);
#254 = LINE('',#255,#256);
#255 = CARTESIAN_POINT('',(78.8,-11.5,-16.));
#256 = VECTOR('',#257,1.);
#257 = DIRECTION('',(-0.,-1.,-0.));
#258 = FACE_BOUND('',#259,.T.);
#259 = EDGE_LOOP('',(#260));
#260 = ORIENTED_EDGE('',*,*,#261,.T.);
#261 = EDGE_CURVE('',#262,#262,#264,.T.);
#262 = VERTEX_POINT('',#263);
#263 = CARTESIAN_POINT('',(38.,-19.,-16.));
#264 = CIRCLE('',#265,2.);
#265 = AXIS2_PLACEMENT_3D('',#266,#267,#268);
#266 = CARTESIAN_POINT('',(36.,-19.,-16.));
#267 = DIRECTION('',(0.,0.,1.));
#268 = DIRECTION('',(1.,0.,0.));
#269 = FACE_BOUND('',#270,.T.);
#270 = EDGE_LOOP('',(#271));
#271 = ORIENTED_EDGE('',*,*,#272,.T.);
#272 = EDGE_CURVE('',#273,#273,#275,.T.);
#273 = VERTEX_POINT('',#274);
#274 = CARTESIAN_POINT('',(65.7,-18.,-16.));
#275 = CIRCLE('',#276,2.);
#276 = AXIS2_PLACEMENT_3D('',#277,#278,#279);
#277 = CARTESIAN_POINT('',(63.7,-18.,-16.));
#278 = DIRECTION('',(0.,0.,1.));
#279 = DIRECTION('',(1.,0.,0.));
#280 = PLANE('',#281);
#281 = AXIS2_PLACEMENT_3D('',#282,#283,#284);
#282 = CARTESIAN_POINT('',(49.4,-42.5,-16.));
#283 = DIRECTION('',(-0.,-0.,-1.));
#284 = DIRECTION('',(-1.,0.,0.));
#285 = ADVANCED_FACE('',(#286),#304,.T.);
#286 = FACE_BOUND('',#287,.T.);
#287 = EDGE_LOOP('',(#288,#289,#290,#298));
#288 = ORIENTED_EDGE('',*,*,#40,.F.);
#289 = ORIENTED_EDGE('',*,*,#227,.F.);
#290 = ORIENTED_EDGE('',*,*,#291,.F.);
#291 = EDGE_CURVE('',#292,#219,#294,.T.);
#292 = VERTEX_POINT('',#293);
#293 = CARTESIAN_POINT('',(-12.,-73.5,-1.5));
#294 = LINE('',#295,#296);
#295 = CARTESIAN_POINT('',(-22.5,-73.5,-1.5));
#296 = VECTOR('',#297,1.);
#297 = DIRECTION('',(1.,0.,0.));
#298 = ORIENTED_EDGE('',*,*,#299,.F.);
#299 = EDGE_CURVE('',#41,#292,#300,.T.);
#300 = LINE('',#301,#302);
#301 = CARTESIAN_POINT('',(-12.,-11.5,-1.5));
#302 = VECTOR('',#303,1.);
#303 = DIRECTION('',(0.,-1.,0.));
#304 = PLANE('',#305);
#305 = AXIS2_PLACEMENT_3D('',#306,#307,#308);
#306 = CARTESIAN_POINT('',(-2.656234526206E-16,-42.71495327102,-1.5));
#307 = DIRECTION('',(-0.,-2.225936008822E-16,-1.));
#308 = DIRECTION('',(0.,-1.,2.225936008822E-16));
#309 = ADVANCED_FACE('',(#310),#328,.T.);
#310 = FACE_BOUND('',#311,.T.);
#311 = EDGE_LOOP('',(#312,#313,#321,#327));
#312 = ORIENTED_EDGE('',*,*,#121,.T.);
#313 = ORIENTED_EDGE('',*,*,#314,.F.);
#314 = EDGE_CURVE('',#315,#114,#317,.T.);
#315 = VERTEX_POINT('',#316);
#316 = CARTESIAN_POINT('',(78.8,-73.5,14.));
#317 = LINE('',#318,#319);
#318 = CARTESIAN_POINT('',(78.8,-23.27908587257,14.));
#319 = VECTOR('',#320,1.);
#320 = DIRECTION('',(0.,1.,0.));
#321 = ORIENTED_EDGE('',*,*,#322,.F.);
#322 = EDGE_CURVE('',#244,#315,#323,.T.);
#323 = LINE('',#324,#325);
#324 = CARTESIAN_POINT('',(78.8,-73.5,-13.5));
#325 = VECTOR('',#326,1.);
#326 = DIRECTION('',(0.,0.,1.));
#327 = ORIENTED_EDGE('',*,*,#253,.F.);
#328 = PLANE('',#329);
#329 = AXIS2_PLACEMENT_3D('',#330,#331,#332);
#330 = CARTESIAN_POINT('',(78.8,-42.5,-1.));
#331 = DIRECTION('',(1.,0.,-2.440087035832E-16));
#332 = DIRECTION('',(2.440087035832E-16,0.,1.));
#333 = ADVANCED_FACE('',(#334),#353,.F.);
#334 = FACE_BOUND('',#335,.F.);
#335 = EDGE_LOOP('',(#336,#337,#345,#352));
#336 = ORIENTED_EDGE('',*,*,#48,.T.);
#337 = ORIENTED_EDGE('',*,*,#338,.T.);
#338 = EDGE_CURVE('',#49,#339,#341,.T.);
#339 = VERTEX_POINT('',#340);
#340 = CARTESIAN_POINT('',(-20.,-73.5,-9.5));
#341 = LINE('',#342,#343);
#342 = CARTESIAN_POINT('',(-20.,-11.5,-9.5));
#343 = VECTOR('',#344,1.);
#344 = DIRECTION('',(0.,-1.,0.));
#345 = ORIENTED_EDGE('',*,*,#346,.F.);
#346 = EDGE_CURVE('',#292,#339,#347,.T.);
#347 = CIRCLE('',#348,8.);
#348 = AXIS2_PLACEMENT_3D('',#349,#350,#351);
#349 = CARTESIAN_POINT('',(-12.,-73.5,-9.5));
#350 = DIRECTION('',(0.,-1.,0.));
#351 = DIRECTION('',(0.,0.,-1.));
#352 = ORIENTED_EDGE('',*,*,#299,.F.);
#353 = CYLINDRICAL_SURFACE('',#354,8.);
#354 = AXIS2_PLACEMENT_3D('',#355,#356,#357);
#355 = CARTESIAN_POINT('',(-12.,-11.5,-9.5));
#356 = DIRECTION('',(0.,-1.,0.));
#357 = DIRECTION('',(0.,0.,1.));
#358 = ADVANCED_FACE('',(#359),#489,.T.);
#359 = FACE_BOUND('',#360,.T.);
#360 = EDGE_LOOP('',(#361,#369,#377,#385,#393,#401,#409,#417,#425,#433,
    #441,#449,#457,#465,#473,#481,#487,#488));
#361 = ORIENTED_EDGE('',*,*,#362,.T.);
#362 = EDGE_CURVE('',#106,#363,#365,.T.);
#363 = VERTEX_POINT('',#364);
#364 = CARTESIAN_POINT('',(22.,-28.,14.));
#365 = LINE('',#366,#367);
#366 = CARTESIAN_POINT('',(22.,-13.,14.));
#367 = VECTOR('',#368,1.);
#368 = DIRECTION('',(0.,-1.,2.22044604925E-16));
#369 = ORIENTED_EDGE('',*,*,#370,.F.);
#370 = EDGE_CURVE('',#371,#363,#373,.T.);
#371 = VERTEX_POINT('',#372);
#372 = CARTESIAN_POINT('',(50.,-28.,14.));
#373 = LINE('',#374,#375);
#374 = CARTESIAN_POINT('',(50.,-28.,14.));
#375 = VECTOR('',#376,1.);
#376 = DIRECTION('',(-1.,0.,0.));
#377 = ORIENTED_EDGE('',*,*,#378,.F.);
#378 = EDGE_CURVE('',#379,#371,#381,.T.);
#379 = VERTEX_POINT('',#380);
#380 = CARTESIAN_POINT('',(50.,-27.,14.));
#381 = LINE('',#382,#383);
#382 = CARTESIAN_POINT('',(50.,-13.,14.));
#383 = VECTOR('',#384,1.);
#384 = DIRECTION('',(0.,-1.,2.22044604925E-16));
#385 = ORIENTED_EDGE('',*,*,#386,.F.);
#386 = EDGE_CURVE('',#387,#379,#389,.T.);
#387 = VERTEX_POINT('',#388);
#388 = CARTESIAN_POINT('',(76.8,-27.,14.));
#389 = LINE('',#390,#391);
#390 = CARTESIAN_POINT('',(77.7,-27.,14.));
#391 = VECTOR('',#392,1.);
#392 = DIRECTION('',(-1.,0.,0.));
#393 = ORIENTED_EDGE('',*,*,#394,.T.);
#394 = EDGE_CURVE('',#387,#395,#397,.T.);
#395 = VERTEX_POINT('',#396);
#396 = CARTESIAN_POINT('',(76.8,-57.5,14.));
#397 = LINE('',#398,#399);
#398 = CARTESIAN_POINT('',(76.8,-23.27677353342,14.));
#399 = VECTOR('',#400,1.);
#400 = DIRECTION('',(0.,-1.,0.));
#401 = ORIENTED_EDGE('',*,*,#402,.F.);
#402 = EDGE_CURVE('',#403,#395,#405,.T.);
#403 = VERTEX_POINT('',#404);
#404 = CARTESIAN_POINT('',(69.,-57.5,14.));
#405 = LINE('',#406,#407);
#406 = CARTESIAN_POINT('',(9.243834296724,-57.5,14.));
#407 = VECTOR('',#408,1.);
#408 = DIRECTION('',(1.,0.,0.));
#409 = ORIENTED_EDGE('',*,*,#410,.T.);
#410 = EDGE_CURVE('',#403,#411,#413,.T.);
#411 = VERTEX_POINT('',#412);
#412 = CARTESIAN_POINT('',(71.999999999999,-63.93352076152,14.));
#413 = LINE('',#414,#415);
#414 = CARTESIAN_POINT('',(51.696906513106,-20.39339627114,14.));
#415 = VECTOR('',#416,1.);
#416 = DIRECTION('',(0.422618261741,-0.906307787037,0.));
#417 = ORIENTED_EDGE('',*,*,#418,.T.);
#418 = EDGE_CURVE('',#411,#419,#421,.T.);
#419 = VERTEX_POINT('',#420);
#420 = CARTESIAN_POINT('',(54.,-63.93352076152,14.));
#421 = LINE('',#422,#423);
#422 = CARTESIAN_POINT('',(6.843834296724,-63.93352076152,14.));
#423 = VECTOR('',#424,1.);
#424 = DIRECTION('',(-1.,0.,0.));
#425 = ORIENTED_EDGE('',*,*,#426,.T.);
#426 = EDGE_CURVE('',#419,#427,#429,.T.);
#427 = VERTEX_POINT('',#428);
#428 = CARTESIAN_POINT('',(56.999999999999,-57.49999999999,14.));
#429 = LINE('',#430,#431);
#430 = CARTESIAN_POINT('',(51.135959548764,-70.07547532981,14.));
#431 = VECTOR('',#432,1.);
#432 = DIRECTION('',(0.422618261741,0.906307787037,0.));
#433 = ORIENTED_EDGE('',*,*,#434,.F.);
#434 = EDGE_CURVE('',#435,#427,#437,.T.);
#435 = VERTEX_POINT('',#436);
#436 = CARTESIAN_POINT('',(41.,-57.5,14.));
#437 = LINE('',#438,#439);
#438 = CARTESIAN_POINT('',(-8.656165703276,-57.5,14.));
#439 = VECTOR('',#440,1.);
#440 = DIRECTION('',(1.,0.,0.));
#441 = ORIENTED_EDGE('',*,*,#442,.T.);
#442 = EDGE_CURVE('',#435,#443,#445,.T.);
#443 = VERTEX_POINT('',#444);
#444 = CARTESIAN_POINT('',(43.999999999999,-63.93352076152,14.));
#445 = LINE('',#446,#447);
#446 = CARTESIAN_POINT('',(26.197393245302,-25.75570737297,14.));
#447 = VECTOR('',#448,1.);
#448 = DIRECTION('',(0.422618261741,-0.906307787037,0.));
#449 = ORIENTED_EDGE('',*,*,#450,.T.);
#450 = EDGE_CURVE('',#443,#451,#453,.T.);
#451 = VERTEX_POINT('',#452);
#452 = CARTESIAN_POINT('',(26.,-63.93352076152,14.));
#453 = LINE('',#454,#455);
#454 = CARTESIAN_POINT('',(-7.156165703276,-63.93352076152,14.));
#455 = VECTOR('',#456,1.);
#456 = DIRECTION('',(-1.,0.,0.));
#457 = ORIENTED_EDGE('',*,*,#458,.T.);
#458 = EDGE_CURVE('',#451,#459,#461,.T.);
#459 = VERTEX_POINT('',#460);
#460 = CARTESIAN_POINT('',(28.999999999999,-57.49999999999,14.));
#461 = LINE('',#462,#463);
#462 = CARTESIAN_POINT('',(25.63644628096,-64.71316422797,14.));
#463 = VECTOR('',#464,1.);
#464 = DIRECTION('',(0.422618261741,0.906307787037,0.));
#465 = ORIENTED_EDGE('',*,*,#466,.F.);
#466 = EDGE_CURVE('',#467,#459,#469,.T.);
#467 = VERTEX_POINT('',#468);
#468 = CARTESIAN_POINT('',(22.5,-57.5,14.));
#469 = LINE('',#470,#471);
#470 = CARTESIAN_POINT('',(-17.90616570327,-57.5,14.));
#471 = VECTOR('',#472,1.);
#472 = DIRECTION('',(1.,0.,0.));
#473 = ORIENTED_EDGE('',*,*,#474,.T.);
#474 = EDGE_CURVE('',#467,#475,#477,.T.);
#475 = VERTEX_POINT('',#476);
#476 = CARTESIAN_POINT('',(22.5,-73.5,14.));
#477 = LINE('',#478,#479);
#478 = CARTESIAN_POINT('',(22.5,-42.00818882466,14.));
#479 = VECTOR('',#480,1.);
#480 = DIRECTION('',(0.,-1.,0.));
#481 = ORIENTED_EDGE('',*,*,#482,.T.);
#482 = EDGE_CURVE('',#475,#315,#483,.T.);
#483 = LINE('',#484,#485);
#484 = CARTESIAN_POINT('',(-17.90616570327,-73.5,14.));
#485 = VECTOR('',#486,1.);
#486 = DIRECTION('',(1.,0.,0.));
#487 = ORIENTED_EDGE('',*,*,#314,.T.);
#488 = ORIENTED_EDGE('',*,*,#113,.T.);
#489 = PLANE('',#490);
#490 = AXIS2_PLACEMENT_3D('',#491,#492,#493);
#491 = CARTESIAN_POINT('',(54.292484656121,-44.7554649053,14.));
#492 = DIRECTION('',(0.,0.,1.));
#493 = DIRECTION('',(1.,0.,0.));
#494 = ADVANCED_FACE('',(#495),#513,.F.);
#495 = FACE_BOUND('',#496,.F.);
#496 = EDGE_LOOP('',(#497,#505,#506,#507));
#497 = ORIENTED_EDGE('',*,*,#498,.F.);
#498 = EDGE_CURVE('',#339,#499,#501,.T.);
#499 = VERTEX_POINT('',#500);
#500 = CARTESIAN_POINT('',(-20.,-73.5,-16.));
#501 = LINE('',#502,#503);
#502 = CARTESIAN_POINT('',(-20.,-73.5,-1.5));
#503 = VECTOR('',#504,1.);
#504 = DIRECTION('',(0.,0.,-1.));
#505 = ORIENTED_EDGE('',*,*,#338,.F.);
#506 = ORIENTED_EDGE('',*,*,#57,.T.);
#507 = ORIENTED_EDGE('',*,*,#508,.T.);
#508 = EDGE_CURVE('',#58,#499,#509,.T.);
#509 = LINE('',#510,#511);
#510 = CARTESIAN_POINT('',(-20.,-27.,-16.));
#511 = VECTOR('',#512,1.);
#512 = DIRECTION('',(0.,-1.,0.));
#513 = PLANE('',#514);
#514 = AXIS2_PLACEMENT_3D('',#515,#516,#517);
#515 = CARTESIAN_POINT('',(-20.,-11.5,-1.5));
#516 = DIRECTION('',(-1.,-0.,-0.));
#517 = DIRECTION('',(0.,-1.,0.));
#518 = ADVANCED_FACE('',(#519),#537,.T.);
#519 = FACE_BOUND('',#520,.T.);
#520 = EDGE_LOOP('',(#521,#522,#530,#536));
#521 = ORIENTED_EDGE('',*,*,#105,.T.);
#522 = ORIENTED_EDGE('',*,*,#523,.T.);
#523 = EDGE_CURVE('',#98,#524,#526,.T.);
#524 = VERTEX_POINT('',#525);
#525 = CARTESIAN_POINT('',(22.,-28.,1.5));
#526 = LINE('',#527,#528);
#527 = CARTESIAN_POINT('',(22.,-11.5,1.5));
#528 = VECTOR('',#529,1.);
#529 = DIRECTION('',(0.,-1.,2.22044604925E-16));
#530 = ORIENTED_EDGE('',*,*,#531,.F.);
#531 = EDGE_CURVE('',#363,#524,#532,.T.);
#532 = LINE('',#533,#534);
#533 = CARTESIAN_POINT('',(22.,-28.,14.));
#534 = VECTOR('',#535,1.);
#535 = DIRECTION('',(0.,-2.22044604925E-16,-1.));
#536 = ORIENTED_EDGE('',*,*,#362,.F.);
#537 = PLANE('',#538);
#538 = AXIS2_PLACEMENT_3D('',#539,#540,#541);
#539 = CARTESIAN_POINT('',(22.,-19.75,0.25));
#540 = DIRECTION('',(-1.,-0.,-0.));
#541 = DIRECTION('',(0.,0.,-1.));
#542 = ADVANCED_FACE('',(#543,#561,#572),#583,.T.);
#543 = FACE_BOUND('',#544,.T.);
#544 = EDGE_LOOP('',(#545,#553,#559,#560));
#545 = ORIENTED_EDGE('',*,*,#546,.F.);
#546 = EDGE_CURVE('',#547,#499,#549,.T.);
#547 = VERTEX_POINT('',#548);
#548 = CARTESIAN_POINT('',(-78.8,-73.5,-16.));
#549 = LINE('',#550,#551);
#550 = CARTESIAN_POINT('',(-78.8,-73.5,-16.));
#551 = VECTOR('',#552,1.);
#552 = DIRECTION('',(1.,0.,0.));
#553 = ORIENTED_EDGE('',*,*,#554,.F.);
#554 = EDGE_CURVE('',#66,#547,#555,.T.);
#555 = LINE('',#556,#557);
#556 = CARTESIAN_POINT('',(-78.8,-11.5,-16.));
#557 = VECTOR('',#558,1.);
#558 = DIRECTION('',(0.,-1.,0.));
#559 = ORIENTED_EDGE('',*,*,#65,.T.);
#560 = ORIENTED_EDGE('',*,*,#508,.T.);
#561 = FACE_BOUND('',#562,.T.);
#562 = EDGE_LOOP('',(#563));
#563 = ORIENTED_EDGE('',*,*,#564,.T.);
#564 = EDGE_CURVE('',#565,#565,#567,.T.);
#565 = VERTEX_POINT('',#566);
#566 = CARTESIAN_POINT('',(-34.,-19.,-16.));
#567 = CIRCLE('',#568,2.);
#568 = AXIS2_PLACEMENT_3D('',#569,#570,#571);
#569 = CARTESIAN_POINT('',(-36.,-19.,-16.));
#570 = DIRECTION('',(0.,0.,1.));
#571 = DIRECTION('',(1.,0.,0.));
#572 = FACE_BOUND('',#573,.T.);
#573 = EDGE_LOOP('',(#574));
#574 = ORIENTED_EDGE('',*,*,#575,.T.);
#575 = EDGE_CURVE('',#576,#576,#578,.T.);
#576 = VERTEX_POINT('',#577);
#577 = CARTESIAN_POINT('',(-61.7,-18.,-16.));
#578 = CIRCLE('',#579,2.);
#579 = AXIS2_PLACEMENT_3D('',#580,#581,#582);
#580 = CARTESIAN_POINT('',(-63.7,-18.,-16.));
#581 = DIRECTION('',(0.,0.,1.));
#582 = DIRECTION('',(1.,0.,0.));
#583 = PLANE('',#584);
#584 = AXIS2_PLACEMENT_3D('',#585,#586,#587);
#585 = CARTESIAN_POINT('',(-49.4,-42.5,-16.));
#586 = DIRECTION('',(-0.,-0.,-1.));
#587 = DIRECTION('',(-1.,0.,0.));
#588 = ADVANCED_FACE('',(#589),#671,.T.);
#589 = FACE_BOUND('',#590,.T.);
#590 = EDGE_LOOP('',(#591,#601,#609,#617,#625,#633,#641,#649,#657,#663,
    #664,#665));
#591 = ORIENTED_EDGE('',*,*,#592,.T.);
#592 = EDGE_CURVE('',#593,#595,#597,.T.);
#593 = VERTEX_POINT('',#594);
#594 = CARTESIAN_POINT('',(-22.,-28.,1.5));
#595 = VERTEX_POINT('',#596);
#596 = CARTESIAN_POINT('',(-19.,-28.,1.5));
#597 = LINE('',#598,#599);
#598 = CARTESIAN_POINT('',(-18.,-28.,1.5));
#599 = VECTOR('',#600,1.);
#600 = DIRECTION('',(1.,0.,0.));
#601 = ORIENTED_EDGE('',*,*,#602,.T.);
#602 = EDGE_CURVE('',#595,#603,#605,.T.);
#603 = VERTEX_POINT('',#604);
#604 = CARTESIAN_POINT('',(-19.,-57.5,1.5));
#605 = LINE('',#606,#607);
#606 = CARTESIAN_POINT('',(-19.,-28.,1.5));
#607 = VECTOR('',#608,1.);
#608 = DIRECTION('',(0.,-1.,2.22044604925E-16));
#609 = ORIENTED_EDGE('',*,*,#610,.F.);
#610 = EDGE_CURVE('',#611,#603,#613,.T.);
#611 = VERTEX_POINT('',#612);
#612 = CARTESIAN_POINT('',(-22.5,-57.5,1.5));
#613 = LINE('',#614,#615);
#614 = CARTESIAN_POINT('',(-24.63468719595,-57.5,1.5));
#615 = VECTOR('',#616,1.);
#616 = DIRECTION('',(1.,0.,0.));
#617 = ORIENTED_EDGE('',*,*,#618,.F.);
#618 = EDGE_CURVE('',#619,#611,#621,.T.);
#619 = VERTEX_POINT('',#620);
#620 = CARTESIAN_POINT('',(-22.5,-73.5,1.5));
#621 = LINE('',#622,#623);
#622 = CARTESIAN_POINT('',(-22.5,-73.5,1.5));
#623 = VECTOR('',#624,1.);
#624 = DIRECTION('',(0.,1.,-2.22044604925E-16));
#625 = ORIENTED_EDGE('',*,*,#626,.F.);
#626 = EDGE_CURVE('',#627,#619,#629,.T.);
#627 = VERTEX_POINT('',#628);
#628 = CARTESIAN_POINT('',(22.5,-73.5,1.5));
#629 = LINE('',#630,#631);
#630 = CARTESIAN_POINT('',(22.5,-73.5,1.5));
#631 = VECTOR('',#632,1.);
#632 = DIRECTION('',(-1.,0.,0.));
#633 = ORIENTED_EDGE('',*,*,#634,.T.);
#634 = EDGE_CURVE('',#627,#635,#637,.T.);
#635 = VERTEX_POINT('',#636);
#636 = CARTESIAN_POINT('',(22.5,-57.5,1.5));
#637 = LINE('',#638,#639);
#638 = CARTESIAN_POINT('',(22.5,-73.5,1.5));
#639 = VECTOR('',#640,1.);
#640 = DIRECTION('',(0.,1.,-2.22044604925E-16));
#641 = ORIENTED_EDGE('',*,*,#642,.T.);
#642 = EDGE_CURVE('',#635,#643,#645,.T.);
#643 = VERTEX_POINT('',#644);
#644 = CARTESIAN_POINT('',(19.,-57.5,1.5));
#645 = LINE('',#646,#647);
#646 = CARTESIAN_POINT('',(35.949422328839,-57.5,1.5));
#647 = VECTOR('',#648,1.);
#648 = DIRECTION('',(-1.,0.,0.));
#649 = ORIENTED_EDGE('',*,*,#650,.F.);
#650 = EDGE_CURVE('',#651,#643,#653,.T.);
#651 = VERTEX_POINT('',#652);
#652 = CARTESIAN_POINT('',(19.,-28.,1.5));
#653 = LINE('',#654,#655);
#654 = CARTESIAN_POINT('',(19.,-28.,1.5));
#655 = VECTOR('',#656,1.);
#656 = DIRECTION('',(0.,-1.,2.22044604925E-16));
#657 = ORIENTED_EDGE('',*,*,#658,.F.);
#658 = EDGE_CURVE('',#524,#651,#659,.T.);
#659 = LINE('',#660,#661);
#660 = CARTESIAN_POINT('',(18.,-28.,1.5));
#661 = VECTOR('',#662,1.);
#662 = DIRECTION('',(-1.,0.,0.));
#663 = ORIENTED_EDGE('',*,*,#523,.F.);
#664 = ORIENTED_EDGE('',*,*,#97,.F.);
#665 = ORIENTED_EDGE('',*,*,#666,.T.);
#666 = EDGE_CURVE('',#90,#593,#667,.T.);
#667 = LINE('',#668,#669);
#668 = CARTESIAN_POINT('',(-22.,-11.5,1.5));
#669 = VECTOR('',#670,1.);
#670 = DIRECTION('',(0.,-1.,2.22044604925E-16));
#671 = PLANE('',#672);
#672 = AXIS2_PLACEMENT_3D('',#673,#674,#675);
#673 = CARTESIAN_POINT('',(2.656234526206E-16,-42.71495327102,1.5));
#674 = DIRECTION('',(0.,0.,1.));
#675 = DIRECTION('',(1.,0.,0.));
#676 = ADVANCED_FACE('',(#677),#695,.T.);
#677 = FACE_BOUND('',#678,.T.);
#678 = EDGE_LOOP('',(#679,#680,#688,#694));
#679 = ORIENTED_EDGE('',*,*,#554,.T.);
#680 = ORIENTED_EDGE('',*,*,#681,.T.);
#681 = EDGE_CURVE('',#547,#682,#684,.T.);
#682 = VERTEX_POINT('',#683);
#683 = CARTESIAN_POINT('',(-78.8,-73.5,14.));
#684 = LINE('',#685,#686);
#685 = CARTESIAN_POINT('',(-78.8,-73.5,11.));
#686 = VECTOR('',#687,1.);
#687 = DIRECTION('',(0.,0.,1.));
#688 = ORIENTED_EDGE('',*,*,#689,.T.);
#689 = EDGE_CURVE('',#682,#74,#690,.T.);
#690 = LINE('',#691,#692);
#691 = CARTESIAN_POINT('',(-78.8,-50.00818882466,14.));
#692 = VECTOR('',#693,1.);
#693 = DIRECTION('',(0.,1.,0.));
#694 = ORIENTED_EDGE('',*,*,#73,.F.);
#695 = PLANE('',#696);
#696 = AXIS2_PLACEMENT_3D('',#697,#698,#699);
#697 = CARTESIAN_POINT('',(-78.8,-42.5,-1.));
#698 = DIRECTION('',(-1.,-0.,-0.));
#699 = DIRECTION('',(0.,0.,-1.));
#700 = ADVANCED_FACE('',(#701),#719,.T.);
#701 = FACE_BOUND('',#702,.T.);
#702 = EDGE_LOOP('',(#703,#711,#717,#718));
#703 = ORIENTED_EDGE('',*,*,#704,.F.);
#704 = EDGE_CURVE('',#705,#82,#707,.T.);
#705 = VERTEX_POINT('',#706);
#706 = CARTESIAN_POINT('',(-22.,-28.,14.));
#707 = LINE('',#708,#709);
#708 = CARTESIAN_POINT('',(-22.,-13.,14.));
#709 = VECTOR('',#710,1.);
#710 = DIRECTION('',(0.,1.,-2.22044604925E-16));
#711 = ORIENTED_EDGE('',*,*,#712,.T.);
#712 = EDGE_CURVE('',#705,#593,#713,.T.);
#713 = LINE('',#714,#715);
#714 = CARTESIAN_POINT('',(-22.,-28.,14.));
#715 = VECTOR('',#716,1.);
#716 = DIRECTION('',(0.,-2.22044604925E-16,-1.));
#717 = ORIENTED_EDGE('',*,*,#666,.F.);
#718 = ORIENTED_EDGE('',*,*,#89,.F.);
#719 = PLANE('',#720);
#720 = AXIS2_PLACEMENT_3D('',#721,#722,#723);
#721 = CARTESIAN_POINT('',(-22.,-19.75,0.25));
#722 = DIRECTION('',(1.,0.,0.));
#723 = DIRECTION('',(0.,0.,1.));
#724 = ADVANCED_FACE('',(#725),#848,.T.);
#725 = FACE_BOUND('',#726,.T.);
#726 = EDGE_LOOP('',(#727,#728,#729,#730,#738,#746,#754,#762,#770,#778,
    #786,#794,#802,#810,#818,#826,#834,#842));
#727 = ORIENTED_EDGE('',*,*,#704,.T.);
#728 = ORIENTED_EDGE('',*,*,#81,.T.);
#729 = ORIENTED_EDGE('',*,*,#689,.F.);
#730 = ORIENTED_EDGE('',*,*,#731,.F.);
#731 = EDGE_CURVE('',#732,#682,#734,.T.);
#732 = VERTEX_POINT('',#733);
#733 = CARTESIAN_POINT('',(-22.5,-73.5,14.));
#734 = LINE('',#735,#736);
#735 = CARTESIAN_POINT('',(-40.40616570327,-73.5,14.));
#736 = VECTOR('',#737,1.);
#737 = DIRECTION('',(-1.,0.,0.));
#738 = ORIENTED_EDGE('',*,*,#739,.T.);
#739 = EDGE_CURVE('',#732,#740,#742,.T.);
#740 = VERTEX_POINT('',#741);
#741 = CARTESIAN_POINT('',(-22.5,-57.5,14.));
#742 = LINE('',#743,#744);
#743 = CARTESIAN_POINT('',(-22.5,-50.00818882466,14.));
#744 = VECTOR('',#745,1.);
#745 = DIRECTION('',(0.,1.,0.));
#746 = ORIENTED_EDGE('',*,*,#747,.T.);
#747 = EDGE_CURVE('',#740,#748,#750,.T.);
#748 = VERTEX_POINT('',#749);
#749 = CARTESIAN_POINT('',(-28.99999999999,-57.49999999999,14.));
#750 = LINE('',#751,#752);
#751 = CARTESIAN_POINT('',(-40.40616570327,-57.5,14.));
#752 = VECTOR('',#753,1.);
#753 = DIRECTION('',(-1.,0.,0.));
#754 = ORIENTED_EDGE('',*,*,#755,.F.);
#755 = EDGE_CURVE('',#756,#748,#758,.T.);
#756 = VERTEX_POINT('',#757);
#757 = CARTESIAN_POINT('',(-26.,-63.93352076152,14.));
#758 = LINE('',#759,#760);
#759 = CARTESIAN_POINT('',(-36.0513899242,-42.37824550832,14.));
#760 = VECTOR('',#761,1.);
#761 = DIRECTION('',(-0.422618261741,0.906307787037,0.));
#762 = ORIENTED_EDGE('',*,*,#763,.F.);
#763 = EDGE_CURVE('',#764,#756,#766,.T.);
#764 = VERTEX_POINT('',#765);
#765 = CARTESIAN_POINT('',(-43.99999999999,-63.93352076152,14.));
#766 = LINE('',#767,#768);
#767 = CARTESIAN_POINT('',(-51.15616570327,-63.93352076152,14.));
#768 = VECTOR('',#769,1.);
#769 = DIRECTION('',(1.,0.,0.));
#770 = ORIENTED_EDGE('',*,*,#771,.F.);
#771 = EDGE_CURVE('',#772,#764,#774,.T.);
#772 = VERTEX_POINT('',#773);
#773 = CARTESIAN_POINT('',(-41.,-57.5,14.));
#774 = LINE('',#775,#776);
#775 = CARTESIAN_POINT('',(-36.61233688855,-48.09062609263,14.));
#776 = VECTOR('',#777,1.);
#777 = DIRECTION('',(-0.422618261741,-0.906307787037,0.));
#778 = ORIENTED_EDGE('',*,*,#779,.T.);
#779 = EDGE_CURVE('',#772,#780,#782,.T.);
#780 = VERTEX_POINT('',#781);
#781 = CARTESIAN_POINT('',(-56.99999999999,-57.49999999999,14.));
#782 = LINE('',#783,#784);
#783 = CARTESIAN_POINT('',(-49.65616570327,-57.5,14.));
#784 = VECTOR('',#785,1.);
#785 = DIRECTION('',(-1.,0.,0.));
#786 = ORIENTED_EDGE('',*,*,#787,.F.);
#787 = EDGE_CURVE('',#788,#780,#790,.T.);
#788 = VERTEX_POINT('',#789);
#789 = CARTESIAN_POINT('',(-54.,-63.93352076152,14.));
#790 = LINE('',#791,#792);
#791 = CARTESIAN_POINT('',(-61.55090319201,-47.74055661015,14.));
#792 = VECTOR('',#793,1.);
#793 = DIRECTION('',(-0.422618261741,0.906307787037,0.));
#794 = ORIENTED_EDGE('',*,*,#795,.F.);
#795 = EDGE_CURVE('',#796,#788,#798,.T.);
#796 = VERTEX_POINT('',#797);
#797 = CARTESIAN_POINT('',(-71.99999999999,-63.93352076152,14.));
#798 = LINE('',#799,#800);
#799 = CARTESIAN_POINT('',(-65.15616570327,-63.93352076152,14.));
#800 = VECTOR('',#801,1.);
#801 = DIRECTION('',(1.,0.,0.));
#802 = ORIENTED_EDGE('',*,*,#803,.F.);
#803 = EDGE_CURVE('',#804,#796,#806,.T.);
#804 = VERTEX_POINT('',#805);
#805 = CARTESIAN_POINT('',(-69.,-57.5,14.));
#806 = LINE('',#807,#808);
#807 = CARTESIAN_POINT('',(-62.11185015635,-42.7283149908,14.));
#808 = VECTOR('',#809,1.);
#809 = DIRECTION('',(-0.422618261741,-0.906307787037,0.));
#810 = ORIENTED_EDGE('',*,*,#811,.F.);
#811 = EDGE_CURVE('',#812,#804,#814,.T.);
#812 = VERTEX_POINT('',#813);
#813 = CARTESIAN_POINT('',(-76.8,-57.5,14.));
#814 = LINE('',#815,#816);
#815 = CARTESIAN_POINT('',(-67.55616570327,-57.5,14.));
#816 = VECTOR('',#817,1.);
#817 = DIRECTION('',(1.,0.,0.));
#818 = ORIENTED_EDGE('',*,*,#819,.T.);
#819 = EDGE_CURVE('',#812,#820,#822,.T.);
#820 = VERTEX_POINT('',#821);
#821 = CARTESIAN_POINT('',(-76.8,-27.,14.));
#822 = LINE('',#823,#824);
#823 = CARTESIAN_POINT('',(-76.8,-38.52677353342,14.));
#824 = VECTOR('',#825,1.);
#825 = DIRECTION('',(0.,1.,0.));
#826 = ORIENTED_EDGE('',*,*,#827,.T.);
#827 = EDGE_CURVE('',#820,#828,#830,.T.);
#828 = VERTEX_POINT('',#829);
#829 = CARTESIAN_POINT('',(-50.,-27.,14.));
#830 = LINE('',#831,#832);
#831 = CARTESIAN_POINT('',(-64.22908587257,-27.,14.));
#832 = VECTOR('',#833,1.);
#833 = DIRECTION('',(1.,0.,0.));
#834 = ORIENTED_EDGE('',*,*,#835,.T.);
#835 = EDGE_CURVE('',#828,#836,#838,.T.);
#836 = VERTEX_POINT('',#837);
#837 = CARTESIAN_POINT('',(-50.,-28.,14.));
#838 = LINE('',#839,#840);
#839 = CARTESIAN_POINT('',(-50.,-13.,14.));
#840 = VECTOR('',#841,1.);
#841 = DIRECTION('',(0.,-1.,2.22044604925E-16));
#842 = ORIENTED_EDGE('',*,*,#843,.T.);
#843 = EDGE_CURVE('',#836,#705,#844,.T.);
#844 = LINE('',#845,#846);
#845 = CARTESIAN_POINT('',(-50.,-28.,14.));
#846 = VECTOR('',#847,1.);
#847 = DIRECTION('',(1.,0.,0.));
#848 = PLANE('',#849);
#849 = AXIS2_PLACEMENT_3D('',#850,#851,#852);
#850 = CARTESIAN_POINT('',(-54.29248465612,-44.7554649053,14.));
#851 = DIRECTION('',(0.,0.,1.));
#852 = DIRECTION('',(1.,0.,0.));
#853 = ADVANCED_FACE('',(#854,#989),#1047,.F.);
#854 = FACE_BOUND('',#855,.T.);
#855 = EDGE_LOOP('',(#856,#895,#903,#912,#917,#918,#919,#928,#937,#945,
    #982));
#856 = ORIENTED_EDGE('',*,*,#857,.F.);
#857 = EDGE_CURVE('',#858,#860,#862,.T.);
#858 = VERTEX_POINT('',#859);
#859 = CARTESIAN_POINT('',(-72.49999999999,-21.9,6.600000000002));
#860 = VERTEX_POINT('',#861);
#861 = CARTESIAN_POINT('',(-69.07028208442,-18.9,9.600000000002));
#862 = B_SPLINE_CURVE_WITH_KNOTS('',6,(#863,#864,#865,#866,#867,#868,
    #869,#870,#871,#872,#873,#874,#875,#876,#877,#878,#879,#880,#881,
    #882,#883,#884,#885,#886,#887,#888,#889,#890,#891,#892,#893,#894),
  .UNSPECIFIED.,.F.,.F.,(7,5,5,5,5,5,7),(0.,0.173164282019,
    0.323557318228,0.438396248921,0.556953561061,0.677756900803,1.),
  .UNSPECIFIED.);
#863 = CARTESIAN_POINT('',(-72.49999999999,-21.9,6.600000000002));
#864 = CARTESIAN_POINT('',(-72.49999999999,-21.73677545251,
    6.600000000002));
#865 = CARTESIAN_POINT('',(-72.49200741208,-21.57355620553,6.61065686568
    ));
#866 = CARTESIAN_POINT('',(-72.47602263813,-21.41125141802,
    6.631969527267));
#867 = CARTESIAN_POINT('',(-72.45198109967,-21.250805612,6.663824172814)
  );
#868 = CARTESIAN_POINT('',(-72.41976644093,-21.09319397615,
    6.705968492485));
#869 = CARTESIAN_POINT('',(-72.34414057086,-20.80583195521,
    6.803095440253));
#870 = CARTESIAN_POINT('',(-72.30275773558,-20.67513898704,
    6.855662477657));
#871 = CARTESIAN_POINT('',(-72.25509527752,-20.54799956589,
    6.915344033828));
#872 = CARTESIAN_POINT('',(-72.20112974176,-20.42507619684,
    6.981712212527));
#873 = CARTESIAN_POINT('',(-72.14089688049,-20.30699657397,
    7.054199035915));
#874 = CARTESIAN_POINT('',(-72.02392693714,-20.10827126917,
    7.191546546296));
#875 = CARTESIAN_POINT('',(-71.96972477872,-20.02536673836,
    7.254164797497));
#876 = CARTESIAN_POINT('',(-71.91204304152,-19.94584968566,
    7.319610346254));
#877 = CARTESIAN_POINT('',(-71.85098952421,-19.86991396135,
    7.387526959024));
#878 = CARTESIAN_POINT('',(-71.78670730379,-19.79769904628,
    7.457535811698));
#879 = CARTESIAN_POINT('',(-71.64987204994,-19.65866727654,
    7.603278667444));
#880 = CARTESIAN_POINT('',(-71.5771126983,-19.59209495788,7.6791311239)
  );
#881 = CARTESIAN_POINT('',(-71.50129871327,-19.52966574597,
    7.756377166208));
#882 = CARTESIAN_POINT('',(-71.42264756194,-19.47138807663,
    7.834605673082));
#883 = CARTESIAN_POINT('',(-71.34138833431,-19.41720563748,
    7.913433753377));
#884 = CARTESIAN_POINT('',(-71.17253319542,-19.31587598827,
    8.073103731268));
#885 = CARTESIAN_POINT('',(-71.08484356931,-19.26887994022,
    8.153958084866));
#886 = CARTESIAN_POINT('',(-70.99492116482,-19.22591467191,
    8.234727180973));
#887 = CARTESIAN_POINT('',(-70.90299511127,-19.18681610325,8.31510783991
    ));
#888 = CARTESIAN_POINT('',(-70.8092769141,-19.15138962014,8.394849294326
    ));
#889 = CARTESIAN_POINT('',(-70.45966808809,-19.03417844435,
    8.684229809374));
#890 = CARTESIAN_POINT('',(-70.19419114657,-18.97367915371,
    8.888542210696));
#891 = CARTESIAN_POINT('',(-69.92055416832,-18.93376443596,
    9.083353867995));
#892 = CARTESIAN_POINT('',(-69.64119384168,-18.91033451531,
    9.267082148029));
#893 = CARTESIAN_POINT('',(-69.3576310065,-18.9,9.439259220518));
#894 = CARTESIAN_POINT('',(-69.07028863283,-18.9,9.600000000002));
#895 = ORIENTED_EDGE('',*,*,#896,.F.);
#896 = EDGE_CURVE('',#897,#858,#899,.T.);
#897 = VERTEX_POINT('',#898);
#898 = CARTESIAN_POINT('',(-72.49999999999,-27.,6.600000000002));
#899 = LINE('',#900,#901);
#900 = CARTESIAN_POINT('',(-72.49999999999,-45.5,6.600000000002));
#901 = VECTOR('',#902,1.);
#902 = DIRECTION('',(0.,1.,-2.22044604925E-16));
#903 = ORIENTED_EDGE('',*,*,#904,.F.);
#904 = EDGE_CURVE('',#905,#897,#907,.T.);
#905 = VERTEX_POINT('',#906);
#906 = CARTESIAN_POINT('',(-74.7,-27.,6.364461157513E-16));
#907 = CIRCLE('',#908,11.);
#908 = AXIS2_PLACEMENT_3D('',#909,#910,#911);
#909 = CARTESIAN_POINT('',(-63.7,-27.,3.330669073875E-15));
#910 = DIRECTION('',(0.,1.,-2.22044604925E-16));
#911 = DIRECTION('',(1.,0.,0.));
#912 = ORIENTED_EDGE('',*,*,#913,.F.);
#913 = EDGE_CURVE('',#138,#905,#914,.T.);
#914 = B_SPLINE_CURVE_WITH_KNOTS('',1,(#915,#916),.UNSPECIFIED.,.F.,.F.,
  (2,2),(-0.5,15.),.PIECEWISE_BEZIER_KNOTS.);
#915 = CARTESIAN_POINT('',(-74.7,-11.5,-2.805245260587E-15));
#916 = CARTESIAN_POINT('',(-74.7,-27.,6.364461157513E-16));
#917 = ORIENTED_EDGE('',*,*,#137,.F.);
#918 = ORIENTED_EDGE('',*,*,#913,.T.);
#919 = ORIENTED_EDGE('',*,*,#920,.F.);
#920 = EDGE_CURVE('',#921,#905,#923,.T.);
#921 = VERTEX_POINT('',#922);
#922 = CARTESIAN_POINT('',(-52.7,-27.,3.330669073875E-15));
#923 = CIRCLE('',#924,11.);
#924 = AXIS2_PLACEMENT_3D('',#925,#926,#927);
#925 = CARTESIAN_POINT('',(-63.7,-27.,3.330669073875E-15));
#926 = DIRECTION('',(0.,1.,-2.22044604925E-16));
#927 = DIRECTION('',(1.,0.,0.));
#928 = ORIENTED_EDGE('',*,*,#929,.F.);
#929 = EDGE_CURVE('',#930,#921,#932,.T.);
#930 = VERTEX_POINT('',#931);
#931 = CARTESIAN_POINT('',(-54.9,-27.,6.600000000002));
#932 = CIRCLE('',#933,11.);
#933 = AXIS2_PLACEMENT_3D('',#934,#935,#936);
#934 = CARTESIAN_POINT('',(-63.7,-27.,3.330669073875E-15));
#935 = DIRECTION('',(0.,1.,-2.22044604925E-16));
#936 = DIRECTION('',(1.,0.,0.));
#937 = ORIENTED_EDGE('',*,*,#938,.T.);
#938 = EDGE_CURVE('',#930,#939,#941,.T.);
#939 = VERTEX_POINT('',#940);
#940 = CARTESIAN_POINT('',(-54.9,-21.9,6.600000000002));
#941 = LINE('',#942,#943);
#942 = CARTESIAN_POINT('',(-54.9,-45.5,6.600000000002));
#943 = VECTOR('',#944,1.);
#944 = DIRECTION('',(0.,1.,-2.22044604925E-16));
#945 = ORIENTED_EDGE('',*,*,#946,.T.);
#946 = EDGE_CURVE('',#939,#947,#949,.T.);
#947 = VERTEX_POINT('',#948);
#948 = CARTESIAN_POINT('',(-58.32971791557,-18.9,9.600000000002));
#949 = B_SPLINE_CURVE_WITH_KNOTS('',6,(#950,#951,#952,#953,#954,#955,
    #956,#957,#958,#959,#960,#961,#962,#963,#964,#965,#966,#967,#968,
    #969,#970,#971,#972,#973,#974,#975,#976,#977,#978,#979,#980,#981),
  .UNSPECIFIED.,.F.,.F.,(7,5,5,5,5,5,7),(0.,0.173164282019,
    0.323557318229,0.438396248921,0.556953561062,0.677756900803,1.),
  .UNSPECIFIED.);
#950 = CARTESIAN_POINT('',(-54.9,-21.9,6.600000000002));
#951 = CARTESIAN_POINT('',(-54.9,-21.73677545251,6.600000000002));
#952 = CARTESIAN_POINT('',(-54.90799258791,-21.57355620553,6.61065686568
    ));
#953 = CARTESIAN_POINT('',(-54.92397736186,-21.41125141802,
    6.631969527267));
#954 = CARTESIAN_POINT('',(-54.94801890032,-21.250805612,6.663824172814)
  );
#955 = CARTESIAN_POINT('',(-54.98023355907,-21.09319397615,
    6.705968492485));
#956 = CARTESIAN_POINT('',(-55.05585942914,-20.80583195521,
    6.803095440253));
#957 = CARTESIAN_POINT('',(-55.09724226441,-20.67513898704,
    6.855662477657));
#958 = CARTESIAN_POINT('',(-55.14490472247,-20.54799956589,
    6.915344033828));
#959 = CARTESIAN_POINT('',(-55.19887025823,-20.42507619684,
    6.981712212527));
#960 = CARTESIAN_POINT('',(-55.2591031195,-20.30699657397,7.054199035915
    ));
#961 = CARTESIAN_POINT('',(-55.37607306285,-20.10827126917,
    7.191546546296));
#962 = CARTESIAN_POINT('',(-55.43027522127,-20.02536673836,
    7.254164797497));
#963 = CARTESIAN_POINT('',(-55.48795695847,-19.94584968566,
    7.319610346254));
#964 = CARTESIAN_POINT('',(-55.54901047578,-19.86991396135,
    7.387526959024));
#965 = CARTESIAN_POINT('',(-55.6132926962,-19.79769904628,7.457535811698
    ));
#966 = CARTESIAN_POINT('',(-55.75012795005,-19.65866727654,
    7.603278667444));
#967 = CARTESIAN_POINT('',(-55.82288730169,-19.59209495788,7.6791311239)
  );
#968 = CARTESIAN_POINT('',(-55.89870128673,-19.52966574597,
    7.756377166208));
#969 = CARTESIAN_POINT('',(-55.97735243805,-19.47138807663,
    7.834605673082));
#970 = CARTESIAN_POINT('',(-56.05861166568,-19.41720563748,
    7.913433753377));
#971 = CARTESIAN_POINT('',(-56.22746680457,-19.31587598827,
    8.073103731268));
#972 = CARTESIAN_POINT('',(-56.31515643068,-19.26887994022,
    8.153958084866));
#973 = CARTESIAN_POINT('',(-56.40507883517,-19.22591467191,
    8.234727180973));
#974 = CARTESIAN_POINT('',(-56.49700488872,-19.18681610325,8.31510783991
    ));
#975 = CARTESIAN_POINT('',(-56.59072308589,-19.15138962014,
    8.394849294326));
#976 = CARTESIAN_POINT('',(-56.9403319119,-19.03417844435,8.684229809374
    ));
#977 = CARTESIAN_POINT('',(-57.20580885342,-18.97367915371,
    8.888542210696));
#978 = CARTESIAN_POINT('',(-57.47944583167,-18.93376443596,
    9.083353867995));
#979 = CARTESIAN_POINT('',(-57.75880615832,-18.91033451531,
    9.267082148029));
#980 = CARTESIAN_POINT('',(-58.04236899349,-18.9,9.439259220518));
#981 = CARTESIAN_POINT('',(-58.32971136716,-18.9,9.600000000002));
#982 = ORIENTED_EDGE('',*,*,#983,.T.);
#983 = EDGE_CURVE('',#947,#860,#984,.T.);
#984 = CIRCLE('',#985,11.00000703336);
#985 = AXIS2_PLACEMENT_3D('',#986,#987,#988);
#986 = CARTESIAN_POINT('',(-63.7,-18.9,-1.172226657697E-05));
#987 = DIRECTION('',(0.,-1.,2.22044604925E-16));
#988 = DIRECTION('',(1.,0.,0.));
#989 = FACE_BOUND('',#990,.T.);
#990 = EDGE_LOOP('',(#991));
#991 = ORIENTED_EDGE('',*,*,#992,.T.);
#992 = EDGE_CURVE('',#993,#993,#995,.T.);
#993 = VERTEX_POINT('',#994);
#994 = CARTESIAN_POINT('',(-61.7,-18.,-10.81665382639));
#995 = B_SPLINE_CURVE_WITH_KNOTS('',8,(#996,#997,#998,#999,#1000,#1001,
    #1002,#1003,#1004,#1005,#1006,#1007,#1008,#1009,#1010,#1011,#1012,
    #1013,#1014,#1015,#1016,#1017,#1018,#1019,#1020,#1021,#1022,#1023,
    #1024,#1025,#1026,#1027,#1028,#1029,#1030,#1031,#1032,#1033,#1034,
    #1035,#1036,#1037,#1038,#1039,#1040,#1041,#1042,#1043,#1044,#1045,
    #1046),.UNSPECIFIED.,.T.,.F.,(1,8,7,7,7,7,7,7,8,1),(-0.172131488472,
    0.,0.154115779228,0.286719716074,0.423101048065,0.57826917403,
    0.706177786377,0.827868511528,1.,1.154115779228),.UNSPECIFIED.);
#996 = CARTESIAN_POINT('',(-61.7,-18.,-10.81665382639));
#997 = CARTESIAN_POINT('',(-61.7,-18.20933913481,-10.81665382639));
#998 = CARTESIAN_POINT('',(-61.72504187639,-18.4183818244,
    -10.82128384602));
#999 = CARTESIAN_POINT('',(-61.77499997423,-18.62540212832,
    -10.83052195706));
#1000 = CARTESIAN_POINT('',(-61.85035463684,-18.82851103669,
    -10.8441180828));
#1001 = CARTESIAN_POINT('',(-61.95196690036,-19.02531787314,
    -10.86157163732));
#1002 = CARTESIAN_POINT('',(-62.08094012197,-19.21271081387,
    -10.88201522042));
#1003 = CARTESIAN_POINT('',(-62.23841594705,-19.38654497069,
    -10.90408717695));
#1004 = CARTESIAN_POINT('',(-62.58582303429,-19.67394510779,
    -10.94462316969));
#1005 = CARTESIAN_POINT('',(-62.77415642099,-19.79750146245,
    -10.96386114787));
#1006 = CARTESIAN_POINT('',(-62.98731859521,-19.90103666423,
    -10.98162851703));
#1007 = CARTESIAN_POINT('',(-63.22010582842,-19.97665076866,
    -10.99558421817));
#1008 = CARTESIAN_POINT('',(-63.46547337627,-20.01914891561,
    -11.0036216985));
#1009 = CARTESIAN_POINT('',(-63.7154672744,-20.02603847538,
    -11.00478472454));
#1010 = CARTESIAN_POINT('',(-63.96193002988,-19.99761954169,
    -10.99940647557));
#1011 = CARTESIAN_POINT('',(-64.43953661015,-19.87499101445,
    -10.97778874233));
#1012 = CARTESIAN_POINT('',(-64.66188536358,-19.78102670269,
    -10.96161315454));
#1013 = CARTESIAN_POINT('',(-64.86193873957,-19.66172689788,
    -10.9420623369));
#1014 = CARTESIAN_POINT('',(-65.03850874488,-19.52250790863,
    -10.92105874305));
#1015 = CARTESIAN_POINT('',(-65.19121083017,-19.36804366197,
    -10.90026422854));
#1016 = CARTESIAN_POINT('',(-65.32020122788,-19.20242358095,
    -10.88096340536));
#1017 = CARTESIAN_POINT('',(-65.42605022436,-19.02922587302,
    -10.86406621237));
#1018 = CARTESIAN_POINT('',(-65.60477458279,-18.64941727819,
    -10.83425739893));
#1019 = CARTESIAN_POINT('',(-65.67277932576,-18.43791931562,
    -10.8219356251));
#1020 = CARTESIAN_POINT('',(-65.71360365699,-18.2204257876,
    -10.8141390276));
#1021 = CARTESIAN_POINT('',(-65.72721503507,-18.,-10.81147214348));
#1022 = CARTESIAN_POINT('',(-65.71360365699,-17.77957421239,
    -10.8141390276));
#1023 = CARTESIAN_POINT('',(-65.67277932576,-17.56208068437,
    -10.8219356251));
#1024 = CARTESIAN_POINT('',(-65.60477458279,-17.3505827218,
    -10.83425739893));
#1025 = CARTESIAN_POINT('',(-65.43124413346,-16.98181174565,
    -10.86319993836));
#1026 = CARTESIAN_POINT('',(-65.3334379354,-16.81947673411,
    -10.87884690855));
#1027 = CARTESIAN_POINT('',(-65.21555096898,-16.66376897178,
    -10.89660533488));
#1028 = CARTESIAN_POINT('',(-65.07705784202,-16.51742134407,
    -10.9157611162));
#1029 = CARTESIAN_POINT('',(-64.91767537867,-16.38361349267,
    -10.93532473801));
#1030 = CARTESIAN_POINT('',(-64.7374744926,-16.26604360544,
    -10.9540116343));
#1031 = CARTESIAN_POINT('',(-64.53708206032,-16.16906000028,
    -10.97029751778));
#1032 = CARTESIAN_POINT('',(-64.1096342713,-16.03017379452,
    -10.99435162885));
#1033 = CARTESIAN_POINT('',(-63.88727875194,-15.98677562954,
    -11.002330736));
#1034 = CARTESIAN_POINT('',(-63.65707978791,-15.9723317667,
    -11.00517410773));
#1035 = CARTESIAN_POINT('',(-63.42608233628,-15.98875626077,
    -11.00208805831));
#1036 = CARTESIAN_POINT('',(-63.20154474474,-16.03536457991,
    -10.99328433669));
#1037 = CARTESIAN_POINT('',(-62.99028129643,-16.10894747962,
    -10.98007286787));
#1038 = CARTESIAN_POINT('',(-62.79790693444,-16.20373776811,
    -10.96427172082));
#1039 = CARTESIAN_POINT('',(-62.38850310715,-16.46355333739,
    -10.92419571063));
#1040 = CARTESIAN_POINT('',(-62.18620697238,-16.6465451534,
    -10.89833029791));
#1041 = CARTESIAN_POINT('',(-62.02097503241,-16.85039894874,
    -10.87330159593));
#1042 = CARTESIAN_POINT('',(-61.89119977004,-17.06840757762,
    -10.85146821624));
#1043 = CARTESIAN_POINT('',(-61.79524808747,-17.29567080271,
    -10.83426434099));
#1044 = CARTESIAN_POINT('',(-61.7317787055,-17.52853850454,
    -10.82252988765));
#1045 = CARTESIAN_POINT('',(-61.7,-17.7641771166,-10.81665382639));
#1046 = CARTESIAN_POINT('',(-61.7,-18.,-10.81665382639));
#1047 = CYLINDRICAL_SURFACE('',#1048,11.);
#1048 = AXIS2_PLACEMENT_3D('',#1049,#1050,#1051);
#1049 = CARTESIAN_POINT('',(-63.7,-12.,0.));
#1050 = DIRECTION('',(0.,-1.,2.22044604925E-16));
#1051 = DIRECTION('',(-1.,0.,0.));
#1052 = ADVANCED_FACE('',(#1053,#1188),#1246,.F.);
#1053 = FACE_BOUND('',#1054,.T.);
#1054 = EDGE_LOOP('',(#1055,#1094,#1102,#1111,#1116,#1117,#1118,#1127,
    #1136,#1144,#1181));
#1055 = ORIENTED_EDGE('',*,*,#1056,.F.);
#1056 = EDGE_CURVE('',#1057,#1059,#1061,.T.);
#1057 = VERTEX_POINT('',#1058);
#1058 = CARTESIAN_POINT('',(-44.79999999999,-22.9,6.600000000002));
#1059 = VERTEX_POINT('',#1060);
#1060 = CARTESIAN_POINT('',(-41.37028208442,-19.9,9.600000000002));
#1061 = B_SPLINE_CURVE_WITH_KNOTS('',6,(#1062,#1063,#1064,#1065,#1066,
    #1067,#1068,#1069,#1070,#1071,#1072,#1073,#1074,#1075,#1076,#1077,
    #1078,#1079,#1080,#1081,#1082,#1083,#1084,#1085,#1086,#1087,#1088,
    #1089,#1090,#1091,#1092,#1093),.UNSPECIFIED.,.F.,.F.,(7,5,5,5,5,5,7)
  ,(0.,0.173164282019,0.323557318228,0.438396248921,0.556953561061,
    0.677756900803,1.),.UNSPECIFIED.);
#1062 = CARTESIAN_POINT('',(-44.79999999999,-22.9,6.600000000002));
#1063 = CARTESIAN_POINT('',(-44.79999999999,-22.73677545251,
    6.600000000002));
#1064 = CARTESIAN_POINT('',(-44.79200741208,-22.57355620553,
    6.61065686568));
#1065 = CARTESIAN_POINT('',(-44.77602263813,-22.41125141802,
    6.631969527267));
#1066 = CARTESIAN_POINT('',(-44.75198109967,-22.250805612,6.663824172814
    ));
#1067 = CARTESIAN_POINT('',(-44.71976644093,-22.09319397615,
    6.705968492485));
#1068 = CARTESIAN_POINT('',(-44.64414057086,-21.80583195521,
    6.803095440253));
#1069 = CARTESIAN_POINT('',(-44.60275773558,-21.67513898704,
    6.855662477657));
#1070 = CARTESIAN_POINT('',(-44.55509527752,-21.54799956589,
    6.915344033828));
#1071 = CARTESIAN_POINT('',(-44.50112974176,-21.42507619684,
    6.981712212527));
#1072 = CARTESIAN_POINT('',(-44.44089688049,-21.30699657397,
    7.054199035915));
#1073 = CARTESIAN_POINT('',(-44.32392693714,-21.10827126917,
    7.191546546296));
#1074 = CARTESIAN_POINT('',(-44.26972477872,-21.02536673836,
    7.254164797497));
#1075 = CARTESIAN_POINT('',(-44.21204304152,-20.94584968566,
    7.319610346254));
#1076 = CARTESIAN_POINT('',(-44.15098952421,-20.86991396135,
    7.387526959024));
#1077 = CARTESIAN_POINT('',(-44.08670730379,-20.79769904628,
    7.457535811698));
#1078 = CARTESIAN_POINT('',(-43.94987204994,-20.65866727654,
    7.603278667444));
#1079 = CARTESIAN_POINT('',(-43.8771126983,-20.59209495788,7.6791311239)
  );
#1080 = CARTESIAN_POINT('',(-43.80129871327,-20.52966574597,
    7.756377166208));
#1081 = CARTESIAN_POINT('',(-43.72264756194,-20.47138807663,
    7.834605673082));
#1082 = CARTESIAN_POINT('',(-43.64138833431,-20.41720563748,
    7.913433753377));
#1083 = CARTESIAN_POINT('',(-43.47253319542,-20.31587598827,
    8.073103731268));
#1084 = CARTESIAN_POINT('',(-43.38484356931,-20.26887994022,
    8.153958084866));
#1085 = CARTESIAN_POINT('',(-43.29492116482,-20.22591467191,
    8.234727180973));
#1086 = CARTESIAN_POINT('',(-43.20299511127,-20.18681610325,
    8.31510783991));
#1087 = CARTESIAN_POINT('',(-43.1092769141,-20.15138962014,
    8.394849294326));
#1088 = CARTESIAN_POINT('',(-42.75966808809,-20.03417844435,
    8.684229809374));
#1089 = CARTESIAN_POINT('',(-42.49419114657,-19.97367915371,
    8.888542210696));
#1090 = CARTESIAN_POINT('',(-42.22055416832,-19.93376443596,
    9.083353867995));
#1091 = CARTESIAN_POINT('',(-41.94119384168,-19.91033451531,
    9.267082148029));
#1092 = CARTESIAN_POINT('',(-41.6576310065,-19.9,9.439259220518));
#1093 = CARTESIAN_POINT('',(-41.37028863283,-19.9,9.600000000002));
#1094 = ORIENTED_EDGE('',*,*,#1095,.F.);
#1095 = EDGE_CURVE('',#1096,#1057,#1098,.T.);
#1096 = VERTEX_POINT('',#1097);
#1097 = CARTESIAN_POINT('',(-44.79999999999,-28.,6.600000000002));
#1098 = LINE('',#1099,#1100);
#1099 = CARTESIAN_POINT('',(-44.79999999999,-46.5,6.600000000002));
#1100 = VECTOR('',#1101,1.);
#1101 = DIRECTION('',(0.,1.,-2.22044604925E-16));
#1102 = ORIENTED_EDGE('',*,*,#1103,.F.);
#1103 = EDGE_CURVE('',#1104,#1096,#1106,.T.);
#1104 = VERTEX_POINT('',#1105);
#1105 = CARTESIAN_POINT('',(-47.,-28.,6.364461157513E-16));
#1106 = CIRCLE('',#1107,11.);
#1107 = AXIS2_PLACEMENT_3D('',#1108,#1109,#1110);
#1108 = CARTESIAN_POINT('',(-36.,-28.,3.330669073875E-15));
#1109 = DIRECTION('',(0.,1.,-2.22044604925E-16));
#1110 = DIRECTION('',(1.,0.,0.));
#1111 = ORIENTED_EDGE('',*,*,#1112,.F.);
#1112 = EDGE_CURVE('',#149,#1104,#1113,.T.);
#1113 = B_SPLINE_CURVE_WITH_KNOTS('',1,(#1114,#1115),.UNSPECIFIED.,.F.,
  .F.,(2,2),(-1.5,15.),.PIECEWISE_BEZIER_KNOTS.);
#1114 = CARTESIAN_POINT('',(-47.,-11.5,-3.027289865512E-15));
#1115 = CARTESIAN_POINT('',(-47.,-28.,6.364461157513E-16));
#1116 = ORIENTED_EDGE('',*,*,#148,.F.);
#1117 = ORIENTED_EDGE('',*,*,#1112,.T.);
#1118 = ORIENTED_EDGE('',*,*,#1119,.F.);
#1119 = EDGE_CURVE('',#1120,#1104,#1122,.T.);
#1120 = VERTEX_POINT('',#1121);
#1121 = CARTESIAN_POINT('',(-25.,-28.,3.330669073875E-15));
#1122 = CIRCLE('',#1123,11.);
#1123 = AXIS2_PLACEMENT_3D('',#1124,#1125,#1126);
#1124 = CARTESIAN_POINT('',(-36.,-28.,3.330669073875E-15));
#1125 = DIRECTION('',(0.,1.,-2.22044604925E-16));
#1126 = DIRECTION('',(1.,0.,0.));
#1127 = ORIENTED_EDGE('',*,*,#1128,.F.);
#1128 = EDGE_CURVE('',#1129,#1120,#1131,.T.);
#1129 = VERTEX_POINT('',#1130);
#1130 = CARTESIAN_POINT('',(-27.2,-28.,6.600000000002));
#1131 = CIRCLE('',#1132,11.);
#1132 = AXIS2_PLACEMENT_3D('',#1133,#1134,#1135);
#1133 = CARTESIAN_POINT('',(-36.,-28.,3.330669073875E-15));
#1134 = DIRECTION('',(0.,1.,-2.22044604925E-16));
#1135 = DIRECTION('',(1.,0.,0.));
#1136 = ORIENTED_EDGE('',*,*,#1137,.T.);
#1137 = EDGE_CURVE('',#1129,#1138,#1140,.T.);
#1138 = VERTEX_POINT('',#1139);
#1139 = CARTESIAN_POINT('',(-27.2,-22.9,6.600000000002));
#1140 = LINE('',#1141,#1142);
#1141 = CARTESIAN_POINT('',(-27.2,-46.5,6.600000000002));
#1142 = VECTOR('',#1143,1.);
#1143 = DIRECTION('',(0.,1.,-2.22044604925E-16));
#1144 = ORIENTED_EDGE('',*,*,#1145,.T.);
#1145 = EDGE_CURVE('',#1138,#1146,#1148,.T.);
#1146 = VERTEX_POINT('',#1147);
#1147 = CARTESIAN_POINT('',(-30.62971791557,-19.9,9.600000000002));
#1148 = B_SPLINE_CURVE_WITH_KNOTS('',6,(#1149,#1150,#1151,#1152,#1153,
    #1154,#1155,#1156,#1157,#1158,#1159,#1160,#1161,#1162,#1163,#1164,
    #1165,#1166,#1167,#1168,#1169,#1170,#1171,#1172,#1173,#1174,#1175,
    #1176,#1177,#1178,#1179,#1180),.UNSPECIFIED.,.F.,.F.,(7,5,5,5,5,5,7)
  ,(0.,0.173164282019,0.323557318229,0.438396248921,0.556953561062,
    0.677756900803,1.),.UNSPECIFIED.);
#1149 = CARTESIAN_POINT('',(-27.2,-22.9,6.600000000002));
#1150 = CARTESIAN_POINT('',(-27.2,-22.73677545251,6.600000000002));
#1151 = CARTESIAN_POINT('',(-27.20799258791,-22.57355620553,
    6.61065686568));
#1152 = CARTESIAN_POINT('',(-27.22397736186,-22.41125141802,
    6.631969527267));
#1153 = CARTESIAN_POINT('',(-27.24801890032,-22.250805612,6.663824172814
    ));
#1154 = CARTESIAN_POINT('',(-27.28023355907,-22.09319397615,
    6.705968492485));
#1155 = CARTESIAN_POINT('',(-27.35585942914,-21.80583195521,
    6.803095440253));
#1156 = CARTESIAN_POINT('',(-27.39724226441,-21.67513898704,
    6.855662477657));
#1157 = CARTESIAN_POINT('',(-27.44490472247,-21.54799956589,
    6.915344033828));
#1158 = CARTESIAN_POINT('',(-27.49887025823,-21.42507619684,
    6.981712212527));
#1159 = CARTESIAN_POINT('',(-27.5591031195,-21.30699657397,
    7.054199035915));
#1160 = CARTESIAN_POINT('',(-27.67607306285,-21.10827126917,
    7.191546546296));
#1161 = CARTESIAN_POINT('',(-27.73027522127,-21.02536673836,
    7.254164797497));
#1162 = CARTESIAN_POINT('',(-27.78795695847,-20.94584968566,
    7.319610346254));
#1163 = CARTESIAN_POINT('',(-27.84901047578,-20.86991396135,
    7.387526959024));
#1164 = CARTESIAN_POINT('',(-27.9132926962,-20.79769904628,
    7.457535811698));
#1165 = CARTESIAN_POINT('',(-28.05012795005,-20.65866727654,
    7.603278667444));
#1166 = CARTESIAN_POINT('',(-28.12288730169,-20.59209495788,7.6791311239
    ));
#1167 = CARTESIAN_POINT('',(-28.19870128673,-20.52966574597,
    7.756377166208));
#1168 = CARTESIAN_POINT('',(-28.27735243805,-20.47138807663,
    7.834605673082));
#1169 = CARTESIAN_POINT('',(-28.35861166568,-20.41720563748,
    7.913433753377));
#1170 = CARTESIAN_POINT('',(-28.52746680457,-20.31587598827,
    8.073103731268));
#1171 = CARTESIAN_POINT('',(-28.61515643068,-20.26887994022,
    8.153958084866));
#1172 = CARTESIAN_POINT('',(-28.70507883517,-20.22591467191,
    8.234727180973));
#1173 = CARTESIAN_POINT('',(-28.79700488872,-20.18681610325,
    8.31510783991));
#1174 = CARTESIAN_POINT('',(-28.89072308589,-20.15138962014,
    8.394849294326));
#1175 = CARTESIAN_POINT('',(-29.2403319119,-20.03417844435,
    8.684229809374));
#1176 = CARTESIAN_POINT('',(-29.50580885342,-19.97367915371,
    8.888542210696));
#1177 = CARTESIAN_POINT('',(-29.77944583167,-19.93376443596,
    9.083353867995));
#1178 = CARTESIAN_POINT('',(-30.05880615832,-19.91033451531,
    9.267082148029));
#1179 = CARTESIAN_POINT('',(-30.34236899349,-19.9,9.439259220518));
#1180 = CARTESIAN_POINT('',(-30.62971136716,-19.9,9.600000000002));
#1181 = ORIENTED_EDGE('',*,*,#1182,.T.);
#1182 = EDGE_CURVE('',#1146,#1059,#1183,.T.);
#1183 = CIRCLE('',#1184,11.00000703336);
#1184 = AXIS2_PLACEMENT_3D('',#1185,#1186,#1187);
#1185 = CARTESIAN_POINT('',(-36.,-19.9,-1.172226657697E-05));
#1186 = DIRECTION('',(0.,-1.,2.22044604925E-16));
#1187 = DIRECTION('',(1.,0.,0.));
#1188 = FACE_BOUND('',#1189,.T.);
#1189 = EDGE_LOOP('',(#1190));
#1190 = ORIENTED_EDGE('',*,*,#1191,.T.);
#1191 = EDGE_CURVE('',#1192,#1192,#1194,.T.);
#1192 = VERTEX_POINT('',#1193);
#1193 = CARTESIAN_POINT('',(-34.,-19.,-10.81665382639));
#1194 = B_SPLINE_CURVE_WITH_KNOTS('',8,(#1195,#1196,#1197,#1198,#1199,
    #1200,#1201,#1202,#1203,#1204,#1205,#1206,#1207,#1208,#1209,#1210,
    #1211,#1212,#1213,#1214,#1215,#1216,#1217,#1218,#1219,#1220,#1221,
    #1222,#1223,#1224,#1225,#1226,#1227,#1228,#1229,#1230,#1231,#1232,
    #1233,#1234,#1235,#1236,#1237,#1238,#1239,#1240,#1241,#1242,#1243,
    #1244,#1245),.UNSPECIFIED.,.T.,.F.,(1,8,7,7,7,7,7,7,8,1),(
    -0.172131488472,0.,0.154115779228,0.286719716074,0.423101048065,
    0.57826917403,0.706177786377,0.827868511528,1.,1.154115779228),
  .UNSPECIFIED.);
#1195 = CARTESIAN_POINT('',(-34.,-19.,-10.81665382639));
#1196 = CARTESIAN_POINT('',(-34.,-19.20933913481,-10.81665382639));
#1197 = CARTESIAN_POINT('',(-34.02504187639,-19.4183818244,
    -10.82128384602));
#1198 = CARTESIAN_POINT('',(-34.07499997423,-19.62540212832,
    -10.83052195706));
#1199 = CARTESIAN_POINT('',(-34.15035463684,-19.82851103669,
    -10.8441180828));
#1200 = CARTESIAN_POINT('',(-34.25196690036,-20.02531787314,
    -10.86157163732));
#1201 = CARTESIAN_POINT('',(-34.38094012197,-20.21271081387,
    -10.88201522042));
#1202 = CARTESIAN_POINT('',(-34.53841594705,-20.38654497069,
    -10.90408717695));
#1203 = CARTESIAN_POINT('',(-34.88582303429,-20.67394510779,
    -10.94462316969));
#1204 = CARTESIAN_POINT('',(-35.07415642099,-20.79750146245,
    -10.96386114787));
#1205 = CARTESIAN_POINT('',(-35.28731859521,-20.90103666423,
    -10.98162851703));
#1206 = CARTESIAN_POINT('',(-35.52010582842,-20.97665076866,
    -10.99558421817));
#1207 = CARTESIAN_POINT('',(-35.76547337627,-21.01914891561,
    -11.0036216985));
#1208 = CARTESIAN_POINT('',(-36.0154672744,-21.02603847538,
    -11.00478472454));
#1209 = CARTESIAN_POINT('',(-36.26193002988,-20.99761954169,
    -10.99940647557));
#1210 = CARTESIAN_POINT('',(-36.73953661015,-20.87499101445,
    -10.97778874233));
#1211 = CARTESIAN_POINT('',(-36.96188536358,-20.78102670269,
    -10.96161315454));
#1212 = CARTESIAN_POINT('',(-37.16193873957,-20.66172689788,
    -10.9420623369));
#1213 = CARTESIAN_POINT('',(-37.33850874488,-20.52250790863,
    -10.92105874305));
#1214 = CARTESIAN_POINT('',(-37.49121083017,-20.36804366197,
    -10.90026422854));
#1215 = CARTESIAN_POINT('',(-37.62020122788,-20.20242358095,
    -10.88096340536));
#1216 = CARTESIAN_POINT('',(-37.72605022436,-20.02922587302,
    -10.86406621237));
#1217 = CARTESIAN_POINT('',(-37.90477458279,-19.64941727819,
    -10.83425739893));
#1218 = CARTESIAN_POINT('',(-37.97277932576,-19.43791931562,
    -10.8219356251));
#1219 = CARTESIAN_POINT('',(-38.01360365699,-19.2204257876,
    -10.8141390276));
#1220 = CARTESIAN_POINT('',(-38.02721503507,-19.,-10.81147214348));
#1221 = CARTESIAN_POINT('',(-38.01360365699,-18.77957421239,
    -10.8141390276));
#1222 = CARTESIAN_POINT('',(-37.97277932576,-18.56208068437,
    -10.8219356251));
#1223 = CARTESIAN_POINT('',(-37.90477458279,-18.3505827218,
    -10.83425739893));
#1224 = CARTESIAN_POINT('',(-37.73124413346,-17.98181174565,
    -10.86319993836));
#1225 = CARTESIAN_POINT('',(-37.6334379354,-17.81947673411,
    -10.87884690855));
#1226 = CARTESIAN_POINT('',(-37.51555096898,-17.66376897178,
    -10.89660533488));
#1227 = CARTESIAN_POINT('',(-37.37705784202,-17.51742134407,
    -10.9157611162));
#1228 = CARTESIAN_POINT('',(-37.21767537867,-17.38361349267,
    -10.93532473801));
#1229 = CARTESIAN_POINT('',(-37.0374744926,-17.26604360544,
    -10.9540116343));
#1230 = CARTESIAN_POINT('',(-36.83708206032,-17.16906000028,
    -10.97029751778));
#1231 = CARTESIAN_POINT('',(-36.4096342713,-17.03017379452,
    -10.99435162885));
#1232 = CARTESIAN_POINT('',(-36.18727875194,-16.98677562954,
    -11.002330736));
#1233 = CARTESIAN_POINT('',(-35.95707978791,-16.9723317667,
    -11.00517410773));
#1234 = CARTESIAN_POINT('',(-35.72608233628,-16.98875626077,
    -11.00208805831));
#1235 = CARTESIAN_POINT('',(-35.50154474474,-17.03536457991,
    -10.99328433669));
#1236 = CARTESIAN_POINT('',(-35.29028129643,-17.10894747962,
    -10.98007286787));
#1237 = CARTESIAN_POINT('',(-35.09790693444,-17.20373776811,
    -10.96427172082));
#1238 = CARTESIAN_POINT('',(-34.68850310715,-17.46355333739,
    -10.92419571063));
#1239 = CARTESIAN_POINT('',(-34.48620697238,-17.6465451534,
    -10.89833029791));
#1240 = CARTESIAN_POINT('',(-34.32097503241,-17.85039894874,
    -10.87330159593));
#1241 = CARTESIAN_POINT('',(-34.19119977004,-18.06840757762,
    -10.85146821624));
#1242 = CARTESIAN_POINT('',(-34.09524808747,-18.29567080271,
    -10.83426434099));
#1243 = CARTESIAN_POINT('',(-34.0317787055,-18.52853850454,
    -10.82252988765));
#1244 = CARTESIAN_POINT('',(-34.,-18.7641771166,-10.81665382639));
#1245 = CARTESIAN_POINT('',(-34.,-19.,-10.81665382639));
#1246 = CYLINDRICAL_SURFACE('',#1247,11.);
#1247 = AXIS2_PLACEMENT_3D('',#1248,#1249,#1250);
#1248 = CARTESIAN_POINT('',(-36.,-13.,0.));
#1249 = DIRECTION('',(0.,-1.,2.22044604925E-16));
#1250 = DIRECTION('',(-1.,0.,0.));
#1251 = ADVANCED_FACE('',(#1252,#1378),#1513,.F.);
#1252 = FACE_BOUND('',#1253,.T.);
#1253 = EDGE_LOOP('',(#1254,#1265,#1273,#1310,#1319,#1356,#1364,#1371,
    #1376,#1377));
#1254 = ORIENTED_EDGE('',*,*,#1255,.T.);
#1255 = EDGE_CURVE('',#1256,#1258,#1260,.T.);
#1256 = VERTEX_POINT('',#1257);
#1257 = CARTESIAN_POINT('',(25.,-28.,3.330669073875E-15));
#1258 = VERTEX_POINT('',#1259);
#1259 = CARTESIAN_POINT('',(44.799999999993,-28.,6.600000000002));
#1260 = CIRCLE('',#1261,11.);
#1261 = AXIS2_PLACEMENT_3D('',#1262,#1263,#1264);
#1262 = CARTESIAN_POINT('',(36.,-28.,3.330669073875E-15));
#1263 = DIRECTION('',(0.,-1.,2.22044604925E-16));
#1264 = DIRECTION('',(-1.,0.,0.));
#1265 = ORIENTED_EDGE('',*,*,#1266,.T.);
#1266 = EDGE_CURVE('',#1258,#1267,#1269,.T.);
#1267 = VERTEX_POINT('',#1268);
#1268 = CARTESIAN_POINT('',(44.799999999993,-22.9,6.600000000002));
#1269 = LINE('',#1270,#1271);
#1270 = CARTESIAN_POINT('',(44.799999999993,-46.5,6.600000000002));
#1271 = VECTOR('',#1272,1.);
#1272 = DIRECTION('',(0.,1.,-2.22044604925E-16));
#1273 = ORIENTED_EDGE('',*,*,#1274,.T.);
#1274 = EDGE_CURVE('',#1267,#1275,#1277,.T.);
#1275 = VERTEX_POINT('',#1276);
#1276 = CARTESIAN_POINT('',(41.370282084422,-19.9,9.600000000002));
#1277 = B_SPLINE_CURVE_WITH_KNOTS('',6,(#1278,#1279,#1280,#1281,#1282,
    #1283,#1284,#1285,#1286,#1287,#1288,#1289,#1290,#1291,#1292,#1293,
    #1294,#1295,#1296,#1297,#1298,#1299,#1300,#1301,#1302,#1303,#1304,
    #1305,#1306,#1307,#1308,#1309),.UNSPECIFIED.,.F.,.F.,(7,5,5,5,5,5,7)
  ,(0.,0.173164282019,0.323557318228,0.438396248921,0.556953561061,
    0.677756900803,1.),.UNSPECIFIED.);
#1278 = CARTESIAN_POINT('',(44.799999999998,-22.9,6.600000000002));
#1279 = CARTESIAN_POINT('',(44.799999999998,-22.73677545251,
    6.600000000002));
#1280 = CARTESIAN_POINT('',(44.792007412082,-22.57355620553,
    6.61065686568));
#1281 = CARTESIAN_POINT('',(44.776022638131,-22.41125141802,
    6.631969527267));
#1282 = CARTESIAN_POINT('',(44.751981099679,-22.250805612,6.663824172814
    ));
#1283 = CARTESIAN_POINT('',(44.71976644093,-22.09319397615,
    6.705968492485));
#1284 = CARTESIAN_POINT('',(44.64414057086,-21.80583195521,
    6.803095440253));
#1285 = CARTESIAN_POINT('',(44.602757735587,-21.67513898704,
    6.855662477657));
#1286 = CARTESIAN_POINT('',(44.555095277524,-21.54799956589,
    6.915344033828));
#1287 = CARTESIAN_POINT('',(44.501129741764,-21.42507619684,
    6.981712212527));
#1288 = CARTESIAN_POINT('',(44.440896880496,-21.30699657397,
    7.054199035915));
#1289 = CARTESIAN_POINT('',(44.323926937149,-21.10827126917,
    7.191546546296));
#1290 = CARTESIAN_POINT('',(44.269724778725,-21.02536673836,
    7.254164797497));
#1291 = CARTESIAN_POINT('',(44.212043041525,-20.94584968566,
    7.319610346254));
#1292 = CARTESIAN_POINT('',(44.150989524214,-20.86991396135,
    7.387526959024));
#1293 = CARTESIAN_POINT('',(44.086707303793,-20.79769904628,
    7.457535811698));
#1294 = CARTESIAN_POINT('',(43.949872049941,-20.65866727654,
    7.603278667444));
#1295 = CARTESIAN_POINT('',(43.877112698305,-20.59209495788,7.6791311239
    ));
#1296 = CARTESIAN_POINT('',(43.80129871327,-20.52966574597,
    7.756377166208));
#1297 = CARTESIAN_POINT('',(43.722647561945,-20.47138807663,
    7.834605673082));
#1298 = CARTESIAN_POINT('',(43.641388334318,-20.41720563748,
    7.913433753377));
#1299 = CARTESIAN_POINT('',(43.472533195425,-20.31587598827,
    8.073103731268));
#1300 = CARTESIAN_POINT('',(43.384843569315,-20.26887994022,
    8.153958084866));
#1301 = CARTESIAN_POINT('',(43.294921164826,-20.22591467191,
    8.234727180973));
#1302 = CARTESIAN_POINT('',(43.202995111277,-20.18681610325,
    8.31510783991));
#1303 = CARTESIAN_POINT('',(43.109276914107,-20.15138962014,
    8.394849294326));
#1304 = CARTESIAN_POINT('',(42.759668088093,-20.03417844435,
    8.684229809374));
#1305 = CARTESIAN_POINT('',(42.494191146577,-19.97367915371,
    8.888542210696));
#1306 = CARTESIAN_POINT('',(42.220554168326,-19.93376443596,
    9.083353867995));
#1307 = CARTESIAN_POINT('',(41.941193841681,-19.91033451531,
    9.267082148029));
#1308 = CARTESIAN_POINT('',(41.657631006504,-19.9,9.439259220518));
#1309 = CARTESIAN_POINT('',(41.370288632835,-19.9,9.600000000002));
#1310 = ORIENTED_EDGE('',*,*,#1311,.F.);
#1311 = EDGE_CURVE('',#1312,#1275,#1314,.T.);
#1312 = VERTEX_POINT('',#1313);
#1313 = CARTESIAN_POINT('',(30.629717915578,-19.9,9.600000000002));
#1314 = CIRCLE('',#1315,11.00000703336);
#1315 = AXIS2_PLACEMENT_3D('',#1316,#1317,#1318);
#1316 = CARTESIAN_POINT('',(36.,-19.9,-1.172226657697E-05));
#1317 = DIRECTION('',(0.,1.,-2.22044604925E-16));
#1318 = DIRECTION('',(-1.,0.,0.));
#1319 = ORIENTED_EDGE('',*,*,#1320,.F.);
#1320 = EDGE_CURVE('',#1321,#1312,#1323,.T.);
#1321 = VERTEX_POINT('',#1322);
#1322 = CARTESIAN_POINT('',(27.200000000007,-22.9,6.600000000002));
#1323 = B_SPLINE_CURVE_WITH_KNOTS('',6,(#1324,#1325,#1326,#1327,#1328,
    #1329,#1330,#1331,#1332,#1333,#1334,#1335,#1336,#1337,#1338,#1339,
    #1340,#1341,#1342,#1343,#1344,#1345,#1346,#1347,#1348,#1349,#1350,
    #1351,#1352,#1353,#1354,#1355),.UNSPECIFIED.,.F.,.F.,(7,5,5,5,5,5,7)
  ,(0.,0.173164282019,0.323557318229,0.438396248921,0.556953561062,
    0.677756900803,1.),.UNSPECIFIED.);
#1324 = CARTESIAN_POINT('',(27.200000000002,-22.9,6.600000000002));
#1325 = CARTESIAN_POINT('',(27.200000000002,-22.73677545251,
    6.600000000002));
#1326 = CARTESIAN_POINT('',(27.207992587918,-22.57355620553,
    6.61065686568));
#1327 = CARTESIAN_POINT('',(27.223977361869,-22.41125141802,
    6.631969527267));
#1328 = CARTESIAN_POINT('',(27.248018900321,-22.250805612,6.663824172814
    ));
#1329 = CARTESIAN_POINT('',(27.28023355907,-22.09319397615,
    6.705968492485));
#1330 = CARTESIAN_POINT('',(27.35585942914,-21.80583195521,
    6.803095440253));
#1331 = CARTESIAN_POINT('',(27.397242264413,-21.67513898704,
    6.855662477657));
#1332 = CARTESIAN_POINT('',(27.444904722475,-21.54799956589,
    6.915344033828));
#1333 = CARTESIAN_POINT('',(27.498870258237,-21.42507619684,
    6.981712212527));
#1334 = CARTESIAN_POINT('',(27.559103119504,-21.30699657397,
    7.054199035915));
#1335 = CARTESIAN_POINT('',(27.676073062851,-21.10827126917,
    7.191546546296));
#1336 = CARTESIAN_POINT('',(27.730275221275,-21.02536673836,
    7.254164797497));
#1337 = CARTESIAN_POINT('',(27.787956958475,-20.94584968566,
    7.319610346254));
#1338 = CARTESIAN_POINT('',(27.849010475786,-20.86991396135,
    7.387526959024));
#1339 = CARTESIAN_POINT('',(27.913292696207,-20.79769904628,
    7.457535811698));
#1340 = CARTESIAN_POINT('',(28.050127950059,-20.65866727654,
    7.603278667444));
#1341 = CARTESIAN_POINT('',(28.122887301695,-20.59209495788,7.6791311239
    ));
#1342 = CARTESIAN_POINT('',(28.19870128673,-20.52966574597,
    7.756377166208));
#1343 = CARTESIAN_POINT('',(28.277352438055,-20.47138807663,
    7.834605673082));
#1344 = CARTESIAN_POINT('',(28.358611665682,-20.41720563748,
    7.913433753377));
#1345 = CARTESIAN_POINT('',(28.527466804575,-20.31587598827,
    8.073103731268));
#1346 = CARTESIAN_POINT('',(28.615156430685,-20.26887994022,
    8.153958084866));
#1347 = CARTESIAN_POINT('',(28.705078835174,-20.22591467191,
    8.234727180973));
#1348 = CARTESIAN_POINT('',(28.797004888723,-20.18681610325,
    8.31510783991));
#1349 = CARTESIAN_POINT('',(28.890723085893,-20.15138962014,
    8.394849294326));
#1350 = CARTESIAN_POINT('',(29.240331911906,-20.03417844435,
    8.684229809374));
#1351 = CARTESIAN_POINT('',(29.505808853424,-19.97367915371,
    8.888542210696));
#1352 = CARTESIAN_POINT('',(29.779445831674,-19.93376443596,
    9.083353867995));
#1353 = CARTESIAN_POINT('',(30.05880615832,-19.91033451531,
    9.267082148029));
#1354 = CARTESIAN_POINT('',(30.342368993496,-19.9,9.439259220518));
#1355 = CARTESIAN_POINT('',(30.629711367165,-19.9,9.600000000002));
#1356 = ORIENTED_EDGE('',*,*,#1357,.F.);
#1357 = EDGE_CURVE('',#1358,#1321,#1360,.T.);
#1358 = VERTEX_POINT('',#1359);
#1359 = CARTESIAN_POINT('',(27.200000000007,-28.,6.600000000002));
#1360 = LINE('',#1361,#1362);
#1361 = CARTESIAN_POINT('',(27.200000000007,-46.5,6.600000000002));
#1362 = VECTOR('',#1363,1.);
#1363 = DIRECTION('',(0.,1.,-2.22044604925E-16));
#1364 = ORIENTED_EDGE('',*,*,#1365,.T.);
#1365 = EDGE_CURVE('',#1358,#1256,#1366,.T.);
#1366 = CIRCLE('',#1367,11.);
#1367 = AXIS2_PLACEMENT_3D('',#1368,#1369,#1370);
#1368 = CARTESIAN_POINT('',(36.,-28.,3.330669073875E-15));
#1369 = DIRECTION('',(0.,-1.,2.22044604925E-16));
#1370 = DIRECTION('',(-1.,0.,0.));
#1371 = ORIENTED_EDGE('',*,*,#1372,.F.);
#1372 = EDGE_CURVE('',#160,#1256,#1373,.T.);
#1373 = B_SPLINE_CURVE_WITH_KNOTS('',1,(#1374,#1375),.UNSPECIFIED.,.F.,
  .F.,(2,2),(-1.5,15.),.PIECEWISE_BEZIER_KNOTS.);
#1374 = CARTESIAN_POINT('',(25.,-11.5,-3.027289865512E-15));
#1375 = CARTESIAN_POINT('',(25.,-28.,6.364461157513E-16));
#1376 = ORIENTED_EDGE('',*,*,#159,.F.);
#1377 = ORIENTED_EDGE('',*,*,#1372,.T.);
#1378 = FACE_BOUND('',#1379,.T.);
#1379 = EDGE_LOOP('',(#1380));
#1380 = ORIENTED_EDGE('',*,*,#1381,.F.);
#1381 = EDGE_CURVE('',#1382,#1382,#1384,.T.);
#1382 = VERTEX_POINT('',#1383);
#1383 = CARTESIAN_POINT('',(38.,-19.,-10.81665382914));
#1384 = B_SPLINE_CURVE_WITH_KNOTS('',8,(#1385,#1386,#1387,#1388,#1389,
    #1390,#1391,#1392,#1393,#1394,#1395,#1396,#1397,#1398,#1399,#1400,
    #1401,#1402,#1403,#1404,#1405,#1406,#1407,#1408,#1409,#1410,#1411,
    #1412,#1413,#1414,#1415,#1416,#1417,#1418,#1419,#1420,#1421,#1422,
    #1423,#1424,#1425,#1426,#1427,#1428,#1429,#1430,#1431,#1432,#1433,
    #1434,#1435,#1436,#1437,#1438,#1439,#1440,#1441,#1442,#1443,#1444,
    #1445,#1446,#1447,#1448,#1449,#1450,#1451,#1452,#1453,#1454,#1455,
    #1456,#1457,#1458,#1459,#1460,#1461,#1462,#1463,#1464,#1465,#1466,
    #1467,#1468,#1469,#1470,#1471,#1472,#1473,#1474,#1475,#1476,#1477,
    #1478,#1479,#1480,#1481,#1482,#1483,#1484,#1485,#1486,#1487,#1488,
    #1489,#1490,#1491,#1492,#1493,#1494,#1495,#1496,#1497,#1498,#1499,
    #1500,#1501,#1502,#1503,#1504,#1505,#1506,#1507,#1508,#1509,#1510,
    #1511,#1512),.UNSPECIFIED.,.T.,.F.,(9,7,7,7,7,7,7,7,7,7,7,7,7,7,7,7,
    7,7,9),(0.500685111048,0.57826917403,0.706177786377,0.827868511528,
    0.913934255764,0.956967127882,0.978483563941,0.98924178197,
    0.994620890985,1.,1.004816118101,1.009632236202,1.019264472404,
    1.038528944807,1.077057889614,1.154115779228,1.286719716074,
    1.423101048065,1.500685111048),.UNSPECIFIED.);
#1385 = CARTESIAN_POINT('',(38.000000022717,-19.,-10.81665382401));
#1386 = CARTESIAN_POINT('',(38.000000022717,-18.89089926798,
    -10.81665382401));
#1387 = CARTESIAN_POINT('',(37.993198303466,-18.78179853597,
    -10.81791146058));
#1388 = CARTESIAN_POINT('',(37.979594864963,-18.67307280566,
    -10.82042673371));
#1389 = CARTESIAN_POINT('',(37.959191128358,-18.56509707874,
    -10.82417461327));
#1390 = CARTESIAN_POINT('',(37.931989935949,-18.45825073097,
    -10.82910503899));
#1391 = CARTESIAN_POINT('',(37.89799564907,-18.35292188621,
    -10.83514315879));
#1392 = CARTESIAN_POINT('',(37.857214343862,-18.24951206933,
    -10.84218980558));
#1393 = CARTESIAN_POINT('',(37.731244133469,-17.98181174565,
    -10.86319993836));
#1394 = CARTESIAN_POINT('',(37.633437935404,-17.81947673411,
    -10.87884690855));
#1395 = CARTESIAN_POINT('',(37.515550968985,-17.66376897178,
    -10.89660533488));
#1396 = CARTESIAN_POINT('',(37.37705784202,-17.51742134407,
    -10.9157611162));
#1397 = CARTESIAN_POINT('',(37.217675378676,-17.38361349267,
    -10.93532473801));
#1398 = CARTESIAN_POINT('',(37.037474492604,-17.26604360544,
    -10.9540116343));
#1399 = CARTESIAN_POINT('',(36.837082060322,-17.16906000028,
    -10.97029751778));
#1400 = CARTESIAN_POINT('',(36.409634271301,-17.03017379452,
    -10.99435162885));
#1401 = CARTESIAN_POINT('',(36.18727875194,-16.98677562954,-11.002330736
    ));
#1402 = CARTESIAN_POINT('',(35.957079787912,-16.9723317667,
    -11.00517410773));
#1403 = CARTESIAN_POINT('',(35.726082336288,-16.98875626077,
    -11.00208805831));
#1404 = CARTESIAN_POINT('',(35.501544744745,-17.03536457991,
    -10.99328433669));
#1405 = CARTESIAN_POINT('',(35.290281296434,-17.10894747962,
    -10.98007286787));
#1406 = CARTESIAN_POINT('',(35.09790693444,-17.20373776811,
    -10.96427172082));
#1407 = CARTESIAN_POINT('',(34.8084247586,-17.38744874319,-10.9359346857
    ));
#1408 = CARTESIAN_POINT('',(34.697889899186,-17.47124899429,
    -10.92359884498));
#1409 = CARTESIAN_POINT('',(34.596681460137,-17.56150482126,
    -10.91106916029));
#1410 = CARTESIAN_POINT('',(34.504668785794,-17.65717698697,
    -10.89869455567));
#1411 = CARTESIAN_POINT('',(34.421685279111,-17.75738314213,
    -10.88676801795));
#1412 = CARTESIAN_POINT('',(34.347550532315,-17.86136714741,
    -10.87553083576));
#1413 = CARTESIAN_POINT('',(34.282085886265,-17.96847599734,
    -10.8651784181));
#1414 = CARTESIAN_POINT('',(34.196647186937,-18.13297274382,
    -10.85120967717));
#1415 = CARTESIAN_POINT('',(34.170293998786,-18.18844390457,
    -10.84681341112));
#1416 = CARTESIAN_POINT('',(34.146046615478,-18.24448282763,
    -10.84269652089));
#1417 = CARTESIAN_POINT('',(34.123885343039,-18.30102360142,
    -10.83887588576));
#1418 = CARTESIAN_POINT('',(34.103791752056,-18.35800494847,
    -10.83536604533));
#1419 = CARTESIAN_POINT('',(34.085749012203,-18.41536968011,
    -10.8321793725));
#1420 = CARTESIAN_POINT('',(34.069742202247,-18.4730641797,
    -10.82932622967));
#1421 = CARTESIAN_POINT('',(34.048766817752,-18.5600247472,
    -10.82555954275));
#1422 = CARTESIAN_POINT('',(34.042280827993,-18.58908140605,
    -10.824389485));
#1423 = CARTESIAN_POINT('',(34.036299054607,-18.61820154844,
    -10.82330599284));
#1424 = CARTESIAN_POINT('',(34.030820047119,-18.64737904619,
    -10.82231001014));
#1425 = CARTESIAN_POINT('',(34.025842502738,-18.67660794642,
    -10.82140236794));
#1426 = CARTESIAN_POINT('',(34.021365275689,-18.70588245573,
    -10.8205837883));
#1427 = CARTESIAN_POINT('',(34.017387386572,-18.73519692412,
    -10.81985488801));
#1428 = CARTESIAN_POINT('',(34.012168354453,-18.77922028123,
    -10.8188968287));
#1429 = CARTESIAN_POINT('',(34.010553310672,-18.79390334268,
    -10.81860002411));
#1430 = CARTESIAN_POINT('',(34.00906280004,-18.80859432288,
    -10.8183258324));
#1431 = CARTESIAN_POINT('',(34.007696733101,-18.82329253944,
    -10.81807431151));
#1432 = CARTESIAN_POINT('',(34.006455031686,-18.83799731739,
    -10.81784551315));
#1433 = CARTESIAN_POINT('',(34.00533762921,-18.85270798874,
    -10.81763948283));
#1434 = CARTESIAN_POINT('',(34.004344470971,-18.86742389189,
    -10.81745625998));
#1435 = CARTESIAN_POINT('',(34.003041036198,-18.88950461075,
    -10.8172156871));
#1436 = CARTESIAN_POINT('',(34.002637608372,-18.8968659944,
    -10.81714120637));
#1437 = CARTESIAN_POINT('',(34.002265225661,-18.9042284401,
    -10.81707244004));
#1438 = CARTESIAN_POINT('',(34.001923883515,-18.91159186628,
    -10.81700939194));
#1439 = CARTESIAN_POINT('',(34.001613578152,-18.91895619168,
    -10.81695206548));
#1440 = CARTESIAN_POINT('',(34.001334306571,-18.92632133541,
    -10.81690046374));
#1441 = CARTESIAN_POINT('',(34.001086066561,-18.93368721687,
    -10.8168545894));
#1442 = CARTESIAN_POINT('',(34.000651646864,-18.94842029468,
    -10.81677430023));
#1443 = CARTESIAN_POINT('',(34.000465467177,-18.95578749104,
    -10.81673988539));
#1444 = CARTESIAN_POINT('',(34.000310316241,-18.96315526456,
    -10.81671120263));
#1445 = CARTESIAN_POINT('',(34.000186193446,-18.97052353527,
    -10.81668825392));
#1446 = CARTESIAN_POINT('',(34.00009309899,-18.97789222347,
    -10.81667104087));
#1447 = CARTESIAN_POINT('',(34.000031033892,-18.98526124974,
    -10.81665956473));
#1448 = CARTESIAN_POINT('',(34.,-18.99263053489,-10.81665382639));
#1449 = CARTESIAN_POINT('',(34.,-19.00654184796,-10.81665382639));
#1450 = CARTESIAN_POINT('',(34.000024454957,-19.01308340642,
    -10.81665834789));
#1451 = CARTESIAN_POINT('',(34.000073361038,-19.01962462272,
    -10.81666739023));
#1452 = CARTESIAN_POINT('',(34.000146714984,-19.02616544402,
    -10.81668095251));
#1453 = CARTESIAN_POINT('',(34.00024451411,-19.03270581733,
    -10.81669903364));
#1454 = CARTESIAN_POINT('',(34.000366756296,-19.03924568949,
    -10.81672163229));
#1455 = CARTESIAN_POINT('',(34.000513439979,-19.04578500714,
    -10.81674874691));
#1456 = CARTESIAN_POINT('',(34.000855688314,-19.05886242631,
    -10.81681200457));
#1457 = CARTESIAN_POINT('',(34.001051252967,-19.06540052783,
    -10.81684814761));
#1458 = CARTESIAN_POINT('',(34.001271257093,-19.07193796775,
    -10.8168888031));
#1459 = CARTESIAN_POINT('',(34.001515700233,-19.07847469232,
    -10.81693396905));
#1460 = CARTESIAN_POINT('',(34.001784582472,-19.08501064758,
    -10.81698364325));
#1461 = CARTESIAN_POINT('',(34.002077904434,-19.09154577938,
    -10.81703782327));
#1462 = CARTESIAN_POINT('',(34.002395667274,-19.09808003333,
    -10.81709650646));
#1463 = CARTESIAN_POINT('',(34.003422283479,-19.11767999773,
    -10.81728605691));
#1464 = CARTESIAN_POINT('',(34.004204464526,-19.13074291077,
    -10.81743042505));
#1465 = CARTESIAN_POINT('',(34.005084429273,-19.14380165693,
    -10.81759277132));
#1466 = CARTESIAN_POINT('',(34.006062199594,-19.1568557955,
    -10.8177730691));
#1467 = CARTESIAN_POINT('',(34.007137805577,-19.16990488171,
    -10.81797128813));
#1468 = CARTESIAN_POINT('',(34.008311285327,-19.18294846646,
    -10.81818739447));
#1469 = CARTESIAN_POINT('',(34.009582684776,-19.19598609602,
    -10.81842135044));
#1470 = CARTESIAN_POINT('',(34.013690802914,-19.2350797431,
    -10.81917664297));
#1471 = CARTESIAN_POINT('',(34.016821441393,-19.26111651904,
    -10.81975140412));
#1472 = CARTESIAN_POINT('',(34.020344401444,-19.2871239702,
    -10.82039706652));
#1473 = CARTESIAN_POINT('',(34.024260233732,-19.31309834842,
    -10.82111323821));
#1474 = CARTESIAN_POINT('',(34.028569604964,-19.33903581747,
    -10.82189946517));
#1475 = CARTESIAN_POINT('',(34.033273291981,-19.36493244398,
    -10.8227552294));
#1476 = CARTESIAN_POINT('',(34.038372175956,-19.39078418862,
    -10.82367994675));
#1477 = CARTESIAN_POINT('',(34.054857357993,-19.46819231447,
    -10.82665900024));
#1478 = CARTESIAN_POINT('',(34.067432186168,-19.51960158764,
    -10.82891823784));
#1479 = CARTESIAN_POINT('',(34.081599559127,-19.5707814836,
    -10.83144545628));
#1480 = CARTESIAN_POINT('',(34.09736889201,-19.62169693242,
    -10.8342343385));
#1481 = CARTESIAN_POINT('',(34.114750992836,-19.67231074524,
    -10.83727739601));
#1482 = CARTESIAN_POINT('',(34.133757880801,-19.72258333532,
    -10.8405658806));
#1483 = CARTESIAN_POINT('',(34.15440259787,-19.77247242953,
    -10.84408968823));
#1484 = CARTESIAN_POINT('',(34.221291817246,-19.92085341262,
    -10.85533240427));
#1485 = CARTESIAN_POINT('',(34.272491387724,-20.01805900195,
    -10.86372260583));
#1486 = CARTESIAN_POINT('',(34.330408598053,-20.11318736002,
    -10.87291539569));
#1487 = CARTESIAN_POINT('',(34.395167423683,-20.2058283613,
    -10.8827950307));
#1488 = CARTESIAN_POINT('',(34.466898390998,-20.29551396404,
    -10.89321933229));
#1489 = CARTESIAN_POINT('',(34.545731009149,-20.3817068102,
    -10.90401635081));
#1490 = CARTESIAN_POINT('',(34.63178398378,-20.46378572812,
    -10.91498150293));
#1491 = CARTESIAN_POINT('',(34.885823034294,-20.67394510779,
    -10.94462316969));
#1492 = CARTESIAN_POINT('',(35.074156420995,-20.79750146245,
    -10.96386114787));
#1493 = CARTESIAN_POINT('',(35.287318595211,-20.90103666423,
    -10.98162851703));
#1494 = CARTESIAN_POINT('',(35.520105828422,-20.97665076866,
    -10.99558421817));
#1495 = CARTESIAN_POINT('',(35.765473376278,-21.01914891561,
    -11.0036216985));
#1496 = CARTESIAN_POINT('',(36.015467274408,-21.02603847538,
    -11.00478472454));
#1497 = CARTESIAN_POINT('',(36.261930029888,-20.99761954169,
    -10.99940647557));
#1498 = CARTESIAN_POINT('',(36.739536610152,-20.87499101445,
    -10.97778874233));
#1499 = CARTESIAN_POINT('',(36.961885363583,-20.78102670269,
    -10.96161315454));
#1500 = CARTESIAN_POINT('',(37.161938739579,-20.66172689788,
    -10.9420623369));
#1501 = CARTESIAN_POINT('',(37.338508744889,-20.52250790863,
    -10.92105874305));
#1502 = CARTESIAN_POINT('',(37.491210830179,-20.36804366197,
    -10.90026422854));
#1503 = CARTESIAN_POINT('',(37.620201227885,-20.20242358095,
    -10.88096340536));
#1504 = CARTESIAN_POINT('',(37.726050224369,-20.02922587302,
    -10.86406621237));
#1505 = CARTESIAN_POINT('',(37.857214343862,-19.75048793066,
    -10.84218980558));
#1506 = CARTESIAN_POINT('',(37.89799564907,-19.64707811378,
    -10.83514315879));
#1507 = CARTESIAN_POINT('',(37.931989935949,-19.54174926902,
    -10.82910503899));
#1508 = CARTESIAN_POINT('',(37.959191128358,-19.43490292125,
    -10.82417461327));
#1509 = CARTESIAN_POINT('',(37.979594864963,-19.32692719433,
    -10.82042673371));
#1510 = CARTESIAN_POINT('',(37.993198303465,-19.21820146402,
    -10.81791146058));
#1511 = CARTESIAN_POINT('',(38.000000022717,-19.10910073201,
    -10.81665382401));
#1512 = CARTESIAN_POINT('',(38.000000022717,-19.,-10.81665382401));
#1513 = CYLINDRICAL_SURFACE('',#1514,11.);
#1514 = AXIS2_PLACEMENT_3D('',#1515,#1516,#1517);
#1515 = CARTESIAN_POINT('',(36.,-13.,0.));
#1516 = DIRECTION('',(0.,-1.,2.22044604925E-16));
#1517 = DIRECTION('',(-1.,0.,0.));
#1518 = ADVANCED_FACE('',(#1519,#1645),#1780,.F.);
#1519 = FACE_BOUND('',#1520,.T.);
#1520 = EDGE_LOOP('',(#1521,#1532,#1540,#1577,#1586,#1623,#1631,#1638,
    #1643,#1644));
#1521 = ORIENTED_EDGE('',*,*,#1522,.T.);
#1522 = EDGE_CURVE('',#1523,#1525,#1527,.T.);
#1523 = VERTEX_POINT('',#1524);
#1524 = CARTESIAN_POINT('',(52.7,-27.,3.330669073875E-15));
#1525 = VERTEX_POINT('',#1526);
#1526 = CARTESIAN_POINT('',(72.499999999993,-27.,6.600000000002));
#1527 = CIRCLE('',#1528,11.);
#1528 = AXIS2_PLACEMENT_3D('',#1529,#1530,#1531);
#1529 = CARTESIAN_POINT('',(63.7,-27.,3.330669073875E-15));
#1530 = DIRECTION('',(0.,-1.,2.22044604925E-16));
#1531 = DIRECTION('',(-1.,0.,0.));
#1532 = ORIENTED_EDGE('',*,*,#1533,.T.);
#1533 = EDGE_CURVE('',#1525,#1534,#1536,.T.);
#1534 = VERTEX_POINT('',#1535);
#1535 = CARTESIAN_POINT('',(72.499999999993,-21.9,6.600000000002));
#1536 = LINE('',#1537,#1538);
#1537 = CARTESIAN_POINT('',(72.499999999993,-45.5,6.600000000002));
#1538 = VECTOR('',#1539,1.);
#1539 = DIRECTION('',(0.,1.,-2.22044604925E-16));
#1540 = ORIENTED_EDGE('',*,*,#1541,.T.);
#1541 = EDGE_CURVE('',#1534,#1542,#1544,.T.);
#1542 = VERTEX_POINT('',#1543);
#1543 = CARTESIAN_POINT('',(69.070282084422,-18.9,9.600000000002));
#1544 = B_SPLINE_CURVE_WITH_KNOTS('',6,(#1545,#1546,#1547,#1548,#1549,
    #1550,#1551,#1552,#1553,#1554,#1555,#1556,#1557,#1558,#1559,#1560,
    #1561,#1562,#1563,#1564,#1565,#1566,#1567,#1568,#1569,#1570,#1571,
    #1572,#1573,#1574,#1575,#1576),.UNSPECIFIED.,.F.,.F.,(7,5,5,5,5,5,7)
  ,(0.,0.173164282019,0.323557318228,0.438396248921,0.556953561061,
    0.677756900803,1.),.UNSPECIFIED.);
#1545 = CARTESIAN_POINT('',(72.499999999998,-21.9,6.600000000002));
#1546 = CARTESIAN_POINT('',(72.499999999998,-21.73677545251,
    6.600000000002));
#1547 = CARTESIAN_POINT('',(72.492007412082,-21.57355620553,
    6.61065686568));
#1548 = CARTESIAN_POINT('',(72.476022638131,-21.41125141802,
    6.631969527267));
#1549 = CARTESIAN_POINT('',(72.451981099679,-21.250805612,6.663824172814
    ));
#1550 = CARTESIAN_POINT('',(72.41976644093,-21.09319397615,
    6.705968492485));
#1551 = CARTESIAN_POINT('',(72.34414057086,-20.80583195521,
    6.803095440253));
#1552 = CARTESIAN_POINT('',(72.302757735587,-20.67513898704,
    6.855662477657));
#1553 = CARTESIAN_POINT('',(72.255095277524,-20.54799956589,
    6.915344033828));
#1554 = CARTESIAN_POINT('',(72.201129741764,-20.42507619684,
    6.981712212527));
#1555 = CARTESIAN_POINT('',(72.140896880496,-20.30699657397,
    7.054199035915));
#1556 = CARTESIAN_POINT('',(72.023926937149,-20.10827126917,
    7.191546546296));
#1557 = CARTESIAN_POINT('',(71.969724778725,-20.02536673836,
    7.254164797497));
#1558 = CARTESIAN_POINT('',(71.912043041525,-19.94584968566,
    7.319610346254));
#1559 = CARTESIAN_POINT('',(71.850989524214,-19.86991396135,
    7.387526959024));
#1560 = CARTESIAN_POINT('',(71.786707303793,-19.79769904628,
    7.457535811698));
#1561 = CARTESIAN_POINT('',(71.649872049941,-19.65866727654,
    7.603278667444));
#1562 = CARTESIAN_POINT('',(71.577112698305,-19.59209495788,7.6791311239
    ));
#1563 = CARTESIAN_POINT('',(71.50129871327,-19.52966574597,
    7.756377166208));
#1564 = CARTESIAN_POINT('',(71.422647561945,-19.47138807663,
    7.834605673082));
#1565 = CARTESIAN_POINT('',(71.341388334318,-19.41720563748,
    7.913433753377));
#1566 = CARTESIAN_POINT('',(71.172533195425,-19.31587598827,
    8.073103731268));
#1567 = CARTESIAN_POINT('',(71.084843569315,-19.26887994022,
    8.153958084866));
#1568 = CARTESIAN_POINT('',(70.994921164826,-19.22591467191,
    8.234727180973));
#1569 = CARTESIAN_POINT('',(70.902995111277,-19.18681610325,
    8.31510783991));
#1570 = CARTESIAN_POINT('',(70.809276914107,-19.15138962014,
    8.394849294326));
#1571 = CARTESIAN_POINT('',(70.459668088093,-19.03417844435,
    8.684229809374));
#1572 = CARTESIAN_POINT('',(70.194191146577,-18.97367915371,
    8.888542210696));
#1573 = CARTESIAN_POINT('',(69.920554168326,-18.93376443596,
    9.083353867995));
#1574 = CARTESIAN_POINT('',(69.641193841681,-18.91033451531,
    9.267082148029));
#1575 = CARTESIAN_POINT('',(69.357631006504,-18.9,9.439259220518));
#1576 = CARTESIAN_POINT('',(69.070288632835,-18.9,9.600000000002));
#1577 = ORIENTED_EDGE('',*,*,#1578,.F.);
#1578 = EDGE_CURVE('',#1579,#1542,#1581,.T.);
#1579 = VERTEX_POINT('',#1580);
#1580 = CARTESIAN_POINT('',(58.329717915578,-18.9,9.600000000002));
#1581 = CIRCLE('',#1582,11.00000703336);
#1582 = AXIS2_PLACEMENT_3D('',#1583,#1584,#1585);
#1583 = CARTESIAN_POINT('',(63.7,-18.9,-1.172226657697E-05));
#1584 = DIRECTION('',(0.,1.,-2.22044604925E-16));
#1585 = DIRECTION('',(-1.,0.,0.));
#1586 = ORIENTED_EDGE('',*,*,#1587,.F.);
#1587 = EDGE_CURVE('',#1588,#1579,#1590,.T.);
#1588 = VERTEX_POINT('',#1589);
#1589 = CARTESIAN_POINT('',(54.900000000007,-21.9,6.600000000002));
#1590 = B_SPLINE_CURVE_WITH_KNOTS('',6,(#1591,#1592,#1593,#1594,#1595,
    #1596,#1597,#1598,#1599,#1600,#1601,#1602,#1603,#1604,#1605,#1606,
    #1607,#1608,#1609,#1610,#1611,#1612,#1613,#1614,#1615,#1616,#1617,
    #1618,#1619,#1620,#1621,#1622),.UNSPECIFIED.,.F.,.F.,(7,5,5,5,5,5,7)
  ,(0.,0.173164282019,0.323557318229,0.438396248921,0.556953561062,
    0.677756900803,1.),.UNSPECIFIED.);
#1591 = CARTESIAN_POINT('',(54.900000000002,-21.9,6.600000000002));
#1592 = CARTESIAN_POINT('',(54.900000000002,-21.73677545251,
    6.600000000002));
#1593 = CARTESIAN_POINT('',(54.907992587918,-21.57355620553,
    6.61065686568));
#1594 = CARTESIAN_POINT('',(54.923977361869,-21.41125141802,
    6.631969527267));
#1595 = CARTESIAN_POINT('',(54.948018900321,-21.250805612,6.663824172814
    ));
#1596 = CARTESIAN_POINT('',(54.98023355907,-21.09319397615,
    6.705968492485));
#1597 = CARTESIAN_POINT('',(55.05585942914,-20.80583195521,
    6.803095440253));
#1598 = CARTESIAN_POINT('',(55.097242264413,-20.67513898704,
    6.855662477657));
#1599 = CARTESIAN_POINT('',(55.144904722475,-20.54799956589,
    6.915344033828));
#1600 = CARTESIAN_POINT('',(55.198870258237,-20.42507619684,
    6.981712212527));
#1601 = CARTESIAN_POINT('',(55.259103119504,-20.30699657397,
    7.054199035915));
#1602 = CARTESIAN_POINT('',(55.376073062851,-20.10827126917,
    7.191546546296));
#1603 = CARTESIAN_POINT('',(55.430275221275,-20.02536673836,
    7.254164797497));
#1604 = CARTESIAN_POINT('',(55.487956958475,-19.94584968566,
    7.319610346254));
#1605 = CARTESIAN_POINT('',(55.549010475786,-19.86991396135,
    7.387526959024));
#1606 = CARTESIAN_POINT('',(55.613292696207,-19.79769904628,
    7.457535811698));
#1607 = CARTESIAN_POINT('',(55.750127950059,-19.65866727654,
    7.603278667444));
#1608 = CARTESIAN_POINT('',(55.822887301695,-19.59209495788,7.6791311239
    ));
#1609 = CARTESIAN_POINT('',(55.89870128673,-19.52966574597,
    7.756377166208));
#1610 = CARTESIAN_POINT('',(55.977352438055,-19.47138807663,
    7.834605673082));
#1611 = CARTESIAN_POINT('',(56.058611665682,-19.41720563748,
    7.913433753377));
#1612 = CARTESIAN_POINT('',(56.227466804575,-19.31587598827,
    8.073103731268));
#1613 = CARTESIAN_POINT('',(56.315156430685,-19.26887994022,
    8.153958084866));
#1614 = CARTESIAN_POINT('',(56.405078835174,-19.22591467191,
    8.234727180973));
#1615 = CARTESIAN_POINT('',(56.497004888723,-19.18681610325,
    8.31510783991));
#1616 = CARTESIAN_POINT('',(56.590723085893,-19.15138962014,
    8.394849294326));
#1617 = CARTESIAN_POINT('',(56.940331911906,-19.03417844435,
    8.684229809374));
#1618 = CARTESIAN_POINT('',(57.205808853424,-18.97367915371,
    8.888542210696));
#1619 = CARTESIAN_POINT('',(57.479445831674,-18.93376443596,
    9.083353867995));
#1620 = CARTESIAN_POINT('',(57.75880615832,-18.91033451531,
    9.267082148029));
#1621 = CARTESIAN_POINT('',(58.042368993496,-18.9,9.439259220518));
#1622 = CARTESIAN_POINT('',(58.329711367165,-18.9,9.600000000002));
#1623 = ORIENTED_EDGE('',*,*,#1624,.F.);
#1624 = EDGE_CURVE('',#1625,#1588,#1627,.T.);
#1625 = VERTEX_POINT('',#1626);
#1626 = CARTESIAN_POINT('',(54.900000000007,-27.,6.600000000002));
#1627 = LINE('',#1628,#1629);
#1628 = CARTESIAN_POINT('',(54.900000000007,-45.5,6.600000000002));
#1629 = VECTOR('',#1630,1.);
#1630 = DIRECTION('',(0.,1.,-2.22044604925E-16));
#1631 = ORIENTED_EDGE('',*,*,#1632,.T.);
#1632 = EDGE_CURVE('',#1625,#1523,#1633,.T.);
#1633 = CIRCLE('',#1634,11.);
#1634 = AXIS2_PLACEMENT_3D('',#1635,#1636,#1637);
#1635 = CARTESIAN_POINT('',(63.7,-27.,3.330669073875E-15));
#1636 = DIRECTION('',(0.,-1.,2.22044604925E-16));
#1637 = DIRECTION('',(-1.,0.,0.));
#1638 = ORIENTED_EDGE('',*,*,#1639,.F.);
#1639 = EDGE_CURVE('',#171,#1523,#1640,.T.);
#1640 = B_SPLINE_CURVE_WITH_KNOTS('',1,(#1641,#1642),.UNSPECIFIED.,.F.,
  .F.,(2,2),(-0.5,15.),.PIECEWISE_BEZIER_KNOTS.);
#1641 = CARTESIAN_POINT('',(52.7,-11.5,-2.805245260587E-15));
#1642 = CARTESIAN_POINT('',(52.7,-27.,6.364461157513E-16));
#1643 = ORIENTED_EDGE('',*,*,#170,.F.);
#1644 = ORIENTED_EDGE('',*,*,#1639,.T.);
#1645 = FACE_BOUND('',#1646,.T.);
#1646 = EDGE_LOOP('',(#1647));
#1647 = ORIENTED_EDGE('',*,*,#1648,.F.);
#1648 = EDGE_CURVE('',#1649,#1649,#1651,.T.);
#1649 = VERTEX_POINT('',#1650);
#1650 = CARTESIAN_POINT('',(65.7,-18.,-10.81665382914));
#1651 = B_SPLINE_CURVE_WITH_KNOTS('',8,(#1652,#1653,#1654,#1655,#1656,
    #1657,#1658,#1659,#1660,#1661,#1662,#1663,#1664,#1665,#1666,#1667,
    #1668,#1669,#1670,#1671,#1672,#1673,#1674,#1675,#1676,#1677,#1678,
    #1679,#1680,#1681,#1682,#1683,#1684,#1685,#1686,#1687,#1688,#1689,
    #1690,#1691,#1692,#1693,#1694,#1695,#1696,#1697,#1698,#1699,#1700,
    #1701,#1702,#1703,#1704,#1705,#1706,#1707,#1708,#1709,#1710,#1711,
    #1712,#1713,#1714,#1715,#1716,#1717,#1718,#1719,#1720,#1721,#1722,
    #1723,#1724,#1725,#1726,#1727,#1728,#1729,#1730,#1731,#1732,#1733,
    #1734,#1735,#1736,#1737,#1738,#1739,#1740,#1741,#1742,#1743,#1744,
    #1745,#1746,#1747,#1748,#1749,#1750,#1751,#1752,#1753,#1754,#1755,
    #1756,#1757,#1758,#1759,#1760,#1761,#1762,#1763,#1764,#1765,#1766,
    #1767,#1768,#1769,#1770,#1771,#1772,#1773,#1774,#1775,#1776,#1777,
    #1778,#1779),.UNSPECIFIED.,.T.,.F.,(9,7,7,7,7,7,7,7,7,7,7,7,7,7,7,7,
    7,7,9),(0.500685111048,0.57826917403,0.706177786377,0.827868511528,
    0.913934255764,0.956967127882,0.978483563941,0.98924178197,
    0.994620890985,1.,1.004816118101,1.009632236202,1.019264472404,
    1.038528944807,1.077057889614,1.154115779228,1.286719716074,
    1.423101048065,1.500685111048),.UNSPECIFIED.);
#1652 = CARTESIAN_POINT('',(65.700000022717,-18.,-10.81665382401));
#1653 = CARTESIAN_POINT('',(65.700000022717,-17.89089926798,
    -10.81665382401));
#1654 = CARTESIAN_POINT('',(65.693198303466,-17.78179853597,
    -10.81791146058));
#1655 = CARTESIAN_POINT('',(65.679594864963,-17.67307280566,
    -10.82042673371));
#1656 = CARTESIAN_POINT('',(65.659191128358,-17.56509707874,
    -10.82417461327));
#1657 = CARTESIAN_POINT('',(65.631989935949,-17.45825073097,
    -10.82910503899));
#1658 = CARTESIAN_POINT('',(65.59799564907,-17.35292188621,
    -10.83514315879));
#1659 = CARTESIAN_POINT('',(65.557214343862,-17.24951206933,
    -10.84218980558));
#1660 = CARTESIAN_POINT('',(65.431244133469,-16.98181174565,
    -10.86319993836));
#1661 = CARTESIAN_POINT('',(65.333437935404,-16.81947673411,
    -10.87884690855));
#1662 = CARTESIAN_POINT('',(65.215550968985,-16.66376897178,
    -10.89660533488));
#1663 = CARTESIAN_POINT('',(65.07705784202,-16.51742134407,
    -10.9157611162));
#1664 = CARTESIAN_POINT('',(64.917675378676,-16.38361349267,
    -10.93532473801));
#1665 = CARTESIAN_POINT('',(64.737474492604,-16.26604360544,
    -10.9540116343));
#1666 = CARTESIAN_POINT('',(64.537082060322,-16.16906000028,
    -10.97029751778));
#1667 = CARTESIAN_POINT('',(64.109634271301,-16.03017379452,
    -10.99435162885));
#1668 = CARTESIAN_POINT('',(63.88727875194,-15.98677562954,-11.002330736
    ));
#1669 = CARTESIAN_POINT('',(63.657079787912,-15.9723317667,
    -11.00517410773));
#1670 = CARTESIAN_POINT('',(63.426082336288,-15.98875626077,
    -11.00208805831));
#1671 = CARTESIAN_POINT('',(63.201544744745,-16.03536457991,
    -10.99328433669));
#1672 = CARTESIAN_POINT('',(62.990281296434,-16.10894747962,
    -10.98007286787));
#1673 = CARTESIAN_POINT('',(62.79790693444,-16.20373776811,
    -10.96427172082));
#1674 = CARTESIAN_POINT('',(62.5084247586,-16.38744874319,-10.9359346857
    ));
#1675 = CARTESIAN_POINT('',(62.397889899186,-16.47124899429,
    -10.92359884498));
#1676 = CARTESIAN_POINT('',(62.296681460137,-16.56150482126,
    -10.91106916029));
#1677 = CARTESIAN_POINT('',(62.204668785794,-16.65717698697,
    -10.89869455567));
#1678 = CARTESIAN_POINT('',(62.121685279111,-16.75738314213,
    -10.88676801795));
#1679 = CARTESIAN_POINT('',(62.047550532315,-16.86136714741,
    -10.87553083576));
#1680 = CARTESIAN_POINT('',(61.982085886265,-16.96847599734,
    -10.8651784181));
#1681 = CARTESIAN_POINT('',(61.896647186937,-17.13297274382,
    -10.85120967717));
#1682 = CARTESIAN_POINT('',(61.870293998786,-17.18844390457,
    -10.84681341112));
#1683 = CARTESIAN_POINT('',(61.846046615478,-17.24448282763,
    -10.84269652089));
#1684 = CARTESIAN_POINT('',(61.823885343039,-17.30102360142,
    -10.83887588576));
#1685 = CARTESIAN_POINT('',(61.803791752056,-17.35800494847,
    -10.83536604533));
#1686 = CARTESIAN_POINT('',(61.785749012203,-17.41536968011,
    -10.8321793725));
#1687 = CARTESIAN_POINT('',(61.769742202247,-17.4730641797,
    -10.82932622967));
#1688 = CARTESIAN_POINT('',(61.748766817752,-17.5600247472,
    -10.82555954275));
#1689 = CARTESIAN_POINT('',(61.742280827993,-17.58908140605,
    -10.824389485));
#1690 = CARTESIAN_POINT('',(61.736299054607,-17.61820154844,
    -10.82330599284));
#1691 = CARTESIAN_POINT('',(61.730820047119,-17.64737904619,
    -10.82231001014));
#1692 = CARTESIAN_POINT('',(61.725842502738,-17.67660794642,
    -10.82140236794));
#1693 = CARTESIAN_POINT('',(61.721365275689,-17.70588245573,
    -10.8205837883));
#1694 = CARTESIAN_POINT('',(61.717387386572,-17.73519692412,
    -10.81985488801));
#1695 = CARTESIAN_POINT('',(61.712168354453,-17.77922028123,
    -10.8188968287));
#1696 = CARTESIAN_POINT('',(61.710553310672,-17.79390334268,
    -10.81860002411));
#1697 = CARTESIAN_POINT('',(61.70906280004,-17.80859432288,
    -10.8183258324));
#1698 = CARTESIAN_POINT('',(61.707696733101,-17.82329253944,
    -10.81807431151));
#1699 = CARTESIAN_POINT('',(61.706455031686,-17.83799731739,
    -10.81784551315));
#1700 = CARTESIAN_POINT('',(61.70533762921,-17.85270798874,
    -10.81763948283));
#1701 = CARTESIAN_POINT('',(61.704344470971,-17.86742389189,
    -10.81745625998));
#1702 = CARTESIAN_POINT('',(61.703041036198,-17.88950461075,
    -10.8172156871));
#1703 = CARTESIAN_POINT('',(61.702637608372,-17.8968659944,
    -10.81714120637));
#1704 = CARTESIAN_POINT('',(61.702265225661,-17.9042284401,
    -10.81707244004));
#1705 = CARTESIAN_POINT('',(61.701923883515,-17.91159186628,
    -10.81700939194));
#1706 = CARTESIAN_POINT('',(61.701613578152,-17.91895619168,
    -10.81695206548));
#1707 = CARTESIAN_POINT('',(61.701334306571,-17.92632133541,
    -10.81690046374));
#1708 = CARTESIAN_POINT('',(61.701086066561,-17.93368721687,
    -10.8168545894));
#1709 = CARTESIAN_POINT('',(61.700651646864,-17.94842029468,
    -10.81677430023));
#1710 = CARTESIAN_POINT('',(61.700465467177,-17.95578749104,
    -10.81673988539));
#1711 = CARTESIAN_POINT('',(61.700310316241,-17.96315526456,
    -10.81671120263));
#1712 = CARTESIAN_POINT('',(61.700186193446,-17.97052353527,
    -10.81668825392));
#1713 = CARTESIAN_POINT('',(61.70009309899,-17.97789222347,
    -10.81667104087));
#1714 = CARTESIAN_POINT('',(61.700031033892,-17.98526124974,
    -10.81665956473));
#1715 = CARTESIAN_POINT('',(61.7,-17.99263053489,-10.81665382639));
#1716 = CARTESIAN_POINT('',(61.7,-18.00654184796,-10.81665382639));
#1717 = CARTESIAN_POINT('',(61.700024454957,-18.01308340642,
    -10.81665834789));
#1718 = CARTESIAN_POINT('',(61.700073361038,-18.01962462272,
    -10.81666739023));
#1719 = CARTESIAN_POINT('',(61.700146714984,-18.02616544402,
    -10.81668095251));
#1720 = CARTESIAN_POINT('',(61.70024451411,-18.03270581733,
    -10.81669903364));
#1721 = CARTESIAN_POINT('',(61.700366756296,-18.03924568949,
    -10.81672163229));
#1722 = CARTESIAN_POINT('',(61.700513439979,-18.04578500714,
    -10.81674874691));
#1723 = CARTESIAN_POINT('',(61.700855688314,-18.05886242631,
    -10.81681200457));
#1724 = CARTESIAN_POINT('',(61.701051252967,-18.06540052783,
    -10.81684814761));
#1725 = CARTESIAN_POINT('',(61.701271257093,-18.07193796775,
    -10.8168888031));
#1726 = CARTESIAN_POINT('',(61.701515700233,-18.07847469232,
    -10.81693396905));
#1727 = CARTESIAN_POINT('',(61.701784582472,-18.08501064758,
    -10.81698364325));
#1728 = CARTESIAN_POINT('',(61.702077904434,-18.09154577938,
    -10.81703782327));
#1729 = CARTESIAN_POINT('',(61.702395667274,-18.09808003333,
    -10.81709650646));
#1730 = CARTESIAN_POINT('',(61.703422283479,-18.11767999773,
    -10.81728605691));
#1731 = CARTESIAN_POINT('',(61.704204464526,-18.13074291077,
    -10.81743042505));
#1732 = CARTESIAN_POINT('',(61.705084429273,-18.14380165693,
    -10.81759277132));
#1733 = CARTESIAN_POINT('',(61.706062199594,-18.1568557955,
    -10.8177730691));
#1734 = CARTESIAN_POINT('',(61.707137805577,-18.16990488171,
    -10.81797128813));
#1735 = CARTESIAN_POINT('',(61.708311285327,-18.18294846646,
    -10.81818739447));
#1736 = CARTESIAN_POINT('',(61.709582684776,-18.19598609602,
    -10.81842135044));
#1737 = CARTESIAN_POINT('',(61.713690802914,-18.2350797431,
    -10.81917664297));
#1738 = CARTESIAN_POINT('',(61.716821441393,-18.26111651904,
    -10.81975140412));
#1739 = CARTESIAN_POINT('',(61.720344401444,-18.2871239702,
    -10.82039706652));
#1740 = CARTESIAN_POINT('',(61.724260233732,-18.31309834842,
    -10.82111323821));
#1741 = CARTESIAN_POINT('',(61.728569604964,-18.33903581747,
    -10.82189946517));
#1742 = CARTESIAN_POINT('',(61.733273291981,-18.36493244398,
    -10.8227552294));
#1743 = CARTESIAN_POINT('',(61.738372175956,-18.39078418862,
    -10.82367994675));
#1744 = CARTESIAN_POINT('',(61.754857357993,-18.46819231447,
    -10.82665900024));
#1745 = CARTESIAN_POINT('',(61.767432186168,-18.51960158764,
    -10.82891823784));
#1746 = CARTESIAN_POINT('',(61.781599559127,-18.5707814836,
    -10.83144545628));
#1747 = CARTESIAN_POINT('',(61.79736889201,-18.62169693242,
    -10.8342343385));
#1748 = CARTESIAN_POINT('',(61.814750992836,-18.67231074524,
    -10.83727739601));
#1749 = CARTESIAN_POINT('',(61.833757880801,-18.72258333532,
    -10.8405658806));
#1750 = CARTESIAN_POINT('',(61.85440259787,-18.77247242953,
    -10.84408968823));
#1751 = CARTESIAN_POINT('',(61.921291817246,-18.92085341262,
    -10.85533240427));
#1752 = CARTESIAN_POINT('',(61.972491387724,-19.01805900195,
    -10.86372260583));
#1753 = CARTESIAN_POINT('',(62.030408598053,-19.11318736002,
    -10.87291539569));
#1754 = CARTESIAN_POINT('',(62.095167423683,-19.2058283613,
    -10.8827950307));
#1755 = CARTESIAN_POINT('',(62.166898390998,-19.29551396404,
    -10.89321933229));
#1756 = CARTESIAN_POINT('',(62.245731009149,-19.3817068102,
    -10.90401635081));
#1757 = CARTESIAN_POINT('',(62.33178398378,-19.46378572812,
    -10.91498150293));
#1758 = CARTESIAN_POINT('',(62.585823034294,-19.67394510779,
    -10.94462316969));
#1759 = CARTESIAN_POINT('',(62.774156420995,-19.79750146245,
    -10.96386114787));
#1760 = CARTESIAN_POINT('',(62.987318595211,-19.90103666423,
    -10.98162851703));
#1761 = CARTESIAN_POINT('',(63.220105828422,-19.97665076866,
    -10.99558421817));
#1762 = CARTESIAN_POINT('',(63.465473376278,-20.01914891561,
    -11.0036216985));
#1763 = CARTESIAN_POINT('',(63.715467274408,-20.02603847538,
    -11.00478472454));
#1764 = CARTESIAN_POINT('',(63.961930029888,-19.99761954169,
    -10.99940647557));
#1765 = CARTESIAN_POINT('',(64.439536610152,-19.87499101445,
    -10.97778874233));
#1766 = CARTESIAN_POINT('',(64.661885363583,-19.78102670269,
    -10.96161315454));
#1767 = CARTESIAN_POINT('',(64.861938739579,-19.66172689788,
    -10.9420623369));
#1768 = CARTESIAN_POINT('',(65.038508744889,-19.52250790863,
    -10.92105874305));
#1769 = CARTESIAN_POINT('',(65.191210830179,-19.36804366197,
    -10.90026422854));
#1770 = CARTESIAN_POINT('',(65.320201227885,-19.20242358095,
    -10.88096340536));
#1771 = CARTESIAN_POINT('',(65.426050224369,-19.02922587302,
    -10.86406621237));
#1772 = CARTESIAN_POINT('',(65.557214343862,-18.75048793066,
    -10.84218980558));
#1773 = CARTESIAN_POINT('',(65.59799564907,-18.64707811378,
    -10.83514315879));
#1774 = CARTESIAN_POINT('',(65.631989935949,-18.54174926902,
    -10.82910503899));
#1775 = CARTESIAN_POINT('',(65.659191128358,-18.43490292125,
    -10.82417461327));
#1776 = CARTESIAN_POINT('',(65.679594864963,-18.32692719433,
    -10.82042673371));
#1777 = CARTESIAN_POINT('',(65.693198303465,-18.21820146402,
    -10.81791146058));
#1778 = CARTESIAN_POINT('',(65.700000022717,-18.10910073201,
    -10.81665382401));
#1779 = CARTESIAN_POINT('',(65.700000022717,-18.,-10.81665382401));
#1780 = CYLINDRICAL_SURFACE('',#1781,11.);
#1781 = AXIS2_PLACEMENT_3D('',#1782,#1783,#1784);
#1782 = CARTESIAN_POINT('',(63.7,-12.,0.));
#1783 = DIRECTION('',(0.,-1.,2.22044604925E-16));
#1784 = DIRECTION('',(-1.,0.,0.));
#1785 = ADVANCED_FACE('',(#1786,#1812,#1849,#1886,#1923),#1960,.T.);
#1786 = FACE_BOUND('',#1787,.T.);
#1787 = EDGE_LOOP('',(#1788,#1789,#1790,#1791,#1792,#1793,#1794,#1795,
    #1796,#1802,#1803,#1809,#1810,#1811));
#1788 = ORIENTED_EDGE('',*,*,#498,.F.);
#1789 = ORIENTED_EDGE('',*,*,#346,.F.);
#1790 = ORIENTED_EDGE('',*,*,#291,.T.);
#1791 = ORIENTED_EDGE('',*,*,#218,.F.);
#1792 = ORIENTED_EDGE('',*,*,#196,.T.);
#1793 = ORIENTED_EDGE('',*,*,#243,.F.);
#1794 = ORIENTED_EDGE('',*,*,#322,.T.);
#1795 = ORIENTED_EDGE('',*,*,#482,.F.);
#1796 = ORIENTED_EDGE('',*,*,#1797,.F.);
#1797 = EDGE_CURVE('',#627,#475,#1798,.T.);
#1798 = LINE('',#1799,#1800);
#1799 = CARTESIAN_POINT('',(22.5,-73.5,11.));
#1800 = VECTOR('',#1801,1.);
#1801 = DIRECTION('',(0.,0.,1.));
#1802 = ORIENTED_EDGE('',*,*,#626,.T.);
#1803 = ORIENTED_EDGE('',*,*,#1804,.T.);
#1804 = EDGE_CURVE('',#619,#732,#1805,.T.);
#1805 = LINE('',#1806,#1807);
#1806 = CARTESIAN_POINT('',(-22.5,-73.5,-14.125));
#1807 = VECTOR('',#1808,1.);
#1808 = DIRECTION('',(0.,0.,1.));
#1809 = ORIENTED_EDGE('',*,*,#731,.T.);
#1810 = ORIENTED_EDGE('',*,*,#681,.F.);
#1811 = ORIENTED_EDGE('',*,*,#546,.T.);
#1812 = FACE_BOUND('',#1813,.T.);
#1813 = EDGE_LOOP('',(#1814,#1825,#1834,#1842));
#1814 = ORIENTED_EDGE('',*,*,#1815,.T.);
#1815 = EDGE_CURVE('',#1816,#1818,#1820,.T.);
#1816 = VERTEX_POINT('',#1817);
#1817 = CARTESIAN_POINT('',(-71.96719673498,-73.5,-5.327777777779));
#1818 = VERTEX_POINT('',#1819);
#1819 = CARTESIAN_POINT('',(-54.03280326501,-73.5,-5.327777777777));
#1820 = CIRCLE('',#1821,9.75);
#1821 = AXIS2_PLACEMENT_3D('',#1822,#1823,#1824);
#1822 = CARTESIAN_POINT('',(-63.,-73.5,-1.5));
#1823 = DIRECTION('',(-0.,1.,0.));
#1824 = DIRECTION('',(1.,0.,0.));
#1825 = ORIENTED_EDGE('',*,*,#1826,.T.);
#1826 = EDGE_CURVE('',#1818,#1827,#1829,.T.);
#1827 = VERTEX_POINT('',#1828);
#1828 = CARTESIAN_POINT('',(-56.79194072193,-73.5,-7.15));
#1829 = CIRCLE('',#1830,3.);
#1830 = AXIS2_PLACEMENT_3D('',#1831,#1832,#1833);
#1831 = CARTESIAN_POINT('',(-56.79194072193,-73.5,-4.15));
#1832 = DIRECTION('',(0.,1.,-2.2E-16));
#1833 = DIRECTION('',(0.,-2.2E-16,-1.));
#1834 = ORIENTED_EDGE('',*,*,#1835,.F.);
#1835 = EDGE_CURVE('',#1836,#1827,#1838,.T.);
#1836 = VERTEX_POINT('',#1837);
#1837 = CARTESIAN_POINT('',(-69.20805927806,-73.5,-7.15));
#1838 = LINE('',#1839,#1840);
#1839 = CARTESIAN_POINT('',(-34.60402963903,-73.5,-7.15));
#1840 = VECTOR('',#1841,1.);
#1841 = DIRECTION('',(1.,0.,0.));
#1842 = ORIENTED_EDGE('',*,*,#1843,.T.);
#1843 = EDGE_CURVE('',#1836,#1816,#1844,.T.);
#1844 = CIRCLE('',#1845,3.);
#1845 = AXIS2_PLACEMENT_3D('',#1846,#1847,#1848);
#1846 = CARTESIAN_POINT('',(-69.20805927806,-73.5,-4.15));
#1847 = DIRECTION('',(0.,1.,-2.2E-16));
#1848 = DIRECTION('',(0.,-2.2E-16,-1.));
#1849 = FACE_BOUND('',#1850,.T.);
#1850 = EDGE_LOOP('',(#1851,#1862,#1871,#1879));
#1851 = ORIENTED_EDGE('',*,*,#1852,.T.);
#1852 = EDGE_CURVE('',#1853,#1855,#1857,.T.);
#1853 = VERTEX_POINT('',#1854);
#1854 = CARTESIAN_POINT('',(-43.96719673498,-73.5,-5.327777777779));
#1855 = VERTEX_POINT('',#1856);
#1856 = CARTESIAN_POINT('',(-26.03280326501,-73.5,-5.327777777777));
#1857 = CIRCLE('',#1858,9.75);
#1858 = AXIS2_PLACEMENT_3D('',#1859,#1860,#1861);
#1859 = CARTESIAN_POINT('',(-35.,-73.5,-1.5));
#1860 = DIRECTION('',(-0.,1.,0.));
#1861 = DIRECTION('',(1.,0.,0.));
#1862 = ORIENTED_EDGE('',*,*,#1863,.T.);
#1863 = EDGE_CURVE('',#1855,#1864,#1866,.T.);
#1864 = VERTEX_POINT('',#1865);
#1865 = CARTESIAN_POINT('',(-28.79194072193,-73.5,-7.15));
#1866 = CIRCLE('',#1867,3.);
#1867 = AXIS2_PLACEMENT_3D('',#1868,#1869,#1870);
#1868 = CARTESIAN_POINT('',(-28.79194072193,-73.5,-4.15));
#1869 = DIRECTION('',(0.,1.,-2.2E-16));
#1870 = DIRECTION('',(0.,-2.2E-16,-1.));
#1871 = ORIENTED_EDGE('',*,*,#1872,.F.);
#1872 = EDGE_CURVE('',#1873,#1864,#1875,.T.);
#1873 = VERTEX_POINT('',#1874);
#1874 = CARTESIAN_POINT('',(-41.20805927806,-73.5,-7.15));
#1875 = LINE('',#1876,#1877);
#1876 = CARTESIAN_POINT('',(-20.60402963903,-73.5,-7.15));
#1877 = VECTOR('',#1878,1.);
#1878 = DIRECTION('',(1.,0.,0.));
#1879 = ORIENTED_EDGE('',*,*,#1880,.T.);
#1880 = EDGE_CURVE('',#1873,#1853,#1881,.T.);
#1881 = CIRCLE('',#1882,3.);
#1882 = AXIS2_PLACEMENT_3D('',#1883,#1884,#1885);
#1883 = CARTESIAN_POINT('',(-41.20805927806,-73.5,-4.15));
#1884 = DIRECTION('',(0.,1.,-2.2E-16));
#1885 = DIRECTION('',(0.,-2.2E-16,-1.));
#1886 = FACE_BOUND('',#1887,.T.);
#1887 = EDGE_LOOP('',(#1888,#1898,#1907,#1916));
#1888 = ORIENTED_EDGE('',*,*,#1889,.T.);
#1889 = EDGE_CURVE('',#1890,#1892,#1894,.T.);
#1890 = VERTEX_POINT('',#1891);
#1891 = CARTESIAN_POINT('',(41.208059278067,-73.5,-7.15));
#1892 = VERTEX_POINT('',#1893);
#1893 = CARTESIAN_POINT('',(28.791940721933,-73.5,-7.15));
#1894 = LINE('',#1895,#1896);
#1895 = CARTESIAN_POINT('',(20.604029639033,-73.5,-7.15));
#1896 = VECTOR('',#1897,1.);
#1897 = DIRECTION('',(-1.,0.,0.));
#1898 = ORIENTED_EDGE('',*,*,#1899,.T.);
#1899 = EDGE_CURVE('',#1892,#1900,#1902,.T.);
#1900 = VERTEX_POINT('',#1901);
#1901 = CARTESIAN_POINT('',(26.032803265014,-73.5,-5.327777777778));
#1902 = CIRCLE('',#1903,3.);
#1903 = AXIS2_PLACEMENT_3D('',#1904,#1905,#1906);
#1904 = CARTESIAN_POINT('',(28.791940721933,-73.5,-4.15));
#1905 = DIRECTION('',(0.,1.,-2.2E-16));
#1906 = DIRECTION('',(0.,-2.2E-16,-1.));
#1907 = ORIENTED_EDGE('',*,*,#1908,.T.);
#1908 = EDGE_CURVE('',#1900,#1909,#1911,.T.);
#1909 = VERTEX_POINT('',#1910);
#1910 = CARTESIAN_POINT('',(43.967196734986,-73.5,-5.327777777778));
#1911 = CIRCLE('',#1912,9.75);
#1912 = AXIS2_PLACEMENT_3D('',#1913,#1914,#1915);
#1913 = CARTESIAN_POINT('',(35.,-73.5,-1.5));
#1914 = DIRECTION('',(0.,1.,-0.));
#1915 = DIRECTION('',(-1.,0.,0.));
#1916 = ORIENTED_EDGE('',*,*,#1917,.T.);
#1917 = EDGE_CURVE('',#1909,#1890,#1918,.T.);
#1918 = CIRCLE('',#1919,3.);
#1919 = AXIS2_PLACEMENT_3D('',#1920,#1921,#1922);
#1920 = CARTESIAN_POINT('',(41.208059278067,-73.5,-4.15));
#1921 = DIRECTION('',(0.,1.,-2.2E-16));
#1922 = DIRECTION('',(0.,-2.2E-16,-1.));
#1923 = FACE_BOUND('',#1924,.T.);
#1924 = EDGE_LOOP('',(#1925,#1935,#1944,#1953));
#1925 = ORIENTED_EDGE('',*,*,#1926,.T.);
#1926 = EDGE_CURVE('',#1927,#1929,#1931,.T.);
#1927 = VERTEX_POINT('',#1928);
#1928 = CARTESIAN_POINT('',(69.208059278067,-73.5,-7.15));
#1929 = VERTEX_POINT('',#1930);
#1930 = CARTESIAN_POINT('',(56.791940721933,-73.5,-7.15));
#1931 = LINE('',#1932,#1933);
#1932 = CARTESIAN_POINT('',(34.604029639033,-73.5,-7.15));
#1933 = VECTOR('',#1934,1.);
#1934 = DIRECTION('',(-1.,0.,0.));
#1935 = ORIENTED_EDGE('',*,*,#1936,.T.);
#1936 = EDGE_CURVE('',#1929,#1937,#1939,.T.);
#1937 = VERTEX_POINT('',#1938);
#1938 = CARTESIAN_POINT('',(54.032803265014,-73.5,-5.327777777778));
#1939 = CIRCLE('',#1940,3.);
#1940 = AXIS2_PLACEMENT_3D('',#1941,#1942,#1943);
#1941 = CARTESIAN_POINT('',(56.791940721933,-73.5,-4.15));
#1942 = DIRECTION('',(0.,1.,-2.2E-16));
#1943 = DIRECTION('',(0.,-2.2E-16,-1.));
#1944 = ORIENTED_EDGE('',*,*,#1945,.T.);
#1945 = EDGE_CURVE('',#1937,#1946,#1948,.T.);
#1946 = VERTEX_POINT('',#1947);
#1947 = CARTESIAN_POINT('',(71.967196734986,-73.5,-5.327777777778));
#1948 = CIRCLE('',#1949,9.75);
#1949 = AXIS2_PLACEMENT_3D('',#1950,#1951,#1952);
#1950 = CARTESIAN_POINT('',(63.,-73.5,-1.5));
#1951 = DIRECTION('',(0.,1.,-0.));
#1952 = DIRECTION('',(-1.,0.,0.));
#1953 = ORIENTED_EDGE('',*,*,#1954,.T.);
#1954 = EDGE_CURVE('',#1946,#1927,#1955,.T.);
#1955 = CIRCLE('',#1956,3.);
#1956 = AXIS2_PLACEMENT_3D('',#1957,#1958,#1959);
#1957 = CARTESIAN_POINT('',(69.208059278067,-73.5,-4.15));
#1958 = DIRECTION('',(0.,1.,-2.2E-16));
#1959 = DIRECTION('',(0.,-2.2E-16,-1.));
#1960 = PLANE('',#1961);
#1961 = AXIS2_PLACEMENT_3D('',#1962,#1963,#1964);
#1962 = CARTESIAN_POINT('',(1.059523184731E-15,-73.5,-0.973205964585));
#1963 = DIRECTION('',(-0.,-1.,-0.));
#1964 = DIRECTION('',(0.,0.,-1.));
#1965 = ADVANCED_FACE('',(#1966,#2011),#2021,.T.);
#1966 = FACE_BOUND('',#1967,.T.);
#1967 = EDGE_LOOP('',(#1968,#1978,#1984,#1985,#1986,#1987,#1996,#2004));
#1968 = ORIENTED_EDGE('',*,*,#1969,.T.);
#1969 = EDGE_CURVE('',#1970,#1972,#1974,.T.);
#1970 = VERTEX_POINT('',#1971);
#1971 = CARTESIAN_POINT('',(25.,-28.,-13.5));
#1972 = VERTEX_POINT('',#1973);
#1973 = CARTESIAN_POINT('',(50.,-28.,-13.5));
#1974 = LINE('',#1975,#1976);
#1975 = CARTESIAN_POINT('',(37.7,-28.,-13.5));
#1976 = VECTOR('',#1977,1.);
#1977 = DIRECTION('',(1.,0.,0.));
#1978 = ORIENTED_EDGE('',*,*,#1979,.T.);
#1979 = EDGE_CURVE('',#1972,#371,#1980,.T.);
#1980 = LINE('',#1981,#1982);
#1981 = CARTESIAN_POINT('',(50.,-28.,-14.));
#1982 = VECTOR('',#1983,1.);
#1983 = DIRECTION('',(0.,2.22044604925E-16,1.));
#1984 = ORIENTED_EDGE('',*,*,#370,.T.);
#1985 = ORIENTED_EDGE('',*,*,#531,.T.);
#1986 = ORIENTED_EDGE('',*,*,#658,.T.);
#1987 = ORIENTED_EDGE('',*,*,#1988,.T.);
#1988 = EDGE_CURVE('',#651,#1989,#1991,.T.);
#1989 = VERTEX_POINT('',#1990);
#1990 = CARTESIAN_POINT('',(22.,-28.,-1.5));
#1991 = CIRCLE('',#1992,3.);
#1992 = AXIS2_PLACEMENT_3D('',#1993,#1994,#1995);
#1993 = CARTESIAN_POINT('',(19.,-28.,-1.5));
#1994 = DIRECTION('',(0.,1.,-2.22044604925E-16));
#1995 = DIRECTION('',(0.,-2.22044604925E-16,-1.));
#1996 = ORIENTED_EDGE('',*,*,#1997,.T.);
#1997 = EDGE_CURVE('',#1989,#1998,#2000,.T.);
#1998 = VERTEX_POINT('',#1999);
#1999 = CARTESIAN_POINT('',(22.,-28.,-10.5));
#2000 = LINE('',#2001,#2002);
#2001 = CARTESIAN_POINT('',(22.,-28.,14.));
#2002 = VECTOR('',#2003,1.);
#2003 = DIRECTION('',(0.,-2.22044604925E-16,-1.));
#2004 = ORIENTED_EDGE('',*,*,#2005,.F.);
#2005 = EDGE_CURVE('',#1970,#1998,#2006,.T.);
#2006 = CIRCLE('',#2007,3.);
#2007 = AXIS2_PLACEMENT_3D('',#2008,#2009,#2010);
#2008 = CARTESIAN_POINT('',(25.,-28.,-10.5));
#2009 = DIRECTION('',(0.,1.,-2.22044604925E-16));
#2010 = DIRECTION('',(0.,-2.22044604925E-16,-1.));
#2011 = FACE_BOUND('',#2012,.F.);
#2012 = EDGE_LOOP('',(#2013,#2014,#2015));
#2013 = ORIENTED_EDGE('',*,*,#1365,.T.);
#2014 = ORIENTED_EDGE('',*,*,#1255,.T.);
#2015 = ORIENTED_EDGE('',*,*,#2016,.T.);
#2016 = EDGE_CURVE('',#1258,#1358,#2017,.T.);
#2017 = LINE('',#2018,#2019);
#2018 = CARTESIAN_POINT('',(36.,-28.,6.600000000002));
#2019 = VECTOR('',#2020,1.);
#2020 = DIRECTION('',(-1.,-0.,-0.));
#2021 = PLANE('',#2022);
#2022 = AXIS2_PLACEMENT_3D('',#2023,#2024,#2025);
#2023 = CARTESIAN_POINT('',(36.,-28.,3.552713678801E-15));
#2024 = DIRECTION('',(0.,-1.,2.22044604925E-16));
#2025 = DIRECTION('',(1.,0.,0.));
#2026 = ADVANCED_FACE('',(#2027),#2045,.T.);
#2027 = FACE_BOUND('',#2028,.F.);
#2028 = EDGE_LOOP('',(#2029,#2037,#2038,#2039));
#2029 = ORIENTED_EDGE('',*,*,#2030,.F.);
#2030 = EDGE_CURVE('',#1972,#2031,#2033,.T.);
#2031 = VERTEX_POINT('',#2032);
#2032 = CARTESIAN_POINT('',(50.,-27.,-13.5));
#2033 = LINE('',#2034,#2035);
#2034 = CARTESIAN_POINT('',(50.,-27.75,-13.5));
#2035 = VECTOR('',#2036,1.);
#2036 = DIRECTION('',(0.,1.,0.));
#2037 = ORIENTED_EDGE('',*,*,#1979,.T.);
#2038 = ORIENTED_EDGE('',*,*,#378,.F.);
#2039 = ORIENTED_EDGE('',*,*,#2040,.F.);
#2040 = EDGE_CURVE('',#2031,#379,#2041,.T.);
#2041 = LINE('',#2042,#2043);
#2042 = CARTESIAN_POINT('',(50.,-27.,-7.));
#2043 = VECTOR('',#2044,1.);
#2044 = DIRECTION('',(0.,2.22044604925E-16,1.));
#2045 = PLANE('',#2046);
#2046 = AXIS2_PLACEMENT_3D('',#2047,#2048,#2049);
#2047 = CARTESIAN_POINT('',(50.,-13.,-14.));
#2048 = DIRECTION('',(1.,0.,0.));
#2049 = DIRECTION('',(0.,-2.22044604925E-16,-1.));
#2050 = ADVANCED_FACE('',(#2051,#2078),#2088,.T.);
#2051 = FACE_BOUND('',#2052,.T.);
#2052 = EDGE_LOOP('',(#2053,#2061,#2062,#2063,#2071));
#2053 = ORIENTED_EDGE('',*,*,#2054,.T.);
#2054 = EDGE_CURVE('',#2055,#387,#2057,.T.);
#2055 = VERTEX_POINT('',#2056);
#2056 = CARTESIAN_POINT('',(76.8,-27.,-10.5));
#2057 = LINE('',#2058,#2059);
#2058 = CARTESIAN_POINT('',(76.8,-27.,-13.5));
#2059 = VECTOR('',#2060,1.);
#2060 = DIRECTION('',(0.,0.,1.));
#2061 = ORIENTED_EDGE('',*,*,#386,.T.);
#2062 = ORIENTED_EDGE('',*,*,#2040,.F.);
#2063 = ORIENTED_EDGE('',*,*,#2064,.T.);
#2064 = EDGE_CURVE('',#2031,#2065,#2067,.T.);
#2065 = VERTEX_POINT('',#2066);
#2066 = CARTESIAN_POINT('',(73.8,-27.,-13.5));
#2067 = LINE('',#2068,#2069);
#2068 = CARTESIAN_POINT('',(77.7,-27.,-13.5));
#2069 = VECTOR('',#2070,1.);
#2070 = DIRECTION('',(1.,0.,0.));
#2071 = ORIENTED_EDGE('',*,*,#2072,.F.);
#2072 = EDGE_CURVE('',#2055,#2065,#2073,.T.);
#2073 = CIRCLE('',#2074,3.);
#2074 = AXIS2_PLACEMENT_3D('',#2075,#2076,#2077);
#2075 = CARTESIAN_POINT('',(73.8,-27.,-10.5));
#2076 = DIRECTION('',(-0.,1.,0.));
#2077 = DIRECTION('',(0.,0.,-1.));
#2078 = FACE_BOUND('',#2079,.T.);
#2079 = EDGE_LOOP('',(#2080,#2081,#2087));
#2080 = ORIENTED_EDGE('',*,*,#1632,.F.);
#2081 = ORIENTED_EDGE('',*,*,#2082,.F.);
#2082 = EDGE_CURVE('',#1525,#1625,#2083,.T.);
#2083 = LINE('',#2084,#2085);
#2084 = CARTESIAN_POINT('',(63.7,-27.,6.600000000002));
#2085 = VECTOR('',#2086,1.);
#2086 = DIRECTION('',(-1.,-0.,-0.));
#2087 = ORIENTED_EDGE('',*,*,#1522,.F.);
#2088 = PLANE('',#2089);
#2089 = AXIS2_PLACEMENT_3D('',#2090,#2091,#2092);
#2090 = CARTESIAN_POINT('',(64.4,-27.,0.25));
#2091 = DIRECTION('',(-0.,-1.,-0.));
#2092 = DIRECTION('',(0.,0.,-1.));
#2093 = ADVANCED_FACE('',(#2094),#2112,.F.);
#2094 = FACE_BOUND('',#2095,.F.);
#2095 = EDGE_LOOP('',(#2096,#2104,#2110,#2111));
#2096 = ORIENTED_EDGE('',*,*,#2097,.F.);
#2097 = EDGE_CURVE('',#2098,#395,#2100,.T.);
#2098 = VERTEX_POINT('',#2099);
#2099 = CARTESIAN_POINT('',(76.8,-57.5,-10.5));
#2100 = LINE('',#2101,#2102);
#2101 = CARTESIAN_POINT('',(76.8,-57.5,-13.5));
#2102 = VECTOR('',#2103,1.);
#2103 = DIRECTION('',(0.,0.,1.));
#2104 = ORIENTED_EDGE('',*,*,#2105,.F.);
#2105 = EDGE_CURVE('',#2055,#2098,#2106,.T.);
#2106 = LINE('',#2107,#2108);
#2107 = CARTESIAN_POINT('',(76.8,-27.,-10.5));
#2108 = VECTOR('',#2109,1.);
#2109 = DIRECTION('',(0.,-1.,0.));
#2110 = ORIENTED_EDGE('',*,*,#2054,.T.);
#2111 = ORIENTED_EDGE('',*,*,#394,.T.);
#2112 = PLANE('',#2113);
#2113 = AXIS2_PLACEMENT_3D('',#2114,#2115,#2116);
#2114 = CARTESIAN_POINT('',(76.8,-27.,-13.5));
#2115 = DIRECTION('',(1.,0.,0.));
#2116 = DIRECTION('',(0.,-1.,0.));
#2117 = ADVANCED_FACE('',(#2118),#2288,.T.);
#2118 = FACE_BOUND('',#2119,.T.);
#2119 = EDGE_LOOP('',(#2120,#2121,#2130,#2138,#2147,#2155,#2162,#2163,
    #2169,#2170,#2178,#2187,#2196,#2204,#2213,#2222,#2228,#2229,#2237,
    #2246,#2255,#2263,#2272,#2281,#2287));
#2120 = ORIENTED_EDGE('',*,*,#2097,.F.);
#2121 = ORIENTED_EDGE('',*,*,#2122,.T.);
#2122 = EDGE_CURVE('',#2098,#2123,#2125,.T.);
#2123 = VERTEX_POINT('',#2124);
#2124 = CARTESIAN_POINT('',(73.8,-57.5,-13.5));
#2125 = CIRCLE('',#2126,3.);
#2126 = AXIS2_PLACEMENT_3D('',#2127,#2128,#2129);
#2127 = CARTESIAN_POINT('',(73.8,-57.5,-10.5));
#2128 = DIRECTION('',(-0.,1.,0.));
#2129 = DIRECTION('',(0.,0.,-1.));
#2130 = ORIENTED_EDGE('',*,*,#2131,.T.);
#2131 = EDGE_CURVE('',#2123,#2132,#2134,.T.);
#2132 = VERTEX_POINT('',#2133);
#2133 = CARTESIAN_POINT('',(25.,-57.5,-13.5));
#2134 = LINE('',#2135,#2136);
#2135 = CARTESIAN_POINT('',(22.5,-57.5,-13.5));
#2136 = VECTOR('',#2137,1.);
#2137 = DIRECTION('',(-1.,0.,0.));
#2138 = ORIENTED_EDGE('',*,*,#2139,.T.);
#2139 = EDGE_CURVE('',#2132,#2140,#2142,.T.);
#2140 = VERTEX_POINT('',#2141);
#2141 = CARTESIAN_POINT('',(22.,-57.5,-10.5));
#2142 = CIRCLE('',#2143,3.);
#2143 = AXIS2_PLACEMENT_3D('',#2144,#2145,#2146);
#2144 = CARTESIAN_POINT('',(25.,-57.5,-10.5));
#2145 = DIRECTION('',(0.,1.,-2.22044604925E-16));
#2146 = DIRECTION('',(0.,-2.22044604925E-16,-1.));
#2147 = ORIENTED_EDGE('',*,*,#2148,.T.);
#2148 = EDGE_CURVE('',#2140,#2149,#2151,.T.);
#2149 = VERTEX_POINT('',#2150);
#2150 = CARTESIAN_POINT('',(22.,-57.5,-1.5));
#2151 = LINE('',#2152,#2153);
#2152 = CARTESIAN_POINT('',(22.,-57.5,-12.90931372549));
#2153 = VECTOR('',#2154,1.);
#2154 = DIRECTION('',(0.,0.,1.));
#2155 = ORIENTED_EDGE('',*,*,#2156,.F.);
#2156 = EDGE_CURVE('',#643,#2149,#2157,.T.);
#2157 = CIRCLE('',#2158,3.);
#2158 = AXIS2_PLACEMENT_3D('',#2159,#2160,#2161);
#2159 = CARTESIAN_POINT('',(19.,-57.5,-1.5));
#2160 = DIRECTION('',(0.,1.,-2.22044604925E-16));
#2161 = DIRECTION('',(0.,-2.22044604925E-16,-1.));
#2162 = ORIENTED_EDGE('',*,*,#642,.F.);
#2163 = ORIENTED_EDGE('',*,*,#2164,.T.);
#2164 = EDGE_CURVE('',#635,#467,#2165,.T.);
#2165 = LINE('',#2166,#2167);
#2166 = CARTESIAN_POINT('',(22.5,-57.5,11.));
#2167 = VECTOR('',#2168,1.);
#2168 = DIRECTION('',(0.,0.,1.));
#2169 = ORIENTED_EDGE('',*,*,#466,.T.);
#2170 = ORIENTED_EDGE('',*,*,#2171,.F.);
#2171 = EDGE_CURVE('',#2172,#459,#2174,.T.);
#2172 = VERTEX_POINT('',#2173);
#2173 = CARTESIAN_POINT('',(29.,-57.5,7.116843969807));
#2174 = LINE('',#2175,#2176);
#2175 = CARTESIAN_POINT('',(28.999999999999,-57.49999999999,11.));
#2176 = VECTOR('',#2177,1.);
#2177 = DIRECTION('',(0.,0.,1.));
#2178 = ORIENTED_EDGE('',*,*,#2179,.T.);
#2179 = EDGE_CURVE('',#2172,#2180,#2182,.T.);
#2180 = VERTEX_POINT('',#2181);
#2181 = CARTESIAN_POINT('',(25.640918848519,-57.5,-6.26));
#2182 = CIRCLE('',#2183,10.5);
#2183 = AXIS2_PLACEMENT_3D('',#2184,#2185,#2186);
#2184 = CARTESIAN_POINT('',(35.,-57.5,-1.5));
#2185 = DIRECTION('',(0.,-1.,0.));
#2186 = DIRECTION('',(1.,0.,0.));
#2187 = ORIENTED_EDGE('',*,*,#2188,.T.);
#2188 = EDGE_CURVE('',#2180,#2189,#2191,.T.);
#2189 = VERTEX_POINT('',#2190);
#2190 = CARTESIAN_POINT('',(28.314942034657,-57.5,-7.9));
#2191 = CIRCLE('',#2192,3.);
#2192 = AXIS2_PLACEMENT_3D('',#2193,#2194,#2195);
#2193 = CARTESIAN_POINT('',(28.314942034657,-57.5,-4.9));
#2194 = DIRECTION('',(0.,-1.,2.2E-16));
#2195 = DIRECTION('',(0.,2.2E-16,1.));
#2196 = ORIENTED_EDGE('',*,*,#2197,.T.);
#2197 = EDGE_CURVE('',#2189,#2198,#2200,.T.);
#2198 = VERTEX_POINT('',#2199);
#2199 = CARTESIAN_POINT('',(41.685057965343,-57.5,-7.9));
#2200 = LINE('',#2201,#2202);
#2201 = CARTESIAN_POINT('',(26.675938491337,-57.5,-7.9));
#2202 = VECTOR('',#2203,1.);
#2203 = DIRECTION('',(1.,0.,0.));
#2204 = ORIENTED_EDGE('',*,*,#2205,.F.);
#2205 = EDGE_CURVE('',#2206,#2198,#2208,.T.);
#2206 = VERTEX_POINT('',#2207);
#2207 = CARTESIAN_POINT('',(44.359081151481,-57.5,-6.26));
#2208 = CIRCLE('',#2209,3.);
#2209 = AXIS2_PLACEMENT_3D('',#2210,#2211,#2212);
#2210 = CARTESIAN_POINT('',(41.685057965343,-57.5,-4.9));
#2211 = DIRECTION('',(0.,1.,-2.2E-16));
#2212 = DIRECTION('',(0.,2.2E-16,1.));
#2213 = ORIENTED_EDGE('',*,*,#2214,.T.);
#2214 = EDGE_CURVE('',#2206,#2215,#2217,.T.);
#2215 = VERTEX_POINT('',#2216);
#2216 = CARTESIAN_POINT('',(41.,-57.5,7.116843969807));
#2217 = CIRCLE('',#2218,10.5);
#2218 = AXIS2_PLACEMENT_3D('',#2219,#2220,#2221);
#2219 = CARTESIAN_POINT('',(35.,-57.5,-1.5));
#2220 = DIRECTION('',(0.,-1.,0.));
#2221 = DIRECTION('',(1.,0.,0.));
#2222 = ORIENTED_EDGE('',*,*,#2223,.F.);
#2223 = EDGE_CURVE('',#435,#2215,#2224,.T.);
#2224 = LINE('',#2225,#2226);
#2225 = CARTESIAN_POINT('',(41.,-57.5,11.));
#2226 = VECTOR('',#2227,1.);
#2227 = DIRECTION('',(0.,0.,-1.));
#2228 = ORIENTED_EDGE('',*,*,#434,.T.);
#2229 = ORIENTED_EDGE('',*,*,#2230,.F.);
#2230 = EDGE_CURVE('',#2231,#427,#2233,.T.);
#2231 = VERTEX_POINT('',#2232);
#2232 = CARTESIAN_POINT('',(57.,-57.5,7.116843969807));
#2233 = LINE('',#2234,#2235);
#2234 = CARTESIAN_POINT('',(56.999999999999,-57.49999999999,11.));
#2235 = VECTOR('',#2236,1.);
#2236 = DIRECTION('',(0.,0.,1.));
#2237 = ORIENTED_EDGE('',*,*,#2238,.T.);
#2238 = EDGE_CURVE('',#2231,#2239,#2241,.T.);
#2239 = VERTEX_POINT('',#2240);
#2240 = CARTESIAN_POINT('',(53.640918848519,-57.5,-6.26));
#2241 = CIRCLE('',#2242,10.5);
#2242 = AXIS2_PLACEMENT_3D('',#2243,#2244,#2245);
#2243 = CARTESIAN_POINT('',(63.,-57.5,-1.5));
#2244 = DIRECTION('',(0.,-1.,0.));
#2245 = DIRECTION('',(1.,0.,0.));
#2246 = ORIENTED_EDGE('',*,*,#2247,.T.);
#2247 = EDGE_CURVE('',#2239,#2248,#2250,.T.);
#2248 = VERTEX_POINT('',#2249);
#2249 = CARTESIAN_POINT('',(56.314942034657,-57.5,-7.9));
#2250 = CIRCLE('',#2251,3.);
#2251 = AXIS2_PLACEMENT_3D('',#2252,#2253,#2254);
#2252 = CARTESIAN_POINT('',(56.314942034657,-57.5,-4.9));
#2253 = DIRECTION('',(0.,-1.,2.2E-16));
#2254 = DIRECTION('',(0.,2.2E-16,1.));
#2255 = ORIENTED_EDGE('',*,*,#2256,.T.);
#2256 = EDGE_CURVE('',#2248,#2257,#2259,.T.);
#2257 = VERTEX_POINT('',#2258);
#2258 = CARTESIAN_POINT('',(69.685057965343,-57.5,-7.9));
#2259 = LINE('',#2260,#2261);
#2260 = CARTESIAN_POINT('',(54.675938491337,-57.5,-7.9));
#2261 = VECTOR('',#2262,1.);
#2262 = DIRECTION('',(1.,0.,0.));
#2263 = ORIENTED_EDGE('',*,*,#2264,.F.);
#2264 = EDGE_CURVE('',#2265,#2257,#2267,.T.);
#2265 = VERTEX_POINT('',#2266);
#2266 = CARTESIAN_POINT('',(72.359081151481,-57.5,-6.26));
#2267 = CIRCLE('',#2268,3.);
#2268 = AXIS2_PLACEMENT_3D('',#2269,#2270,#2271);
#2269 = CARTESIAN_POINT('',(69.685057965343,-57.5,-4.9));
#2270 = DIRECTION('',(0.,1.,-2.2E-16));
#2271 = DIRECTION('',(0.,2.2E-16,1.));
#2272 = ORIENTED_EDGE('',*,*,#2273,.T.);
#2273 = EDGE_CURVE('',#2265,#2274,#2276,.T.);
#2274 = VERTEX_POINT('',#2275);
#2275 = CARTESIAN_POINT('',(69.,-57.5,7.116843969807));
#2276 = CIRCLE('',#2277,10.5);
#2277 = AXIS2_PLACEMENT_3D('',#2278,#2279,#2280);
#2278 = CARTESIAN_POINT('',(63.,-57.5,-1.5));
#2279 = DIRECTION('',(0.,-1.,0.));
#2280 = DIRECTION('',(1.,0.,0.));
#2281 = ORIENTED_EDGE('',*,*,#2282,.F.);
#2282 = EDGE_CURVE('',#403,#2274,#2283,.T.);
#2283 = LINE('',#2284,#2285);
#2284 = CARTESIAN_POINT('',(69.,-57.5,11.));
#2285 = VECTOR('',#2286,1.);
#2286 = DIRECTION('',(0.,0.,-1.));
#2287 = ORIENTED_EDGE('',*,*,#402,.T.);
#2288 = PLANE('',#2289);
#2289 = AXIS2_PLACEMENT_3D('',#2290,#2291,#2292);
#2290 = CARTESIAN_POINT('',(49.269374391902,-57.5,-1.008452794442));
#2291 = DIRECTION('',(4.236408031949E-16,1.,-3.121623725183E-15));
#2292 = DIRECTION('',(0.,3.121623725183E-15,1.));
#2293 = ADVANCED_FACE('',(#2294),#2330,.T.);
#2294 = FACE_BOUND('',#2295,.T.);
#2295 = EDGE_LOOP('',(#2296,#2297,#2306,#2314,#2323,#2329));
#2296 = ORIENTED_EDGE('',*,*,#2282,.T.);
#2297 = ORIENTED_EDGE('',*,*,#2298,.F.);
#2298 = EDGE_CURVE('',#2299,#2274,#2301,.T.);
#2299 = VERTEX_POINT('',#2300);
#2300 = CARTESIAN_POINT('',(69.699461487233,-59.,6.584999429876));
#2301 = ELLIPSE('',#2302,24.8451166231,10.5);
#2302 = AXIS2_PLACEMENT_3D('',#2303,#2304,#2305);
#2303 = CARTESIAN_POINT('',(63.,-44.63295847694,-1.5));
#2304 = DIRECTION('',(-0.906307787037,-0.422618261741,
    -7.181143447007E-33));
#2305 = DIRECTION('',(0.422618261741,-0.906307787037,2.427431421717E-16)
  );
#2306 = ORIENTED_EDGE('',*,*,#2307,.T.);
#2307 = EDGE_CURVE('',#2299,#2308,#2310,.T.);
#2308 = VERTEX_POINT('',#2309);
#2309 = CARTESIAN_POINT('',(69.699461487233,-59.,5.583764238107));
#2310 = LINE('',#2311,#2312);
#2311 = CARTESIAN_POINT('',(69.699461487233,-59.,4.938215049431));
#2312 = VECTOR('',#2313,1.);
#2313 = DIRECTION('',(-0.,-0.,-1.));
#2314 = ORIENTED_EDGE('',*,*,#2315,.F.);
#2315 = EDGE_CURVE('',#2316,#2308,#2318,.T.);
#2316 = VERTEX_POINT('',#2317);
#2317 = CARTESIAN_POINT('',(72.,-63.93352076152,2.25));
#2318 = ELLIPSE('',#2319,23.070465435736,9.75);
#2319 = AXIS2_PLACEMENT_3D('',#2320,#2321,#2322);
#2320 = CARTESIAN_POINT('',(63.,-44.63295847694,-1.5));
#2321 = DIRECTION('',(-0.906307787037,-0.422618261741,
    -7.181143447007E-33));
#2322 = DIRECTION('',(-0.422618261741,0.906307787037,-2.427431421717E-16
    ));
#2323 = ORIENTED_EDGE('',*,*,#2324,.T.);
#2324 = EDGE_CURVE('',#2316,#411,#2325,.T.);
#2325 = LINE('',#2326,#2327);
#2326 = CARTESIAN_POINT('',(71.999999999999,-63.93352076152,11.));
#2327 = VECTOR('',#2328,1.);
#2328 = DIRECTION('',(0.,0.,1.));
#2329 = ORIENTED_EDGE('',*,*,#410,.F.);
#2330 = PLANE('',#2331);
#2331 = AXIS2_PLACEMENT_3D('',#2332,#2333,#2334);
#2332 = CARTESIAN_POINT('',(70.701174991474,-61.14818154221,
    8.93351860702));
#2333 = DIRECTION('',(-0.906307787037,-0.422618261741,
    -9.236674865322E-14));
#2334 = DIRECTION('',(0.422618261741,-0.906307787037,-1.42544244981E-30)
  );
#2335 = ADVANCED_FACE('',(#2336),#2355,.T.);
#2336 = FACE_BOUND('',#2337,.T.);
#2337 = EDGE_LOOP('',(#2338,#2347,#2353,#2354));
#2338 = ORIENTED_EDGE('',*,*,#2339,.T.);
#2339 = EDGE_CURVE('',#2316,#2340,#2342,.T.);
#2340 = VERTEX_POINT('',#2341);
#2341 = CARTESIAN_POINT('',(54.,-63.93352076152,2.25));
#2342 = CIRCLE('',#2343,9.75);
#2343 = AXIS2_PLACEMENT_3D('',#2344,#2345,#2346);
#2344 = CARTESIAN_POINT('',(63.,-63.93352076152,-1.5));
#2345 = DIRECTION('',(0.,-1.,2.2E-16));
#2346 = DIRECTION('',(-1.,0.,0.));
#2347 = ORIENTED_EDGE('',*,*,#2348,.F.);
#2348 = EDGE_CURVE('',#419,#2340,#2349,.T.);
#2349 = LINE('',#2350,#2351);
#2350 = CARTESIAN_POINT('',(54.,-63.93352076152,11.));
#2351 = VECTOR('',#2352,1.);
#2352 = DIRECTION('',(0.,0.,-1.));
#2353 = ORIENTED_EDGE('',*,*,#418,.F.);
#2354 = ORIENTED_EDGE('',*,*,#2324,.F.);
#2355 = PLANE('',#2356);
#2356 = AXIS2_PLACEMENT_3D('',#2357,#2358,#2359);
#2357 = CARTESIAN_POINT('',(63.,-63.93352076152,8.952351083569));
#2358 = DIRECTION('',(3.817010835885E-15,1.,4.730403966822E-15));
#2359 = DIRECTION('',(0.,-4.730403966822E-15,1.));
#2360 = ADVANCED_FACE('',(#2361),#2390,.T.);
#2361 = FACE_BOUND('',#2362,.T.);
#2362 = EDGE_LOOP('',(#2363,#2364,#2373,#2381,#2388,#2389));
#2363 = ORIENTED_EDGE('',*,*,#2348,.T.);
#2364 = ORIENTED_EDGE('',*,*,#2365,.F.);
#2365 = EDGE_CURVE('',#2366,#2340,#2368,.T.);
#2366 = VERTEX_POINT('',#2367);
#2367 = CARTESIAN_POINT('',(56.300538512767,-59.,5.583764238107));
#2368 = ELLIPSE('',#2369,23.070465435736,9.75);
#2369 = AXIS2_PLACEMENT_3D('',#2370,#2371,#2372);
#2370 = CARTESIAN_POINT('',(63.,-44.63295847694,-1.5));
#2371 = DIRECTION('',(0.906307787037,-0.422618261741,4.492850643323E-34)
  );
#2372 = DIRECTION('',(0.422618261741,0.906307787037,-2.427431421717E-16)
  );
#2373 = ORIENTED_EDGE('',*,*,#2374,.T.);
#2374 = EDGE_CURVE('',#2366,#2375,#2377,.T.);
#2375 = VERTEX_POINT('',#2376);
#2376 = CARTESIAN_POINT('',(56.300538512767,-59.,6.584999429876));
#2377 = LINE('',#2378,#2379);
#2378 = CARTESIAN_POINT('',(56.300538512767,-59.,4.938215049431));
#2379 = VECTOR('',#2380,1.);
#2380 = DIRECTION('',(0.,0.,1.));
#2381 = ORIENTED_EDGE('',*,*,#2382,.F.);
#2382 = EDGE_CURVE('',#2231,#2375,#2383,.T.);
#2383 = ELLIPSE('',#2384,24.8451166231,10.5);
#2384 = AXIS2_PLACEMENT_3D('',#2385,#2386,#2387);
#2385 = CARTESIAN_POINT('',(63.,-44.63295847694,-1.5));
#2386 = DIRECTION('',(0.906307787037,-0.422618261741,4.492850643323E-34)
  );
#2387 = DIRECTION('',(-0.422618261741,-0.906307787037,2.427431421717E-16
    ));
#2388 = ORIENTED_EDGE('',*,*,#2230,.T.);
#2389 = ORIENTED_EDGE('',*,*,#426,.F.);
#2390 = PLANE('',#2391);
#2391 = AXIS2_PLACEMENT_3D('',#2392,#2393,#2394);
#2392 = CARTESIAN_POINT('',(55.298825008525,-61.14818154221,
    8.93351860702));
#2393 = DIRECTION('',(0.906307787037,-0.422618261741,7.834284892149E-14)
  );
#2394 = DIRECTION('',(0.422618261741,0.906307787037,2.219153996379E-30)
  );
#2395 = ADVANCED_FACE('',(#2396),#2432,.T.);
#2396 = FACE_BOUND('',#2397,.T.);
#2397 = EDGE_LOOP('',(#2398,#2399,#2408,#2416,#2425,#2431));
#2398 = ORIENTED_EDGE('',*,*,#2223,.T.);
#2399 = ORIENTED_EDGE('',*,*,#2400,.F.);
#2400 = EDGE_CURVE('',#2401,#2215,#2403,.T.);
#2401 = VERTEX_POINT('',#2402);
#2402 = CARTESIAN_POINT('',(41.699461487233,-59.,6.584999429876));
#2403 = ELLIPSE('',#2404,24.8451166231,10.5);
#2404 = AXIS2_PLACEMENT_3D('',#2405,#2406,#2407);
#2405 = CARTESIAN_POINT('',(35.,-44.63295847694,-1.5));
#2406 = DIRECTION('',(-0.906307787037,-0.422618261741,
    -7.181143447007E-33));
#2407 = DIRECTION('',(0.422618261741,-0.906307787037,2.427431421717E-16)
  );
#2408 = ORIENTED_EDGE('',*,*,#2409,.T.);
#2409 = EDGE_CURVE('',#2401,#2410,#2412,.T.);
#2410 = VERTEX_POINT('',#2411);
#2411 = CARTESIAN_POINT('',(41.699461487233,-59.,5.583764238107));
#2412 = LINE('',#2413,#2414);
#2413 = CARTESIAN_POINT('',(41.699461487233,-59.,4.938215049431));
#2414 = VECTOR('',#2415,1.);
#2415 = DIRECTION('',(-0.,-0.,-1.));
#2416 = ORIENTED_EDGE('',*,*,#2417,.F.);
#2417 = EDGE_CURVE('',#2418,#2410,#2420,.T.);
#2418 = VERTEX_POINT('',#2419);
#2419 = CARTESIAN_POINT('',(44.,-63.93352076152,2.25));
#2420 = ELLIPSE('',#2421,23.070465435736,9.75);
#2421 = AXIS2_PLACEMENT_3D('',#2422,#2423,#2424);
#2422 = CARTESIAN_POINT('',(35.,-44.63295847694,-1.5));
#2423 = DIRECTION('',(-0.906307787037,-0.422618261741,
    -7.181143447007E-33));
#2424 = DIRECTION('',(-0.422618261741,0.906307787037,-2.427431421717E-16
    ));
#2425 = ORIENTED_EDGE('',*,*,#2426,.T.);
#2426 = EDGE_CURVE('',#2418,#443,#2427,.T.);
#2427 = LINE('',#2428,#2429);
#2428 = CARTESIAN_POINT('',(43.999999999999,-63.93352076152,11.));
#2429 = VECTOR('',#2430,1.);
#2430 = DIRECTION('',(0.,0.,1.));
#2431 = ORIENTED_EDGE('',*,*,#442,.F.);
#2432 = PLANE('',#2433);
#2433 = AXIS2_PLACEMENT_3D('',#2434,#2435,#2436);
#2434 = CARTESIAN_POINT('',(42.701174991474,-61.14818154221,
    8.93351860702));
#2435 = DIRECTION('',(-0.906307787037,-0.422618261741,
    -9.328862693199E-14));
#2436 = DIRECTION('',(0.422618261741,-0.906307787037,-3.484852381964E-30
    ));
#2437 = ADVANCED_FACE('',(#2438),#2457,.T.);
#2438 = FACE_BOUND('',#2439,.T.);
#2439 = EDGE_LOOP('',(#2440,#2449,#2455,#2456));
#2440 = ORIENTED_EDGE('',*,*,#2441,.T.);
#2441 = EDGE_CURVE('',#2418,#2442,#2444,.T.);
#2442 = VERTEX_POINT('',#2443);
#2443 = CARTESIAN_POINT('',(26.,-63.93352076152,2.25));
#2444 = CIRCLE('',#2445,9.75);
#2445 = AXIS2_PLACEMENT_3D('',#2446,#2447,#2448);
#2446 = CARTESIAN_POINT('',(35.,-63.93352076152,-1.5));
#2447 = DIRECTION('',(0.,-1.,2.2E-16));
#2448 = DIRECTION('',(-1.,0.,0.));
#2449 = ORIENTED_EDGE('',*,*,#2450,.F.);
#2450 = EDGE_CURVE('',#451,#2442,#2451,.T.);
#2451 = LINE('',#2452,#2453);
#2452 = CARTESIAN_POINT('',(26.,-63.93352076152,11.));
#2453 = VECTOR('',#2454,1.);
#2454 = DIRECTION('',(0.,0.,-1.));
#2455 = ORIENTED_EDGE('',*,*,#450,.F.);
#2456 = ORIENTED_EDGE('',*,*,#2426,.F.);
#2457 = PLANE('',#2458);
#2458 = AXIS2_PLACEMENT_3D('',#2459,#2460,#2461);
#2459 = CARTESIAN_POINT('',(35.,-63.93352076152,8.952351083569));
#2460 = DIRECTION('',(3.817010835885E-15,1.,4.730403966822E-15));
#2461 = DIRECTION('',(0.,-4.730403966822E-15,1.));
#2462 = ADVANCED_FACE('',(#2463),#2492,.T.);
#2463 = FACE_BOUND('',#2464,.T.);
#2464 = EDGE_LOOP('',(#2465,#2466,#2475,#2483,#2490,#2491));
#2465 = ORIENTED_EDGE('',*,*,#2450,.T.);
#2466 = ORIENTED_EDGE('',*,*,#2467,.F.);
#2467 = EDGE_CURVE('',#2468,#2442,#2470,.T.);
#2468 = VERTEX_POINT('',#2469);
#2469 = CARTESIAN_POINT('',(28.300538512767,-59.,5.583764238107));
#2470 = ELLIPSE('',#2471,23.070465435736,9.75);
#2471 = AXIS2_PLACEMENT_3D('',#2472,#2473,#2474);
#2472 = CARTESIAN_POINT('',(35.,-44.63295847694,-1.5));
#2473 = DIRECTION('',(0.906307787037,-0.422618261741,4.492850643323E-34)
  );
#2474 = DIRECTION('',(0.422618261741,0.906307787037,-2.427431421717E-16)
  );
#2475 = ORIENTED_EDGE('',*,*,#2476,.T.);
#2476 = EDGE_CURVE('',#2468,#2477,#2479,.T.);
#2477 = VERTEX_POINT('',#2478);
#2478 = CARTESIAN_POINT('',(28.300538512767,-59.,6.584999429876));
#2479 = LINE('',#2480,#2481);
#2480 = CARTESIAN_POINT('',(28.300538512767,-59.,4.938215049431));
#2481 = VECTOR('',#2482,1.);
#2482 = DIRECTION('',(0.,0.,1.));
#2483 = ORIENTED_EDGE('',*,*,#2484,.F.);
#2484 = EDGE_CURVE('',#2172,#2477,#2485,.T.);
#2485 = ELLIPSE('',#2486,24.8451166231,10.5);
#2486 = AXIS2_PLACEMENT_3D('',#2487,#2488,#2489);
#2487 = CARTESIAN_POINT('',(35.,-44.63295847694,-1.5));
#2488 = DIRECTION('',(0.906307787037,-0.422618261741,4.492850643323E-34)
  );
#2489 = DIRECTION('',(-0.422618261741,-0.906307787037,2.427431421717E-16
    ));
#2490 = ORIENTED_EDGE('',*,*,#2171,.T.);
#2491 = ORIENTED_EDGE('',*,*,#458,.F.);
#2492 = PLANE('',#2493);
#2493 = AXIS2_PLACEMENT_3D('',#2494,#2495,#2496);
#2494 = CARTESIAN_POINT('',(27.298825008525,-61.14818154221,
    8.93351860702));
#2495 = DIRECTION('',(0.906307787037,-0.422618261741,7.767794310218E-14)
  );
#2496 = DIRECTION('',(0.422618261741,0.906307787037,-1.533122923285E-30)
  );
#2497 = ADVANCED_FACE('',(#2498),#2504,.T.);
#2498 = FACE_BOUND('',#2499,.T.);
#2499 = EDGE_LOOP('',(#2500,#2501,#2502,#2503));
#2500 = ORIENTED_EDGE('',*,*,#2164,.F.);
#2501 = ORIENTED_EDGE('',*,*,#634,.F.);
#2502 = ORIENTED_EDGE('',*,*,#1797,.T.);
#2503 = ORIENTED_EDGE('',*,*,#474,.F.);
#2504 = PLANE('',#2505);
#2505 = AXIS2_PLACEMENT_3D('',#2506,#2507,#2508);
#2506 = CARTESIAN_POINT('',(22.5,-65.5,0.25));
#2507 = DIRECTION('',(-1.,-0.,-0.));
#2508 = DIRECTION('',(0.,0.,-1.));
#2509 = ADVANCED_FACE('',(#2510,#2555),#2566,.T.);
#2510 = FACE_BOUND('',#2511,.T.);
#2511 = EDGE_LOOP('',(#2512,#2522,#2531,#2539,#2546,#2547,#2548,#2549));
#2512 = ORIENTED_EDGE('',*,*,#2513,.F.);
#2513 = EDGE_CURVE('',#2514,#2516,#2518,.T.);
#2514 = VERTEX_POINT('',#2515);
#2515 = CARTESIAN_POINT('',(-25.,-28.,-13.5));
#2516 = VERTEX_POINT('',#2517);
#2517 = CARTESIAN_POINT('',(-50.,-28.,-13.5));
#2518 = LINE('',#2519,#2520);
#2519 = CARTESIAN_POINT('',(-37.7,-28.,-13.5));
#2520 = VECTOR('',#2521,1.);
#2521 = DIRECTION('',(-1.,0.,0.));
#2522 = ORIENTED_EDGE('',*,*,#2523,.T.);
#2523 = EDGE_CURVE('',#2514,#2524,#2526,.T.);
#2524 = VERTEX_POINT('',#2525);
#2525 = CARTESIAN_POINT('',(-22.,-28.,-10.5));
#2526 = CIRCLE('',#2527,3.);
#2527 = AXIS2_PLACEMENT_3D('',#2528,#2529,#2530);
#2528 = CARTESIAN_POINT('',(-25.,-28.,-10.5));
#2529 = DIRECTION('',(0.,-1.,2.22044604925E-16));
#2530 = DIRECTION('',(0.,-2.22044604925E-16,-1.));
#2531 = ORIENTED_EDGE('',*,*,#2532,.F.);
#2532 = EDGE_CURVE('',#2533,#2524,#2535,.T.);
#2533 = VERTEX_POINT('',#2534);
#2534 = CARTESIAN_POINT('',(-22.,-28.,-1.5));
#2535 = LINE('',#2536,#2537);
#2536 = CARTESIAN_POINT('',(-22.,-28.,14.));
#2537 = VECTOR('',#2538,1.);
#2538 = DIRECTION('',(0.,-2.22044604925E-16,-1.));
#2539 = ORIENTED_EDGE('',*,*,#2540,.F.);
#2540 = EDGE_CURVE('',#595,#2533,#2541,.T.);
#2541 = CIRCLE('',#2542,3.);
#2542 = AXIS2_PLACEMENT_3D('',#2543,#2544,#2545);
#2543 = CARTESIAN_POINT('',(-19.,-28.,-1.5));
#2544 = DIRECTION('',(0.,-1.,2.22044604925E-16));
#2545 = DIRECTION('',(0.,-2.22044604925E-16,-1.));
#2546 = ORIENTED_EDGE('',*,*,#592,.F.);
#2547 = ORIENTED_EDGE('',*,*,#712,.F.);
#2548 = ORIENTED_EDGE('',*,*,#843,.F.);
#2549 = ORIENTED_EDGE('',*,*,#2550,.F.);
#2550 = EDGE_CURVE('',#2516,#836,#2551,.T.);
#2551 = LINE('',#2552,#2553);
#2552 = CARTESIAN_POINT('',(-50.,-28.,-14.));
#2553 = VECTOR('',#2554,1.);
#2554 = DIRECTION('',(0.,2.22044604925E-16,1.));
#2555 = FACE_BOUND('',#2556,.T.);
#2556 = EDGE_LOOP('',(#2557,#2558,#2559,#2560));
#2557 = ORIENTED_EDGE('',*,*,#1128,.T.);
#2558 = ORIENTED_EDGE('',*,*,#1119,.T.);
#2559 = ORIENTED_EDGE('',*,*,#1103,.T.);
#2560 = ORIENTED_EDGE('',*,*,#2561,.T.);
#2561 = EDGE_CURVE('',#1096,#1129,#2562,.T.);
#2562 = LINE('',#2563,#2564);
#2563 = CARTESIAN_POINT('',(-36.,-28.,6.600000000002));
#2564 = VECTOR('',#2565,1.);
#2565 = DIRECTION('',(1.,0.,0.));
#2566 = PLANE('',#2567);
#2567 = AXIS2_PLACEMENT_3D('',#2568,#2569,#2570);
#2568 = CARTESIAN_POINT('',(-36.,-28.,3.552713678801E-15));
#2569 = DIRECTION('',(0.,-1.,2.22044604925E-16));
#2570 = DIRECTION('',(1.,0.,0.));
#2571 = ADVANCED_FACE('',(#2572),#2591,.T.);
#2572 = FACE_BOUND('',#2573,.T.);
#2573 = EDGE_LOOP('',(#2574,#2575,#2583,#2590));
#2574 = ORIENTED_EDGE('',*,*,#2540,.T.);
#2575 = ORIENTED_EDGE('',*,*,#2576,.T.);
#2576 = EDGE_CURVE('',#2533,#2577,#2579,.T.);
#2577 = VERTEX_POINT('',#2578);
#2578 = CARTESIAN_POINT('',(-22.,-57.5,-1.5));
#2579 = LINE('',#2580,#2581);
#2580 = CARTESIAN_POINT('',(-22.,-28.,-1.5));
#2581 = VECTOR('',#2582,1.);
#2582 = DIRECTION('',(0.,-1.,2.22044604925E-16));
#2583 = ORIENTED_EDGE('',*,*,#2584,.F.);
#2584 = EDGE_CURVE('',#603,#2577,#2585,.T.);
#2585 = CIRCLE('',#2586,3.);
#2586 = AXIS2_PLACEMENT_3D('',#2587,#2588,#2589);
#2587 = CARTESIAN_POINT('',(-19.,-57.5,-1.5));
#2588 = DIRECTION('',(0.,-1.,2.22044604925E-16));
#2589 = DIRECTION('',(0.,-2.22044604925E-16,-1.));
#2590 = ORIENTED_EDGE('',*,*,#602,.F.);
#2591 = CYLINDRICAL_SURFACE('',#2592,3.);
#2592 = AXIS2_PLACEMENT_3D('',#2593,#2594,#2595);
#2593 = CARTESIAN_POINT('',(-19.,-28.,-1.5));
#2594 = DIRECTION('',(0.,-1.,2.22044604925E-16));
#2595 = DIRECTION('',(0.,2.22044604925E-16,1.));
#2596 = ADVANCED_FACE('',(#2597),#2766,.T.);
#2597 = FACE_BOUND('',#2598,.T.);
#2598 = EDGE_LOOP('',(#2599,#2609,#2618,#2624,#2625,#2633,#2642,#2651,
    #2659,#2668,#2677,#2683,#2684,#2692,#2701,#2710,#2718,#2727,#2736,
    #2742,#2743,#2749,#2750,#2751,#2759));
#2599 = ORIENTED_EDGE('',*,*,#2600,.F.);
#2600 = EDGE_CURVE('',#2601,#2603,#2605,.T.);
#2601 = VERTEX_POINT('',#2602);
#2602 = CARTESIAN_POINT('',(-73.8,-57.5,-13.5));
#2603 = VERTEX_POINT('',#2604);
#2604 = CARTESIAN_POINT('',(-25.,-57.5,-13.5));
#2605 = LINE('',#2606,#2607);
#2606 = CARTESIAN_POINT('',(-78.8,-57.5,-13.5));
#2607 = VECTOR('',#2608,1.);
#2608 = DIRECTION('',(1.,0.,0.));
#2609 = ORIENTED_EDGE('',*,*,#2610,.F.);
#2610 = EDGE_CURVE('',#2611,#2601,#2613,.T.);
#2611 = VERTEX_POINT('',#2612);
#2612 = CARTESIAN_POINT('',(-76.8,-57.5,-10.5));
#2613 = CIRCLE('',#2614,3.);
#2614 = AXIS2_PLACEMENT_3D('',#2615,#2616,#2617);
#2615 = CARTESIAN_POINT('',(-73.8,-57.5,-10.5));
#2616 = DIRECTION('',(0.,-1.,0.));
#2617 = DIRECTION('',(0.,0.,1.));
#2618 = ORIENTED_EDGE('',*,*,#2619,.T.);
#2619 = EDGE_CURVE('',#2611,#812,#2620,.T.);
#2620 = LINE('',#2621,#2622);
#2621 = CARTESIAN_POINT('',(-76.8,-57.5,-13.5));
#2622 = VECTOR('',#2623,1.);
#2623 = DIRECTION('',(0.,0.,1.));
#2624 = ORIENTED_EDGE('',*,*,#811,.T.);
#2625 = ORIENTED_EDGE('',*,*,#2626,.F.);
#2626 = EDGE_CURVE('',#2627,#804,#2629,.T.);
#2627 = VERTEX_POINT('',#2628);
#2628 = CARTESIAN_POINT('',(-69.,-57.5,7.116843969807));
#2629 = LINE('',#2630,#2631);
#2630 = CARTESIAN_POINT('',(-69.,-57.5,11.));
#2631 = VECTOR('',#2632,1.);
#2632 = DIRECTION('',(0.,0.,1.));
#2633 = ORIENTED_EDGE('',*,*,#2634,.F.);
#2634 = EDGE_CURVE('',#2635,#2627,#2637,.T.);
#2635 = VERTEX_POINT('',#2636);
#2636 = CARTESIAN_POINT('',(-72.35908115148,-57.5,-6.26));
#2637 = CIRCLE('',#2638,10.5);
#2638 = AXIS2_PLACEMENT_3D('',#2639,#2640,#2641);
#2639 = CARTESIAN_POINT('',(-63.,-57.5,-1.5));
#2640 = DIRECTION('',(0.,1.,-0.));
#2641 = DIRECTION('',(-1.,0.,0.));
#2642 = ORIENTED_EDGE('',*,*,#2643,.T.);
#2643 = EDGE_CURVE('',#2635,#2644,#2646,.T.);
#2644 = VERTEX_POINT('',#2645);
#2645 = CARTESIAN_POINT('',(-69.68505796534,-57.5,-7.9));
#2646 = CIRCLE('',#2647,3.);
#2647 = AXIS2_PLACEMENT_3D('',#2648,#2649,#2650);
#2648 = CARTESIAN_POINT('',(-69.68505796534,-57.5,-4.9));
#2649 = DIRECTION('',(0.,-1.,2.2E-16));
#2650 = DIRECTION('',(0.,2.2E-16,1.));
#2651 = ORIENTED_EDGE('',*,*,#2652,.F.);
#2652 = EDGE_CURVE('',#2653,#2644,#2655,.T.);
#2653 = VERTEX_POINT('',#2654);
#2654 = CARTESIAN_POINT('',(-56.31494203465,-57.5,-7.9));
#2655 = LINE('',#2656,#2657);
#2656 = CARTESIAN_POINT('',(-54.67593849133,-57.5,-7.9));
#2657 = VECTOR('',#2658,1.);
#2658 = DIRECTION('',(-1.,0.,0.));
#2659 = ORIENTED_EDGE('',*,*,#2660,.F.);
#2660 = EDGE_CURVE('',#2661,#2653,#2663,.T.);
#2661 = VERTEX_POINT('',#2662);
#2662 = CARTESIAN_POINT('',(-53.64091884851,-57.5,-6.26));
#2663 = CIRCLE('',#2664,3.);
#2664 = AXIS2_PLACEMENT_3D('',#2665,#2666,#2667);
#2665 = CARTESIAN_POINT('',(-56.31494203465,-57.5,-4.9));
#2666 = DIRECTION('',(0.,1.,-2.2E-16));
#2667 = DIRECTION('',(0.,2.2E-16,1.));
#2668 = ORIENTED_EDGE('',*,*,#2669,.F.);
#2669 = EDGE_CURVE('',#2670,#2661,#2672,.T.);
#2670 = VERTEX_POINT('',#2671);
#2671 = CARTESIAN_POINT('',(-57.,-57.5,7.116843969807));
#2672 = CIRCLE('',#2673,10.5);
#2673 = AXIS2_PLACEMENT_3D('',#2674,#2675,#2676);
#2674 = CARTESIAN_POINT('',(-63.,-57.5,-1.5));
#2675 = DIRECTION('',(0.,1.,-0.));
#2676 = DIRECTION('',(-1.,0.,0.));
#2677 = ORIENTED_EDGE('',*,*,#2678,.F.);
#2678 = EDGE_CURVE('',#780,#2670,#2679,.T.);
#2679 = LINE('',#2680,#2681);
#2680 = CARTESIAN_POINT('',(-57.,-57.5,11.));
#2681 = VECTOR('',#2682,1.);
#2682 = DIRECTION('',(-0.,-0.,-1.));
#2683 = ORIENTED_EDGE('',*,*,#779,.F.);
#2684 = ORIENTED_EDGE('',*,*,#2685,.F.);
#2685 = EDGE_CURVE('',#2686,#772,#2688,.T.);
#2686 = VERTEX_POINT('',#2687);
#2687 = CARTESIAN_POINT('',(-41.,-57.5,7.116843969807));
#2688 = LINE('',#2689,#2690);
#2689 = CARTESIAN_POINT('',(-41.,-57.5,11.));
#2690 = VECTOR('',#2691,1.);
#2691 = DIRECTION('',(0.,0.,1.));
#2692 = ORIENTED_EDGE('',*,*,#2693,.F.);
#2693 = EDGE_CURVE('',#2694,#2686,#2696,.T.);
#2694 = VERTEX_POINT('',#2695);
#2695 = CARTESIAN_POINT('',(-44.35908115148,-57.5,-6.26));
#2696 = CIRCLE('',#2697,10.5);
#2697 = AXIS2_PLACEMENT_3D('',#2698,#2699,#2700);
#2698 = CARTESIAN_POINT('',(-35.,-57.5,-1.5));
#2699 = DIRECTION('',(0.,1.,-0.));
#2700 = DIRECTION('',(-1.,0.,0.));
#2701 = ORIENTED_EDGE('',*,*,#2702,.T.);
#2702 = EDGE_CURVE('',#2694,#2703,#2705,.T.);
#2703 = VERTEX_POINT('',#2704);
#2704 = CARTESIAN_POINT('',(-41.68505796534,-57.5,-7.9));
#2705 = CIRCLE('',#2706,3.);
#2706 = AXIS2_PLACEMENT_3D('',#2707,#2708,#2709);
#2707 = CARTESIAN_POINT('',(-41.68505796534,-57.5,-4.9));
#2708 = DIRECTION('',(0.,-1.,2.2E-16));
#2709 = DIRECTION('',(0.,2.2E-16,1.));
#2710 = ORIENTED_EDGE('',*,*,#2711,.F.);
#2711 = EDGE_CURVE('',#2712,#2703,#2714,.T.);
#2712 = VERTEX_POINT('',#2713);
#2713 = CARTESIAN_POINT('',(-28.31494203465,-57.5,-7.9));
#2714 = LINE('',#2715,#2716);
#2715 = CARTESIAN_POINT('',(-26.67593849133,-57.5,-7.9));
#2716 = VECTOR('',#2717,1.);
#2717 = DIRECTION('',(-1.,0.,0.));
#2718 = ORIENTED_EDGE('',*,*,#2719,.F.);
#2719 = EDGE_CURVE('',#2720,#2712,#2722,.T.);
#2720 = VERTEX_POINT('',#2721);
#2721 = CARTESIAN_POINT('',(-25.64091884851,-57.5,-6.26));
#2722 = CIRCLE('',#2723,3.);
#2723 = AXIS2_PLACEMENT_3D('',#2724,#2725,#2726);
#2724 = CARTESIAN_POINT('',(-28.31494203465,-57.5,-4.9));
#2725 = DIRECTION('',(0.,1.,-2.2E-16));
#2726 = DIRECTION('',(0.,2.2E-16,1.));
#2727 = ORIENTED_EDGE('',*,*,#2728,.F.);
#2728 = EDGE_CURVE('',#2729,#2720,#2731,.T.);
#2729 = VERTEX_POINT('',#2730);
#2730 = CARTESIAN_POINT('',(-29.,-57.5,7.116843969807));
#2731 = CIRCLE('',#2732,10.5);
#2732 = AXIS2_PLACEMENT_3D('',#2733,#2734,#2735);
#2733 = CARTESIAN_POINT('',(-35.,-57.5,-1.5));
#2734 = DIRECTION('',(0.,1.,-0.));
#2735 = DIRECTION('',(-1.,0.,0.));
#2736 = ORIENTED_EDGE('',*,*,#2737,.F.);
#2737 = EDGE_CURVE('',#748,#2729,#2738,.T.);
#2738 = LINE('',#2739,#2740);
#2739 = CARTESIAN_POINT('',(-29.,-57.5,11.));
#2740 = VECTOR('',#2741,1.);
#2741 = DIRECTION('',(-0.,-0.,-1.));
#2742 = ORIENTED_EDGE('',*,*,#747,.F.);
#2743 = ORIENTED_EDGE('',*,*,#2744,.F.);
#2744 = EDGE_CURVE('',#611,#740,#2745,.T.);
#2745 = LINE('',#2746,#2747);
#2746 = CARTESIAN_POINT('',(-22.5,-57.5,-7.561784950569));
#2747 = VECTOR('',#2748,1.);
#2748 = DIRECTION('',(0.,0.,1.));
#2749 = ORIENTED_EDGE('',*,*,#610,.T.);
#2750 = ORIENTED_EDGE('',*,*,#2584,.T.);
#2751 = ORIENTED_EDGE('',*,*,#2752,.F.);
#2752 = EDGE_CURVE('',#2753,#2577,#2755,.T.);
#2753 = VERTEX_POINT('',#2754);
#2754 = CARTESIAN_POINT('',(-22.,-57.5,-10.5));
#2755 = LINE('',#2756,#2757);
#2756 = CARTESIAN_POINT('',(-22.,-57.5,-1.244865611362));
#2757 = VECTOR('',#2758,1.);
#2758 = DIRECTION('',(0.,1.554394314796E-15,1.));
#2759 = ORIENTED_EDGE('',*,*,#2760,.F.);
#2760 = EDGE_CURVE('',#2603,#2753,#2761,.T.);
#2761 = CIRCLE('',#2762,3.);
#2762 = AXIS2_PLACEMENT_3D('',#2763,#2764,#2765);
#2763 = CARTESIAN_POINT('',(-25.,-57.5,-10.5));
#2764 = DIRECTION('',(0.,-1.,2.22044604925E-16));
#2765 = DIRECTION('',(0.,-2.22044604925E-16,-1.));
#2766 = PLANE('',#2767);
#2767 = AXIS2_PLACEMENT_3D('',#2768,#2769,#2770);
#2768 = CARTESIAN_POINT('',(-49.2693743919,-57.5,-1.008452794442));
#2769 = DIRECTION('',(0.,1.,0.));
#2770 = DIRECTION('',(0.,0.,1.));
#2771 = ADVANCED_FACE('',(#2772),#2778,.T.);
#2772 = FACE_BOUND('',#2773,.T.);
#2773 = EDGE_LOOP('',(#2774,#2775,#2776,#2777));
#2774 = ORIENTED_EDGE('',*,*,#1804,.F.);
#2775 = ORIENTED_EDGE('',*,*,#618,.T.);
#2776 = ORIENTED_EDGE('',*,*,#2744,.T.);
#2777 = ORIENTED_EDGE('',*,*,#739,.F.);
#2778 = PLANE('',#2779);
#2779 = AXIS2_PLACEMENT_3D('',#2780,#2781,#2782);
#2780 = CARTESIAN_POINT('',(-22.5,-65.5,0.25));
#2781 = DIRECTION('',(1.,0.,0.));
#2782 = DIRECTION('',(0.,0.,1.));
#2783 = ADVANCED_FACE('',(#2784),#2795,.T.);
#2784 = FACE_BOUND('',#2785,.F.);
#2785 = EDGE_LOOP('',(#2786,#2787,#2793,#2794));
#2786 = ORIENTED_EDGE('',*,*,#1988,.T.);
#2787 = ORIENTED_EDGE('',*,*,#2788,.T.);
#2788 = EDGE_CURVE('',#1989,#2149,#2789,.T.);
#2789 = LINE('',#2790,#2791);
#2790 = CARTESIAN_POINT('',(22.,-28.,-1.5));
#2791 = VECTOR('',#2792,1.);
#2792 = DIRECTION('',(0.,-1.,2.22044604925E-16));
#2793 = ORIENTED_EDGE('',*,*,#2156,.F.);
#2794 = ORIENTED_EDGE('',*,*,#650,.F.);
#2795 = CYLINDRICAL_SURFACE('',#2796,3.);
#2796 = AXIS2_PLACEMENT_3D('',#2797,#2798,#2799);
#2797 = CARTESIAN_POINT('',(19.,-28.,-1.5));
#2798 = DIRECTION('',(0.,-1.,2.22044604925E-16));
#2799 = DIRECTION('',(0.,2.22044604925E-16,1.));
#2800 = ADVANCED_FACE('',(#2801),#2837,.T.);
#2801 = FACE_BOUND('',#2802,.T.);
#2802 = EDGE_LOOP('',(#2803,#2811,#2812,#2813,#2822,#2830));
#2803 = ORIENTED_EDGE('',*,*,#2804,.T.);
#2804 = EDGE_CURVE('',#2805,#756,#2807,.T.);
#2805 = VERTEX_POINT('',#2806);
#2806 = CARTESIAN_POINT('',(-26.,-63.93352076152,2.25));
#2807 = LINE('',#2808,#2809);
#2808 = CARTESIAN_POINT('',(-26.,-63.93352076152,11.));
#2809 = VECTOR('',#2810,1.);
#2810 = DIRECTION('',(0.,0.,1.));
#2811 = ORIENTED_EDGE('',*,*,#755,.T.);
#2812 = ORIENTED_EDGE('',*,*,#2737,.T.);
#2813 = ORIENTED_EDGE('',*,*,#2814,.T.);
#2814 = EDGE_CURVE('',#2729,#2815,#2817,.T.);
#2815 = VERTEX_POINT('',#2816);
#2816 = CARTESIAN_POINT('',(-28.30053851276,-59.,6.584999429876));
#2817 = ELLIPSE('',#2818,24.8451166231,10.5);
#2818 = AXIS2_PLACEMENT_3D('',#2819,#2820,#2821);
#2819 = CARTESIAN_POINT('',(-35.,-44.63295847694,-1.5));
#2820 = DIRECTION('',(0.906307787037,0.422618261741,-4.492850643323E-34)
  );
#2821 = DIRECTION('',(0.422618261741,-0.906307787037,2.427431421717E-16)
  );
#2822 = ORIENTED_EDGE('',*,*,#2823,.F.);
#2823 = EDGE_CURVE('',#2824,#2815,#2826,.T.);
#2824 = VERTEX_POINT('',#2825);
#2825 = CARTESIAN_POINT('',(-28.30053851276,-59.,5.583764238107));
#2826 = LINE('',#2827,#2828);
#2827 = CARTESIAN_POINT('',(-28.30053851276,-59.,4.938215049431));
#2828 = VECTOR('',#2829,1.);
#2829 = DIRECTION('',(0.,0.,1.));
#2830 = ORIENTED_EDGE('',*,*,#2831,.T.);
#2831 = EDGE_CURVE('',#2824,#2805,#2832,.T.);
#2832 = ELLIPSE('',#2833,23.070465435736,9.75);
#2833 = AXIS2_PLACEMENT_3D('',#2834,#2835,#2836);
#2834 = CARTESIAN_POINT('',(-35.,-44.63295847694,-1.5));
#2835 = DIRECTION('',(0.906307787037,0.422618261741,-4.492850643323E-34)
  );
#2836 = DIRECTION('',(-0.422618261741,0.906307787037,-2.427431421717E-16
    ));
#2837 = PLANE('',#2838);
#2838 = AXIS2_PLACEMENT_3D('',#2839,#2840,#2841);
#2839 = CARTESIAN_POINT('',(-27.29882500852,-61.14818154221,
    8.93351860702));
#2840 = DIRECTION('',(-0.906307787037,-0.422618261741,4.397896901959E-14
    ));
#2841 = DIRECTION('',(0.422618261741,-0.906307787037,1.329114860999E-30)
  );
#2842 = ADVANCED_FACE('',(#2843),#2862,.T.);
#2843 = FACE_BOUND('',#2844,.T.);
#2844 = EDGE_LOOP('',(#2845,#2853,#2854,#2855));
#2845 = ORIENTED_EDGE('',*,*,#2846,.F.);
#2846 = EDGE_CURVE('',#764,#2847,#2849,.T.);
#2847 = VERTEX_POINT('',#2848);
#2848 = CARTESIAN_POINT('',(-44.,-63.93352076152,2.25));
#2849 = LINE('',#2850,#2851);
#2850 = CARTESIAN_POINT('',(-44.,-63.93352076152,11.));
#2851 = VECTOR('',#2852,1.);
#2852 = DIRECTION('',(-0.,-0.,-1.));
#2853 = ORIENTED_EDGE('',*,*,#763,.T.);
#2854 = ORIENTED_EDGE('',*,*,#2804,.F.);
#2855 = ORIENTED_EDGE('',*,*,#2856,.F.);
#2856 = EDGE_CURVE('',#2847,#2805,#2857,.T.);
#2857 = CIRCLE('',#2858,9.75);
#2858 = AXIS2_PLACEMENT_3D('',#2859,#2860,#2861);
#2859 = CARTESIAN_POINT('',(-35.,-63.93352076152,-1.5));
#2860 = DIRECTION('',(0.,1.,-2.2E-16));
#2861 = DIRECTION('',(1.,0.,0.));
#2862 = PLANE('',#2863);
#2863 = AXIS2_PLACEMENT_3D('',#2864,#2865,#2866);
#2864 = CARTESIAN_POINT('',(-35.,-63.93352076152,8.952351083569));
#2865 = DIRECTION('',(-3.817010835885E-15,1.,4.730403966822E-15));
#2866 = DIRECTION('',(0.,-4.730403966822E-15,1.));
#2867 = ADVANCED_FACE('',(#2868),#2897,.T.);
#2868 = FACE_BOUND('',#2869,.T.);
#2869 = EDGE_LOOP('',(#2870,#2871,#2872,#2873,#2882,#2890));
#2870 = ORIENTED_EDGE('',*,*,#2685,.T.);
#2871 = ORIENTED_EDGE('',*,*,#771,.T.);
#2872 = ORIENTED_EDGE('',*,*,#2846,.T.);
#2873 = ORIENTED_EDGE('',*,*,#2874,.T.);
#2874 = EDGE_CURVE('',#2847,#2875,#2877,.T.);
#2875 = VERTEX_POINT('',#2876);
#2876 = CARTESIAN_POINT('',(-41.69946148723,-59.,5.583764238107));
#2877 = ELLIPSE('',#2878,23.070465435736,9.75);
#2878 = AXIS2_PLACEMENT_3D('',#2879,#2880,#2881);
#2879 = CARTESIAN_POINT('',(-35.,-44.63295847694,-1.5));
#2880 = DIRECTION('',(-0.906307787037,0.422618261741,7.181143447007E-33)
  );
#2881 = DIRECTION('',(0.422618261741,0.906307787037,-2.427431421717E-16)
  );
#2882 = ORIENTED_EDGE('',*,*,#2883,.F.);
#2883 = EDGE_CURVE('',#2884,#2875,#2886,.T.);
#2884 = VERTEX_POINT('',#2885);
#2885 = CARTESIAN_POINT('',(-41.69946148723,-59.,6.584999429876));
#2886 = LINE('',#2887,#2888);
#2887 = CARTESIAN_POINT('',(-41.69946148723,-59.,4.938215049431));
#2888 = VECTOR('',#2889,1.);
#2889 = DIRECTION('',(0.,0.,-1.));
#2890 = ORIENTED_EDGE('',*,*,#2891,.T.);
#2891 = EDGE_CURVE('',#2884,#2686,#2892,.T.);
#2892 = ELLIPSE('',#2893,24.8451166231,10.5);
#2893 = AXIS2_PLACEMENT_3D('',#2894,#2895,#2896);
#2894 = CARTESIAN_POINT('',(-35.,-44.63295847694,-1.5));
#2895 = DIRECTION('',(-0.906307787037,0.422618261741,7.181143447007E-33)
  );
#2896 = DIRECTION('',(-0.422618261741,-0.906307787037,2.427431421717E-16
    ));
#2897 = PLANE('',#2898);
#2898 = AXIS2_PLACEMENT_3D('',#2899,#2900,#2901);
#2899 = CARTESIAN_POINT('',(-42.70117499147,-61.14818154221,
    8.93351860702));
#2900 = DIRECTION('',(0.906307787037,-0.422618261741,-7.867002827975E-14
    ));
#2901 = DIRECTION('',(0.422618261741,0.906307787037,-4.407897560528E-30)
  );
#2902 = ADVANCED_FACE('',(#2903),#2939,.T.);
#2903 = FACE_BOUND('',#2904,.T.);
#2904 = EDGE_LOOP('',(#2905,#2913,#2914,#2915,#2924,#2932));
#2905 = ORIENTED_EDGE('',*,*,#2906,.T.);
#2906 = EDGE_CURVE('',#2907,#788,#2909,.T.);
#2907 = VERTEX_POINT('',#2908);
#2908 = CARTESIAN_POINT('',(-54.,-63.93352076152,2.25));
#2909 = LINE('',#2910,#2911);
#2910 = CARTESIAN_POINT('',(-54.,-63.93352076152,11.));
#2911 = VECTOR('',#2912,1.);
#2912 = DIRECTION('',(0.,0.,1.));
#2913 = ORIENTED_EDGE('',*,*,#787,.T.);
#2914 = ORIENTED_EDGE('',*,*,#2678,.T.);
#2915 = ORIENTED_EDGE('',*,*,#2916,.T.);
#2916 = EDGE_CURVE('',#2670,#2917,#2919,.T.);
#2917 = VERTEX_POINT('',#2918);
#2918 = CARTESIAN_POINT('',(-56.30053851276,-59.,6.584999429876));
#2919 = ELLIPSE('',#2920,24.8451166231,10.5);
#2920 = AXIS2_PLACEMENT_3D('',#2921,#2922,#2923);
#2921 = CARTESIAN_POINT('',(-63.,-44.63295847694,-1.5));
#2922 = DIRECTION('',(0.906307787037,0.422618261741,-4.492850643323E-34)
  );
#2923 = DIRECTION('',(0.422618261741,-0.906307787037,2.427431421717E-16)
  );
#2924 = ORIENTED_EDGE('',*,*,#2925,.F.);
#2925 = EDGE_CURVE('',#2926,#2917,#2928,.T.);
#2926 = VERTEX_POINT('',#2927);
#2927 = CARTESIAN_POINT('',(-56.30053851276,-59.,5.583764238107));
#2928 = LINE('',#2929,#2930);
#2929 = CARTESIAN_POINT('',(-56.30053851276,-59.,4.938215049431));
#2930 = VECTOR('',#2931,1.);
#2931 = DIRECTION('',(0.,0.,1.));
#2932 = ORIENTED_EDGE('',*,*,#2933,.T.);
#2933 = EDGE_CURVE('',#2926,#2907,#2934,.T.);
#2934 = ELLIPSE('',#2935,23.070465435736,9.75);
#2935 = AXIS2_PLACEMENT_3D('',#2936,#2937,#2938);
#2936 = CARTESIAN_POINT('',(-63.,-44.63295847694,-1.5));
#2937 = DIRECTION('',(0.906307787037,0.422618261741,-4.492850643323E-34)
  );
#2938 = DIRECTION('',(-0.422618261741,0.906307787037,-2.427431421717E-16
    ));
#2939 = PLANE('',#2940);
#2940 = AXIS2_PLACEMENT_3D('',#2941,#2942,#2943);
#2941 = CARTESIAN_POINT('',(-55.29882500852,-61.14818154221,
    8.93351860702));
#2942 = DIRECTION('',(-0.906307787037,-0.422618261741,4.401146512926E-14
    ));
#2943 = DIRECTION('',(0.422618261741,-0.906307787037,-1.264127048289E-31
    ));
#2944 = ADVANCED_FACE('',(#2945),#2964,.T.);
#2945 = FACE_BOUND('',#2946,.T.);
#2946 = EDGE_LOOP('',(#2947,#2955,#2956,#2957));
#2947 = ORIENTED_EDGE('',*,*,#2948,.T.);
#2948 = EDGE_CURVE('',#2949,#796,#2951,.T.);
#2949 = VERTEX_POINT('',#2950);
#2950 = CARTESIAN_POINT('',(-72.,-63.93352076152,2.25));
#2951 = LINE('',#2952,#2953);
#2952 = CARTESIAN_POINT('',(-71.99999999999,-63.93352076152,11.));
#2953 = VECTOR('',#2954,1.);
#2954 = DIRECTION('',(0.,0.,1.));
#2955 = ORIENTED_EDGE('',*,*,#795,.T.);
#2956 = ORIENTED_EDGE('',*,*,#2906,.F.);
#2957 = ORIENTED_EDGE('',*,*,#2958,.F.);
#2958 = EDGE_CURVE('',#2949,#2907,#2959,.T.);
#2959 = CIRCLE('',#2960,9.75);
#2960 = AXIS2_PLACEMENT_3D('',#2961,#2962,#2963);
#2961 = CARTESIAN_POINT('',(-63.,-63.93352076152,-1.5));
#2962 = DIRECTION('',(0.,1.,-2.2E-16));
#2963 = DIRECTION('',(1.,0.,0.));
#2964 = PLANE('',#2965);
#2965 = AXIS2_PLACEMENT_3D('',#2966,#2967,#2968);
#2966 = CARTESIAN_POINT('',(-63.,-63.93352076152,8.952351083569));
#2967 = DIRECTION('',(-3.817010835885E-15,1.,4.730403966822E-15));
#2968 = DIRECTION('',(0.,-4.730403966822E-15,1.));
#2969 = ADVANCED_FACE('',(#2970),#2999,.T.);
#2970 = FACE_BOUND('',#2971,.T.);
#2971 = EDGE_LOOP('',(#2972,#2973,#2974,#2975,#2984,#2992));
#2972 = ORIENTED_EDGE('',*,*,#2626,.T.);
#2973 = ORIENTED_EDGE('',*,*,#803,.T.);
#2974 = ORIENTED_EDGE('',*,*,#2948,.F.);
#2975 = ORIENTED_EDGE('',*,*,#2976,.T.);
#2976 = EDGE_CURVE('',#2949,#2977,#2979,.T.);
#2977 = VERTEX_POINT('',#2978);
#2978 = CARTESIAN_POINT('',(-69.69946148723,-59.,5.583764238107));
#2979 = ELLIPSE('',#2980,23.070465435736,9.75);
#2980 = AXIS2_PLACEMENT_3D('',#2981,#2982,#2983);
#2981 = CARTESIAN_POINT('',(-63.,-44.63295847694,-1.5));
#2982 = DIRECTION('',(-0.906307787037,0.422618261741,7.181143447007E-33)
  );
#2983 = DIRECTION('',(0.422618261741,0.906307787037,-2.427431421717E-16)
  );
#2984 = ORIENTED_EDGE('',*,*,#2985,.F.);
#2985 = EDGE_CURVE('',#2986,#2977,#2988,.T.);
#2986 = VERTEX_POINT('',#2987);
#2987 = CARTESIAN_POINT('',(-69.69946148723,-59.,6.584999429876));
#2988 = LINE('',#2989,#2990);
#2989 = CARTESIAN_POINT('',(-69.69946148723,-59.,4.938215049431));
#2990 = VECTOR('',#2991,1.);
#2991 = DIRECTION('',(0.,0.,-1.));
#2992 = ORIENTED_EDGE('',*,*,#2993,.T.);
#2993 = EDGE_CURVE('',#2986,#2627,#2994,.T.);
#2994 = ELLIPSE('',#2995,24.8451166231,10.5);
#2995 = AXIS2_PLACEMENT_3D('',#2996,#2997,#2998);
#2996 = CARTESIAN_POINT('',(-63.,-44.63295847694,-1.5));
#2997 = DIRECTION('',(-0.906307787037,0.422618261741,7.181143447007E-33)
  );
#2998 = DIRECTION('',(-0.422618261741,-0.906307787037,2.427431421717E-16
    ));
#2999 = PLANE('',#3000);
#3000 = AXIS2_PLACEMENT_3D('',#3001,#3002,#3003);
#3001 = CARTESIAN_POINT('',(-70.70117499147,-61.14818154221,
    8.93351860702));
#3002 = DIRECTION('',(0.906307787037,-0.422618261741,-7.852605200091E-14
    ));
#3003 = DIRECTION('',(0.422618261741,0.906307787037,-5.946061163067E-31)
  );
#3004 = ADVANCED_FACE('',(#3005),#3023,.F.);
#3005 = FACE_BOUND('',#3006,.F.);
#3006 = EDGE_LOOP('',(#3007,#3015,#3021,#3022));
#3007 = ORIENTED_EDGE('',*,*,#3008,.F.);
#3008 = EDGE_CURVE('',#3009,#820,#3011,.T.);
#3009 = VERTEX_POINT('',#3010);
#3010 = CARTESIAN_POINT('',(-76.8,-27.,-10.5));
#3011 = LINE('',#3012,#3013);
#3012 = CARTESIAN_POINT('',(-76.8,-27.,-13.5));
#3013 = VECTOR('',#3014,1.);
#3014 = DIRECTION('',(0.,0.,1.));
#3015 = ORIENTED_EDGE('',*,*,#3016,.F.);
#3016 = EDGE_CURVE('',#2611,#3009,#3017,.T.);
#3017 = LINE('',#3018,#3019);
#3018 = CARTESIAN_POINT('',(-76.8,-57.5,-10.5));
#3019 = VECTOR('',#3020,1.);
#3020 = DIRECTION('',(0.,1.,0.));
#3021 = ORIENTED_EDGE('',*,*,#2619,.T.);
#3022 = ORIENTED_EDGE('',*,*,#819,.T.);
#3023 = PLANE('',#3024);
#3024 = AXIS2_PLACEMENT_3D('',#3025,#3026,#3027);
#3025 = CARTESIAN_POINT('',(-76.8,-57.5,-13.5));
#3026 = DIRECTION('',(-1.,0.,0.));
#3027 = DIRECTION('',(0.,1.,0.));
#3028 = ADVANCED_FACE('',(#3029,#3056),#3067,.T.);
#3029 = FACE_BOUND('',#3030,.T.);
#3030 = EDGE_LOOP('',(#3031,#3032,#3041,#3049,#3055));
#3031 = ORIENTED_EDGE('',*,*,#3008,.F.);
#3032 = ORIENTED_EDGE('',*,*,#3033,.T.);
#3033 = EDGE_CURVE('',#3009,#3034,#3036,.T.);
#3034 = VERTEX_POINT('',#3035);
#3035 = CARTESIAN_POINT('',(-73.8,-27.,-13.5));
#3036 = CIRCLE('',#3037,3.);
#3037 = AXIS2_PLACEMENT_3D('',#3038,#3039,#3040);
#3038 = CARTESIAN_POINT('',(-73.8,-27.,-10.5));
#3039 = DIRECTION('',(0.,-1.,0.));
#3040 = DIRECTION('',(0.,0.,1.));
#3041 = ORIENTED_EDGE('',*,*,#3042,.T.);
#3042 = EDGE_CURVE('',#3034,#3043,#3045,.T.);
#3043 = VERTEX_POINT('',#3044);
#3044 = CARTESIAN_POINT('',(-50.,-27.,-13.5));
#3045 = LINE('',#3046,#3047);
#3046 = CARTESIAN_POINT('',(-51.55,-27.,-13.5));
#3047 = VECTOR('',#3048,1.);
#3048 = DIRECTION('',(1.,0.,0.));
#3049 = ORIENTED_EDGE('',*,*,#3050,.T.);
#3050 = EDGE_CURVE('',#3043,#828,#3051,.T.);
#3051 = LINE('',#3052,#3053);
#3052 = CARTESIAN_POINT('',(-50.,-27.,-7.));
#3053 = VECTOR('',#3054,1.);
#3054 = DIRECTION('',(0.,2.22044604925E-16,1.));
#3055 = ORIENTED_EDGE('',*,*,#827,.F.);
#3056 = FACE_BOUND('',#3057,.T.);
#3057 = EDGE_LOOP('',(#3058,#3059,#3060,#3061));
#3058 = ORIENTED_EDGE('',*,*,#929,.T.);
#3059 = ORIENTED_EDGE('',*,*,#920,.T.);
#3060 = ORIENTED_EDGE('',*,*,#904,.T.);
#3061 = ORIENTED_EDGE('',*,*,#3062,.T.);
#3062 = EDGE_CURVE('',#897,#930,#3063,.T.);
#3063 = LINE('',#3064,#3065);
#3064 = CARTESIAN_POINT('',(-63.7,-27.,6.600000000002));
#3065 = VECTOR('',#3066,1.);
#3066 = DIRECTION('',(1.,0.,0.));
#3067 = PLANE('',#3068);
#3068 = AXIS2_PLACEMENT_3D('',#3069,#3070,#3071);
#3069 = CARTESIAN_POINT('',(-64.4,-27.,0.25));
#3070 = DIRECTION('',(-0.,-1.,-0.));
#3071 = DIRECTION('',(0.,0.,-1.));
#3072 = ADVANCED_FACE('',(#3073),#3084,.T.);
#3073 = FACE_BOUND('',#3074,.T.);
#3074 = EDGE_LOOP('',(#3075,#3081,#3082,#3083));
#3075 = ORIENTED_EDGE('',*,*,#3076,.F.);
#3076 = EDGE_CURVE('',#2516,#3043,#3077,.T.);
#3077 = LINE('',#3078,#3079);
#3078 = CARTESIAN_POINT('',(-50.,-27.75,-13.5));
#3079 = VECTOR('',#3080,1.);
#3080 = DIRECTION('',(0.,1.,0.));
#3081 = ORIENTED_EDGE('',*,*,#2550,.T.);
#3082 = ORIENTED_EDGE('',*,*,#835,.F.);
#3083 = ORIENTED_EDGE('',*,*,#3050,.F.);
#3084 = PLANE('',#3085);
#3085 = AXIS2_PLACEMENT_3D('',#3086,#3087,#3088);
#3086 = CARTESIAN_POINT('',(-50.,-13.,-14.));
#3087 = DIRECTION('',(-1.,0.,0.));
#3088 = DIRECTION('',(0.,2.22044604925E-16,1.));
#3089 = ADVANCED_FACE('',(#3090),#3106,.T.);
#3090 = FACE_BOUND('',#3091,.T.);
#3091 = EDGE_LOOP('',(#3092,#3093,#3099,#3100));
#3092 = ORIENTED_EDGE('',*,*,#857,.T.);
#3093 = ORIENTED_EDGE('',*,*,#3094,.T.);
#3094 = EDGE_CURVE('',#860,#947,#3095,.T.);
#3095 = LINE('',#3096,#3097);
#3096 = CARTESIAN_POINT('',(-72.49999999999,-18.9,9.600000000002));
#3097 = VECTOR('',#3098,1.);
#3098 = DIRECTION('',(1.,0.,0.));
#3099 = ORIENTED_EDGE('',*,*,#946,.F.);
#3100 = ORIENTED_EDGE('',*,*,#3101,.F.);
#3101 = EDGE_CURVE('',#858,#939,#3102,.T.);
#3102 = LINE('',#3103,#3104);
#3103 = CARTESIAN_POINT('',(-72.49999999999,-21.9,6.600000000002));
#3104 = VECTOR('',#3105,1.);
#3105 = DIRECTION('',(1.,0.,0.));
#3106 = CYLINDRICAL_SURFACE('',#3107,3.);
#3107 = AXIS2_PLACEMENT_3D('',#3108,#3109,#3110);
#3108 = CARTESIAN_POINT('',(-72.49999999999,-21.9,9.600000000002));
#3109 = DIRECTION('',(1.,0.,0.));
#3110 = DIRECTION('',(0.,-2.22044604925E-16,-1.));
#3111 = ADVANCED_FACE('',(#3112),#3118,.T.);
#3112 = FACE_BOUND('',#3113,.T.);
#3113 = EDGE_LOOP('',(#3114,#3115,#3116,#3117));
#3114 = ORIENTED_EDGE('',*,*,#938,.F.);
#3115 = ORIENTED_EDGE('',*,*,#3062,.F.);
#3116 = ORIENTED_EDGE('',*,*,#896,.T.);
#3117 = ORIENTED_EDGE('',*,*,#3101,.T.);
#3118 = PLANE('',#3119);
#3119 = AXIS2_PLACEMENT_3D('',#3120,#3121,#3122);
#3120 = CARTESIAN_POINT('',(-63.7,-32.2,6.600000000002));
#3121 = DIRECTION('',(-0.,-2.22044604925E-16,-1.));
#3122 = DIRECTION('',(0.,1.,-2.22044604925E-16));
#3123 = ADVANCED_FACE('',(#3124),#3128,.F.);
#3124 = FACE_BOUND('',#3125,.F.);
#3125 = EDGE_LOOP('',(#3126,#3127));
#3126 = ORIENTED_EDGE('',*,*,#983,.T.);
#3127 = ORIENTED_EDGE('',*,*,#3094,.T.);
#3128 = PLANE('',#3129);
#3129 = AXIS2_PLACEMENT_3D('',#3130,#3131,#3132);
#3130 = CARTESIAN_POINT('',(-63.7,-18.9,7.977900343175));
#3131 = DIRECTION('',(0.,-1.,2.22044604925E-16));
#3132 = DIRECTION('',(1.,0.,0.));
#3133 = ADVANCED_FACE('',(#3134),#3150,.T.);
#3134 = FACE_BOUND('',#3135,.T.);
#3135 = EDGE_LOOP('',(#3136,#3137,#3143,#3144));
#3136 = ORIENTED_EDGE('',*,*,#1056,.T.);
#3137 = ORIENTED_EDGE('',*,*,#3138,.T.);
#3138 = EDGE_CURVE('',#1059,#1146,#3139,.T.);
#3139 = LINE('',#3140,#3141);
#3140 = CARTESIAN_POINT('',(-44.79999999999,-19.9,9.600000000002));
#3141 = VECTOR('',#3142,1.);
#3142 = DIRECTION('',(1.,0.,0.));
#3143 = ORIENTED_EDGE('',*,*,#1145,.F.);
#3144 = ORIENTED_EDGE('',*,*,#3145,.F.);
#3145 = EDGE_CURVE('',#1057,#1138,#3146,.T.);
#3146 = LINE('',#3147,#3148);
#3147 = CARTESIAN_POINT('',(-44.79999999999,-22.9,6.600000000002));
#3148 = VECTOR('',#3149,1.);
#3149 = DIRECTION('',(1.,0.,0.));
#3150 = CYLINDRICAL_SURFACE('',#3151,3.);
#3151 = AXIS2_PLACEMENT_3D('',#3152,#3153,#3154);
#3152 = CARTESIAN_POINT('',(-44.79999999999,-22.9,9.600000000002));
#3153 = DIRECTION('',(1.,0.,0.));
#3154 = DIRECTION('',(0.,-2.22044604925E-16,-1.));
#3155 = ADVANCED_FACE('',(#3156),#3162,.T.);
#3156 = FACE_BOUND('',#3157,.T.);
#3157 = EDGE_LOOP('',(#3158,#3159,#3160,#3161));
#3158 = ORIENTED_EDGE('',*,*,#1137,.F.);
#3159 = ORIENTED_EDGE('',*,*,#2561,.F.);
#3160 = ORIENTED_EDGE('',*,*,#1095,.T.);
#3161 = ORIENTED_EDGE('',*,*,#3145,.T.);
#3162 = PLANE('',#3163);
#3163 = AXIS2_PLACEMENT_3D('',#3164,#3165,#3166);
#3164 = CARTESIAN_POINT('',(-36.,-33.2,6.600000000002));
#3165 = DIRECTION('',(-0.,-2.22044604925E-16,-1.));
#3166 = DIRECTION('',(0.,1.,-2.22044604925E-16));
#3167 = ADVANCED_FACE('',(#3168),#3172,.F.);
#3168 = FACE_BOUND('',#3169,.F.);
#3169 = EDGE_LOOP('',(#3170,#3171));
#3170 = ORIENTED_EDGE('',*,*,#1182,.T.);
#3171 = ORIENTED_EDGE('',*,*,#3138,.T.);
#3172 = PLANE('',#3173);
#3173 = AXIS2_PLACEMENT_3D('',#3174,#3175,#3176);
#3174 = CARTESIAN_POINT('',(-36.,-19.9,7.977900343175));
#3175 = DIRECTION('',(0.,-1.,2.22044604925E-16));
#3176 = DIRECTION('',(1.,0.,0.));
#3177 = ADVANCED_FACE('',(#3178),#3189,.T.);
#3178 = FACE_BOUND('',#3179,.F.);
#3179 = EDGE_LOOP('',(#3180,#3181,#3182,#3183));
#3180 = ORIENTED_EDGE('',*,*,#1357,.F.);
#3181 = ORIENTED_EDGE('',*,*,#2016,.F.);
#3182 = ORIENTED_EDGE('',*,*,#1266,.T.);
#3183 = ORIENTED_EDGE('',*,*,#3184,.T.);
#3184 = EDGE_CURVE('',#1267,#1321,#3185,.T.);
#3185 = LINE('',#3186,#3187);
#3186 = CARTESIAN_POINT('',(44.799999999993,-22.9,6.600000000002));
#3187 = VECTOR('',#3188,1.);
#3188 = DIRECTION('',(-1.,-0.,-0.));
#3189 = PLANE('',#3190);
#3190 = AXIS2_PLACEMENT_3D('',#3191,#3192,#3193);
#3191 = CARTESIAN_POINT('',(36.,-33.2,6.600000000002));
#3192 = DIRECTION('',(0.,-2.22044604925E-16,-1.));
#3193 = DIRECTION('',(0.,-1.,2.22044604925E-16));
#3194 = ADVANCED_FACE('',(#3195),#3206,.T.);
#3195 = FACE_BOUND('',#3196,.T.);
#3196 = EDGE_LOOP('',(#3197,#3198,#3199,#3205));
#3197 = ORIENTED_EDGE('',*,*,#3184,.T.);
#3198 = ORIENTED_EDGE('',*,*,#1320,.T.);
#3199 = ORIENTED_EDGE('',*,*,#3200,.F.);
#3200 = EDGE_CURVE('',#1275,#1312,#3201,.T.);
#3201 = LINE('',#3202,#3203);
#3202 = CARTESIAN_POINT('',(44.799999999993,-19.9,9.600000000002));
#3203 = VECTOR('',#3204,1.);
#3204 = DIRECTION('',(-1.,-0.,-0.));
#3205 = ORIENTED_EDGE('',*,*,#1274,.F.);
#3206 = CYLINDRICAL_SURFACE('',#3207,3.);
#3207 = AXIS2_PLACEMENT_3D('',#3208,#3209,#3210);
#3208 = CARTESIAN_POINT('',(44.799999999993,-22.9,9.600000000002));
#3209 = DIRECTION('',(-1.,-0.,-0.));
#3210 = DIRECTION('',(0.,-2.22044604925E-16,-1.));
#3211 = ADVANCED_FACE('',(#3212),#3216,.F.);
#3212 = FACE_BOUND('',#3213,.T.);
#3213 = EDGE_LOOP('',(#3214,#3215));
#3214 = ORIENTED_EDGE('',*,*,#1311,.T.);
#3215 = ORIENTED_EDGE('',*,*,#3200,.T.);
#3216 = PLANE('',#3217);
#3217 = AXIS2_PLACEMENT_3D('',#3218,#3219,#3220);
#3218 = CARTESIAN_POINT('',(36.,-19.9,7.977900343175));
#3219 = DIRECTION('',(0.,-1.,2.22044604925E-16));
#3220 = DIRECTION('',(1.,0.,0.));
#3221 = ADVANCED_FACE('',(#3222),#3233,.T.);
#3222 = FACE_BOUND('',#3223,.F.);
#3223 = EDGE_LOOP('',(#3224,#3225,#3226,#3227));
#3224 = ORIENTED_EDGE('',*,*,#1624,.F.);
#3225 = ORIENTED_EDGE('',*,*,#2082,.F.);
#3226 = ORIENTED_EDGE('',*,*,#1533,.T.);
#3227 = ORIENTED_EDGE('',*,*,#3228,.T.);
#3228 = EDGE_CURVE('',#1534,#1588,#3229,.T.);
#3229 = LINE('',#3230,#3231);
#3230 = CARTESIAN_POINT('',(72.499999999993,-21.9,6.600000000002));
#3231 = VECTOR('',#3232,1.);
#3232 = DIRECTION('',(-1.,-0.,-0.));
#3233 = PLANE('',#3234);
#3234 = AXIS2_PLACEMENT_3D('',#3235,#3236,#3237);
#3235 = CARTESIAN_POINT('',(63.7,-32.2,6.600000000002));
#3236 = DIRECTION('',(0.,-2.22044604925E-16,-1.));
#3237 = DIRECTION('',(0.,-1.,2.22044604925E-16));
#3238 = ADVANCED_FACE('',(#3239),#3250,.T.);
#3239 = FACE_BOUND('',#3240,.T.);
#3240 = EDGE_LOOP('',(#3241,#3242,#3243,#3249));
#3241 = ORIENTED_EDGE('',*,*,#3228,.T.);
#3242 = ORIENTED_EDGE('',*,*,#1587,.T.);
#3243 = ORIENTED_EDGE('',*,*,#3244,.F.);
#3244 = EDGE_CURVE('',#1542,#1579,#3245,.T.);
#3245 = LINE('',#3246,#3247);
#3246 = CARTESIAN_POINT('',(72.499999999993,-18.9,9.600000000002));
#3247 = VECTOR('',#3248,1.);
#3248 = DIRECTION('',(-1.,-0.,-0.));
#3249 = ORIENTED_EDGE('',*,*,#1541,.F.);
#3250 = CYLINDRICAL_SURFACE('',#3251,3.);
#3251 = AXIS2_PLACEMENT_3D('',#3252,#3253,#3254);
#3252 = CARTESIAN_POINT('',(72.499999999993,-21.9,9.600000000002));
#3253 = DIRECTION('',(-1.,-0.,-0.));
#3254 = DIRECTION('',(0.,-2.22044604925E-16,-1.));
#3255 = ADVANCED_FACE('',(#3256),#3260,.F.);
#3256 = FACE_BOUND('',#3257,.T.);
#3257 = EDGE_LOOP('',(#3258,#3259));
#3258 = ORIENTED_EDGE('',*,*,#1578,.T.);
#3259 = ORIENTED_EDGE('',*,*,#3244,.T.);
#3260 = PLANE('',#3261);
#3261 = AXIS2_PLACEMENT_3D('',#3262,#3263,#3264);
#3262 = CARTESIAN_POINT('',(63.7,-18.9,7.977900343175));
#3263 = DIRECTION('',(0.,-1.,2.22044604925E-16));
#3264 = DIRECTION('',(1.,0.,0.));
#3265 = ADVANCED_FACE('',(#3266),#3302,.F.);
#3266 = FACE_BOUND('',#3267,.T.);
#3267 = EDGE_LOOP('',(#3268,#3277,#3283,#3284,#3292,#3299,#3300,#3301));
#3268 = ORIENTED_EDGE('',*,*,#3269,.F.);
#3269 = EDGE_CURVE('',#3270,#2926,#3272,.T.);
#3270 = VERTEX_POINT('',#3271);
#3271 = CARTESIAN_POINT('',(-54.03280326501,-59.,-5.327777777778));
#3272 = CIRCLE('',#3273,9.75);
#3273 = AXIS2_PLACEMENT_3D('',#3274,#3275,#3276);
#3274 = CARTESIAN_POINT('',(-63.,-59.,-1.5));
#3275 = DIRECTION('',(0.,-1.,0.));
#3276 = DIRECTION('',(1.,0.,0.));
#3277 = ORIENTED_EDGE('',*,*,#3278,.T.);
#3278 = EDGE_CURVE('',#3270,#1818,#3279,.T.);
#3279 = LINE('',#3280,#3281);
#3280 = CARTESIAN_POINT('',(-54.03280326501,-59.,-5.327777777778));
#3281 = VECTOR('',#3282,1.);
#3282 = DIRECTION('',(0.,-1.,2.2E-16));
#3283 = ORIENTED_EDGE('',*,*,#1815,.F.);
#3284 = ORIENTED_EDGE('',*,*,#3285,.F.);
#3285 = EDGE_CURVE('',#3286,#1816,#3288,.T.);
#3286 = VERTEX_POINT('',#3287);
#3287 = CARTESIAN_POINT('',(-71.96719673498,-59.,-5.327777777778));
#3288 = LINE('',#3289,#3290);
#3289 = CARTESIAN_POINT('',(-71.96719673498,-73.,-5.327777777779));
#3290 = VECTOR('',#3291,1.);
#3291 = DIRECTION('',(0.,-1.,2.22044604925E-16));
#3292 = ORIENTED_EDGE('',*,*,#3293,.F.);
#3293 = EDGE_CURVE('',#2977,#3286,#3294,.T.);
#3294 = CIRCLE('',#3295,9.75);
#3295 = AXIS2_PLACEMENT_3D('',#3296,#3297,#3298);
#3296 = CARTESIAN_POINT('',(-63.,-59.,-1.5));
#3297 = DIRECTION('',(0.,-1.,0.));
#3298 = DIRECTION('',(1.,0.,0.));
#3299 = ORIENTED_EDGE('',*,*,#2976,.F.);
#3300 = ORIENTED_EDGE('',*,*,#2958,.T.);
#3301 = ORIENTED_EDGE('',*,*,#2933,.F.);
#3302 = CYLINDRICAL_SURFACE('',#3303,9.75);
#3303 = AXIS2_PLACEMENT_3D('',#3304,#3305,#3306);
#3304 = CARTESIAN_POINT('',(-63.,-73.,-1.5));
#3305 = DIRECTION('',(0.,1.,0.));
#3306 = DIRECTION('',(1.,0.,0.));
#3307 = ADVANCED_FACE('',(#3308),#3327,.F.);
#3308 = FACE_BOUND('',#3309,.F.);
#3309 = EDGE_LOOP('',(#3310,#3311,#3312,#3320));
#3310 = ORIENTED_EDGE('',*,*,#3278,.T.);
#3311 = ORIENTED_EDGE('',*,*,#1826,.T.);
#3312 = ORIENTED_EDGE('',*,*,#3313,.F.);
#3313 = EDGE_CURVE('',#3314,#1827,#3316,.T.);
#3314 = VERTEX_POINT('',#3315);
#3315 = CARTESIAN_POINT('',(-56.79194072193,-59.,-7.15));
#3316 = LINE('',#3317,#3318);
#3317 = CARTESIAN_POINT('',(-56.79194072193,-73.,-7.15));
#3318 = VECTOR('',#3319,1.);
#3319 = DIRECTION('',(0.,-1.,2.22044604925E-16));
#3320 = ORIENTED_EDGE('',*,*,#3321,.F.);
#3321 = EDGE_CURVE('',#3270,#3314,#3322,.T.);
#3322 = CIRCLE('',#3323,3.);
#3323 = AXIS2_PLACEMENT_3D('',#3324,#3325,#3326);
#3324 = CARTESIAN_POINT('',(-56.79194072193,-59.,-4.15));
#3325 = DIRECTION('',(0.,1.,-2.2E-16));
#3326 = DIRECTION('',(0.,-2.2E-16,-1.));
#3327 = CYLINDRICAL_SURFACE('',#3328,3.);
#3328 = AXIS2_PLACEMENT_3D('',#3329,#3330,#3331);
#3329 = CARTESIAN_POINT('',(-56.79194072193,-73.,-4.15));
#3330 = DIRECTION('',(0.,1.,-2.2E-16));
#3331 = DIRECTION('',(0.,-2.2E-16,-1.));
#3332 = ADVANCED_FACE('',(#3333),#3351,.T.);
#3333 = FACE_BOUND('',#3334,.T.);
#3334 = EDGE_LOOP('',(#3335,#3336,#3344,#3350));
#3335 = ORIENTED_EDGE('',*,*,#3313,.F.);
#3336 = ORIENTED_EDGE('',*,*,#3337,.F.);
#3337 = EDGE_CURVE('',#3338,#3314,#3340,.T.);
#3338 = VERTEX_POINT('',#3339);
#3339 = CARTESIAN_POINT('',(-69.20805927806,-59.,-7.15));
#3340 = LINE('',#3341,#3342);
#3341 = CARTESIAN_POINT('',(-70.94606821012,-59.,-7.15));
#3342 = VECTOR('',#3343,1.);
#3343 = DIRECTION('',(1.,0.,0.));
#3344 = ORIENTED_EDGE('',*,*,#3345,.T.);
#3345 = EDGE_CURVE('',#3338,#1836,#3346,.T.);
#3346 = LINE('',#3347,#3348);
#3347 = CARTESIAN_POINT('',(-69.20805927806,-59.,-7.15));
#3348 = VECTOR('',#3349,1.);
#3349 = DIRECTION('',(0.,-1.,2.2E-16));
#3350 = ORIENTED_EDGE('',*,*,#1835,.T.);
#3351 = PLANE('',#3352);
#3352 = AXIS2_PLACEMENT_3D('',#3353,#3354,#3355);
#3353 = CARTESIAN_POINT('',(-62.99999999999,-66.25,-7.15));
#3354 = DIRECTION('',(0.,0.,1.));
#3355 = DIRECTION('',(1.,0.,0.));
#3356 = ADVANCED_FACE('',(#3357),#3369,.F.);
#3357 = FACE_BOUND('',#3358,.T.);
#3358 = EDGE_LOOP('',(#3359,#3360,#3361,#3362));
#3359 = ORIENTED_EDGE('',*,*,#3285,.T.);
#3360 = ORIENTED_EDGE('',*,*,#1843,.F.);
#3361 = ORIENTED_EDGE('',*,*,#3345,.F.);
#3362 = ORIENTED_EDGE('',*,*,#3363,.F.);
#3363 = EDGE_CURVE('',#3286,#3338,#3364,.T.);
#3364 = CIRCLE('',#3365,3.);
#3365 = AXIS2_PLACEMENT_3D('',#3366,#3367,#3368);
#3366 = CARTESIAN_POINT('',(-69.20805927806,-59.,-4.15));
#3367 = DIRECTION('',(0.,-1.,2.2E-16));
#3368 = DIRECTION('',(0.,-2.2E-16,-1.));
#3369 = CYLINDRICAL_SURFACE('',#3370,3.);
#3370 = AXIS2_PLACEMENT_3D('',#3371,#3372,#3373);
#3371 = CARTESIAN_POINT('',(-69.20805927806,-73.,-4.15));
#3372 = DIRECTION('',(0.,1.,-2.2E-16));
#3373 = DIRECTION('',(0.,-2.2E-16,-1.));
#3374 = ADVANCED_FACE('',(#3375),#3411,.F.);
#3375 = FACE_BOUND('',#3376,.T.);
#3376 = EDGE_LOOP('',(#3377,#3386,#3392,#3393,#3401,#3408,#3409,#3410));
#3377 = ORIENTED_EDGE('',*,*,#3378,.F.);
#3378 = EDGE_CURVE('',#3379,#2824,#3381,.T.);
#3379 = VERTEX_POINT('',#3380);
#3380 = CARTESIAN_POINT('',(-26.03280326501,-59.,-5.327777777778));
#3381 = CIRCLE('',#3382,9.75);
#3382 = AXIS2_PLACEMENT_3D('',#3383,#3384,#3385);
#3383 = CARTESIAN_POINT('',(-35.,-59.,-1.5));
#3384 = DIRECTION('',(0.,-1.,0.));
#3385 = DIRECTION('',(1.,0.,0.));
#3386 = ORIENTED_EDGE('',*,*,#3387,.T.);
#3387 = EDGE_CURVE('',#3379,#1855,#3388,.T.);
#3388 = LINE('',#3389,#3390);
#3389 = CARTESIAN_POINT('',(-26.03280326501,-59.,-5.327777777778));
#3390 = VECTOR('',#3391,1.);
#3391 = DIRECTION('',(0.,-1.,2.2E-16));
#3392 = ORIENTED_EDGE('',*,*,#1852,.F.);
#3393 = ORIENTED_EDGE('',*,*,#3394,.F.);
#3394 = EDGE_CURVE('',#3395,#1853,#3397,.T.);
#3395 = VERTEX_POINT('',#3396);
#3396 = CARTESIAN_POINT('',(-43.96719673498,-59.,-5.327777777778));
#3397 = LINE('',#3398,#3399);
#3398 = CARTESIAN_POINT('',(-43.96719673498,-73.,-5.327777777779));
#3399 = VECTOR('',#3400,1.);
#3400 = DIRECTION('',(0.,-1.,2.22044604925E-16));
#3401 = ORIENTED_EDGE('',*,*,#3402,.F.);
#3402 = EDGE_CURVE('',#2875,#3395,#3403,.T.);
#3403 = CIRCLE('',#3404,9.75);
#3404 = AXIS2_PLACEMENT_3D('',#3405,#3406,#3407);
#3405 = CARTESIAN_POINT('',(-35.,-59.,-1.5));
#3406 = DIRECTION('',(0.,-1.,0.));
#3407 = DIRECTION('',(1.,0.,0.));
#3408 = ORIENTED_EDGE('',*,*,#2874,.F.);
#3409 = ORIENTED_EDGE('',*,*,#2856,.T.);
#3410 = ORIENTED_EDGE('',*,*,#2831,.F.);
#3411 = CYLINDRICAL_SURFACE('',#3412,9.75);
#3412 = AXIS2_PLACEMENT_3D('',#3413,#3414,#3415);
#3413 = CARTESIAN_POINT('',(-35.,-73.,-1.5));
#3414 = DIRECTION('',(0.,1.,0.));
#3415 = DIRECTION('',(1.,0.,0.));
#3416 = ADVANCED_FACE('',(#3417),#3436,.F.);
#3417 = FACE_BOUND('',#3418,.F.);
#3418 = EDGE_LOOP('',(#3419,#3420,#3421,#3429));
#3419 = ORIENTED_EDGE('',*,*,#3387,.T.);
#3420 = ORIENTED_EDGE('',*,*,#1863,.T.);
#3421 = ORIENTED_EDGE('',*,*,#3422,.F.);
#3422 = EDGE_CURVE('',#3423,#1864,#3425,.T.);
#3423 = VERTEX_POINT('',#3424);
#3424 = CARTESIAN_POINT('',(-28.79194072193,-59.,-7.15));
#3425 = LINE('',#3426,#3427);
#3426 = CARTESIAN_POINT('',(-28.79194072193,-73.,-7.15));
#3427 = VECTOR('',#3428,1.);
#3428 = DIRECTION('',(0.,-1.,2.22044604925E-16));
#3429 = ORIENTED_EDGE('',*,*,#3430,.F.);
#3430 = EDGE_CURVE('',#3379,#3423,#3431,.T.);
#3431 = CIRCLE('',#3432,3.);
#3432 = AXIS2_PLACEMENT_3D('',#3433,#3434,#3435);
#3433 = CARTESIAN_POINT('',(-28.79194072193,-59.,-4.15));
#3434 = DIRECTION('',(0.,1.,-2.2E-16));
#3435 = DIRECTION('',(0.,-2.2E-16,-1.));
#3436 = CYLINDRICAL_SURFACE('',#3437,3.);
#3437 = AXIS2_PLACEMENT_3D('',#3438,#3439,#3440);
#3438 = CARTESIAN_POINT('',(-28.79194072193,-73.,-4.15));
#3439 = DIRECTION('',(0.,1.,-2.2E-16));
#3440 = DIRECTION('',(0.,-2.2E-16,-1.));
#3441 = ADVANCED_FACE('',(#3442),#3460,.T.);
#3442 = FACE_BOUND('',#3443,.T.);
#3443 = EDGE_LOOP('',(#3444,#3445,#3453,#3459));
#3444 = ORIENTED_EDGE('',*,*,#3422,.F.);
#3445 = ORIENTED_EDGE('',*,*,#3446,.F.);
#3446 = EDGE_CURVE('',#3447,#3423,#3449,.T.);
#3447 = VERTEX_POINT('',#3448);
#3448 = CARTESIAN_POINT('',(-41.20805927806,-59.,-7.15));
#3449 = LINE('',#3450,#3451);
#3450 = CARTESIAN_POINT('',(-42.94606821012,-59.,-7.15));
#3451 = VECTOR('',#3452,1.);
#3452 = DIRECTION('',(1.,0.,0.));
#3453 = ORIENTED_EDGE('',*,*,#3454,.T.);
#3454 = EDGE_CURVE('',#3447,#1873,#3455,.T.);
#3455 = LINE('',#3456,#3457);
#3456 = CARTESIAN_POINT('',(-41.20805927806,-59.,-7.15));
#3457 = VECTOR('',#3458,1.);
#3458 = DIRECTION('',(0.,-1.,2.2E-16));
#3459 = ORIENTED_EDGE('',*,*,#1872,.T.);
#3460 = PLANE('',#3461);
#3461 = AXIS2_PLACEMENT_3D('',#3462,#3463,#3464);
#3462 = CARTESIAN_POINT('',(-34.99999999999,-66.25,-7.15));
#3463 = DIRECTION('',(0.,0.,1.));
#3464 = DIRECTION('',(1.,0.,0.));
#3465 = ADVANCED_FACE('',(#3466),#3478,.F.);
#3466 = FACE_BOUND('',#3467,.T.);
#3467 = EDGE_LOOP('',(#3468,#3469,#3470,#3471));
#3468 = ORIENTED_EDGE('',*,*,#3394,.T.);
#3469 = ORIENTED_EDGE('',*,*,#1880,.F.);
#3470 = ORIENTED_EDGE('',*,*,#3454,.F.);
#3471 = ORIENTED_EDGE('',*,*,#3472,.F.);
#3472 = EDGE_CURVE('',#3395,#3447,#3473,.T.);
#3473 = CIRCLE('',#3474,3.);
#3474 = AXIS2_PLACEMENT_3D('',#3475,#3476,#3477);
#3475 = CARTESIAN_POINT('',(-41.20805927806,-59.,-4.15));
#3476 = DIRECTION('',(0.,-1.,2.2E-16));
#3477 = DIRECTION('',(0.,-2.2E-16,-1.));
#3478 = CYLINDRICAL_SURFACE('',#3479,3.);
#3479 = AXIS2_PLACEMENT_3D('',#3480,#3481,#3482);
#3480 = CARTESIAN_POINT('',(-41.20805927806,-73.,-4.15));
#3481 = DIRECTION('',(0.,1.,-2.2E-16));
#3482 = DIRECTION('',(0.,-2.2E-16,-1.));
#3483 = ADVANCED_FACE('',(#3484),#3509,.T.);
#3484 = FACE_BOUND('',#3485,.T.);
#3485 = EDGE_LOOP('',(#3486,#3487,#3495,#3503));
#3486 = ORIENTED_EDGE('',*,*,#1889,.F.);
#3487 = ORIENTED_EDGE('',*,*,#3488,.F.);
#3488 = EDGE_CURVE('',#3489,#1890,#3491,.T.);
#3489 = VERTEX_POINT('',#3490);
#3490 = CARTESIAN_POINT('',(41.208059278067,-59.,-7.15));
#3491 = LINE('',#3492,#3493);
#3492 = CARTESIAN_POINT('',(41.208059278067,-73.,-7.15));
#3493 = VECTOR('',#3494,1.);
#3494 = DIRECTION('',(0.,-1.,2.22044604925E-16));
#3495 = ORIENTED_EDGE('',*,*,#3496,.T.);
#3496 = EDGE_CURVE('',#3489,#3497,#3499,.T.);
#3497 = VERTEX_POINT('',#3498);
#3498 = CARTESIAN_POINT('',(28.791940721933,-59.,-7.15));
#3499 = LINE('',#3500,#3501);
#3500 = CARTESIAN_POINT('',(42.946068210128,-59.,-7.15));
#3501 = VECTOR('',#3502,1.);
#3502 = DIRECTION('',(-1.,0.,0.));
#3503 = ORIENTED_EDGE('',*,*,#3504,.T.);
#3504 = EDGE_CURVE('',#3497,#1892,#3505,.T.);
#3505 = LINE('',#3506,#3507);
#3506 = CARTESIAN_POINT('',(28.791940721933,-59.,-7.15));
#3507 = VECTOR('',#3508,1.);
#3508 = DIRECTION('',(0.,-1.,2.2E-16));
#3509 = PLANE('',#3510);
#3510 = AXIS2_PLACEMENT_3D('',#3511,#3512,#3513);
#3511 = CARTESIAN_POINT('',(35.,-66.25,-7.15));
#3512 = DIRECTION('',(0.,0.,1.));
#3513 = DIRECTION('',(1.,0.,0.));
#3514 = ADVANCED_FACE('',(#3515),#3534,.F.);
#3515 = FACE_BOUND('',#3516,.T.);
#3516 = EDGE_LOOP('',(#3517,#3525,#3526,#3527));
#3517 = ORIENTED_EDGE('',*,*,#3518,.T.);
#3518 = EDGE_CURVE('',#3519,#1900,#3521,.T.);
#3519 = VERTEX_POINT('',#3520);
#3520 = CARTESIAN_POINT('',(26.032803265014,-59.,-5.327777777778));
#3521 = LINE('',#3522,#3523);
#3522 = CARTESIAN_POINT('',(26.032803265014,-73.,-5.327777777778));
#3523 = VECTOR('',#3524,1.);
#3524 = DIRECTION('',(0.,-1.,2.22044604925E-16));
#3525 = ORIENTED_EDGE('',*,*,#1899,.F.);
#3526 = ORIENTED_EDGE('',*,*,#3504,.F.);
#3527 = ORIENTED_EDGE('',*,*,#3528,.F.);
#3528 = EDGE_CURVE('',#3519,#3497,#3529,.T.);
#3529 = CIRCLE('',#3530,3.);
#3530 = AXIS2_PLACEMENT_3D('',#3531,#3532,#3533);
#3531 = CARTESIAN_POINT('',(28.791940721933,-59.,-4.15));
#3532 = DIRECTION('',(0.,-1.,2.2E-16));
#3533 = DIRECTION('',(-0.,-2.2E-16,-1.));
#3534 = CYLINDRICAL_SURFACE('',#3535,3.);
#3535 = AXIS2_PLACEMENT_3D('',#3536,#3537,#3538);
#3536 = CARTESIAN_POINT('',(28.791940721933,-73.,-4.15));
#3537 = DIRECTION('',(0.,1.,-2.2E-16));
#3538 = DIRECTION('',(-0.,-2.2E-16,-1.));
#3539 = ADVANCED_FACE('',(#3540),#3569,.F.);
#3540 = FACE_BOUND('',#3541,.F.);
#3541 = EDGE_LOOP('',(#3542,#3549,#3550,#3551,#3559,#3566,#3567,#3568));
#3542 = ORIENTED_EDGE('',*,*,#3543,.F.);
#3543 = EDGE_CURVE('',#3519,#2468,#3544,.T.);
#3544 = CIRCLE('',#3545,9.75);
#3545 = AXIS2_PLACEMENT_3D('',#3546,#3547,#3548);
#3546 = CARTESIAN_POINT('',(35.,-59.,-1.5));
#3547 = DIRECTION('',(0.,1.,-0.));
#3548 = DIRECTION('',(-1.,0.,0.));
#3549 = ORIENTED_EDGE('',*,*,#3518,.T.);
#3550 = ORIENTED_EDGE('',*,*,#1908,.T.);
#3551 = ORIENTED_EDGE('',*,*,#3552,.F.);
#3552 = EDGE_CURVE('',#3553,#1909,#3555,.T.);
#3553 = VERTEX_POINT('',#3554);
#3554 = CARTESIAN_POINT('',(43.967196734986,-59.,-5.327777777778));
#3555 = LINE('',#3556,#3557);
#3556 = CARTESIAN_POINT('',(43.967196734986,-73.,-5.327777777778));
#3557 = VECTOR('',#3558,1.);
#3558 = DIRECTION('',(0.,-1.,2.22044604925E-16));
#3559 = ORIENTED_EDGE('',*,*,#3560,.F.);
#3560 = EDGE_CURVE('',#2410,#3553,#3561,.T.);
#3561 = CIRCLE('',#3562,9.75);
#3562 = AXIS2_PLACEMENT_3D('',#3563,#3564,#3565);
#3563 = CARTESIAN_POINT('',(35.,-59.,-1.5));
#3564 = DIRECTION('',(0.,1.,-0.));
#3565 = DIRECTION('',(-1.,0.,0.));
#3566 = ORIENTED_EDGE('',*,*,#2417,.F.);
#3567 = ORIENTED_EDGE('',*,*,#2441,.T.);
#3568 = ORIENTED_EDGE('',*,*,#2467,.F.);
#3569 = CYLINDRICAL_SURFACE('',#3570,9.75);
#3570 = AXIS2_PLACEMENT_3D('',#3571,#3572,#3573);
#3571 = CARTESIAN_POINT('',(35.,-73.,-1.5));
#3572 = DIRECTION('',(0.,1.,0.));
#3573 = DIRECTION('',(-1.,0.,0.));
#3574 = ADVANCED_FACE('',(#3575),#3587,.F.);
#3575 = FACE_BOUND('',#3576,.F.);
#3576 = EDGE_LOOP('',(#3577,#3578,#3579,#3580));
#3577 = ORIENTED_EDGE('',*,*,#3552,.T.);
#3578 = ORIENTED_EDGE('',*,*,#1917,.T.);
#3579 = ORIENTED_EDGE('',*,*,#3488,.F.);
#3580 = ORIENTED_EDGE('',*,*,#3581,.F.);
#3581 = EDGE_CURVE('',#3553,#3489,#3582,.T.);
#3582 = CIRCLE('',#3583,3.);
#3583 = AXIS2_PLACEMENT_3D('',#3584,#3585,#3586);
#3584 = CARTESIAN_POINT('',(41.208059278067,-59.,-4.15));
#3585 = DIRECTION('',(0.,1.,-2.2E-16));
#3586 = DIRECTION('',(0.,-2.2E-16,-1.));
#3587 = CYLINDRICAL_SURFACE('',#3588,3.);
#3588 = AXIS2_PLACEMENT_3D('',#3589,#3590,#3591);
#3589 = CARTESIAN_POINT('',(41.208059278067,-73.,-4.15));
#3590 = DIRECTION('',(0.,1.,-2.2E-16));
#3591 = DIRECTION('',(0.,-2.2E-16,-1.));
#3592 = ADVANCED_FACE('',(#3593),#3618,.T.);
#3593 = FACE_BOUND('',#3594,.T.);
#3594 = EDGE_LOOP('',(#3595,#3596,#3604,#3612));
#3595 = ORIENTED_EDGE('',*,*,#1926,.F.);
#3596 = ORIENTED_EDGE('',*,*,#3597,.F.);
#3597 = EDGE_CURVE('',#3598,#1927,#3600,.T.);
#3598 = VERTEX_POINT('',#3599);
#3599 = CARTESIAN_POINT('',(69.208059278067,-59.,-7.15));
#3600 = LINE('',#3601,#3602);
#3601 = CARTESIAN_POINT('',(69.208059278067,-73.,-7.15));
#3602 = VECTOR('',#3603,1.);
#3603 = DIRECTION('',(0.,-1.,2.22044604925E-16));
#3604 = ORIENTED_EDGE('',*,*,#3605,.T.);
#3605 = EDGE_CURVE('',#3598,#3606,#3608,.T.);
#3606 = VERTEX_POINT('',#3607);
#3607 = CARTESIAN_POINT('',(56.791940721933,-59.,-7.15));
#3608 = LINE('',#3609,#3610);
#3609 = CARTESIAN_POINT('',(70.946068210128,-59.,-7.15));
#3610 = VECTOR('',#3611,1.);
#3611 = DIRECTION('',(-1.,0.,0.));
#3612 = ORIENTED_EDGE('',*,*,#3613,.T.);
#3613 = EDGE_CURVE('',#3606,#1929,#3614,.T.);
#3614 = LINE('',#3615,#3616);
#3615 = CARTESIAN_POINT('',(56.791940721933,-59.,-7.15));
#3616 = VECTOR('',#3617,1.);
#3617 = DIRECTION('',(0.,-1.,2.2E-16));
#3618 = PLANE('',#3619);
#3619 = AXIS2_PLACEMENT_3D('',#3620,#3621,#3622);
#3620 = CARTESIAN_POINT('',(63.,-66.25,-7.15));
#3621 = DIRECTION('',(0.,0.,1.));
#3622 = DIRECTION('',(1.,0.,0.));
#3623 = ADVANCED_FACE('',(#3624),#3643,.F.);
#3624 = FACE_BOUND('',#3625,.T.);
#3625 = EDGE_LOOP('',(#3626,#3634,#3635,#3636));
#3626 = ORIENTED_EDGE('',*,*,#3627,.T.);
#3627 = EDGE_CURVE('',#3628,#1937,#3630,.T.);
#3628 = VERTEX_POINT('',#3629);
#3629 = CARTESIAN_POINT('',(54.032803265014,-59.,-5.327777777778));
#3630 = LINE('',#3631,#3632);
#3631 = CARTESIAN_POINT('',(54.032803265014,-73.,-5.327777777778));
#3632 = VECTOR('',#3633,1.);
#3633 = DIRECTION('',(0.,-1.,2.22044604925E-16));
#3634 = ORIENTED_EDGE('',*,*,#1936,.F.);
#3635 = ORIENTED_EDGE('',*,*,#3613,.F.);
#3636 = ORIENTED_EDGE('',*,*,#3637,.F.);
#3637 = EDGE_CURVE('',#3628,#3606,#3638,.T.);
#3638 = CIRCLE('',#3639,3.);
#3639 = AXIS2_PLACEMENT_3D('',#3640,#3641,#3642);
#3640 = CARTESIAN_POINT('',(56.791940721933,-59.,-4.15));
#3641 = DIRECTION('',(0.,-1.,2.2E-16));
#3642 = DIRECTION('',(-0.,-2.2E-16,-1.));
#3643 = CYLINDRICAL_SURFACE('',#3644,3.);
#3644 = AXIS2_PLACEMENT_3D('',#3645,#3646,#3647);
#3645 = CARTESIAN_POINT('',(56.791940721933,-73.,-4.15));
#3646 = DIRECTION('',(0.,1.,-2.2E-16));
#3647 = DIRECTION('',(-0.,-2.2E-16,-1.));
#3648 = ADVANCED_FACE('',(#3649),#3678,.F.);
#3649 = FACE_BOUND('',#3650,.F.);
#3650 = EDGE_LOOP('',(#3651,#3658,#3659,#3660,#3668,#3675,#3676,#3677));
#3651 = ORIENTED_EDGE('',*,*,#3652,.F.);
#3652 = EDGE_CURVE('',#3628,#2366,#3653,.T.);
#3653 = CIRCLE('',#3654,9.75);
#3654 = AXIS2_PLACEMENT_3D('',#3655,#3656,#3657);
#3655 = CARTESIAN_POINT('',(63.,-59.,-1.5));
#3656 = DIRECTION('',(0.,1.,-0.));
#3657 = DIRECTION('',(-1.,0.,0.));
#3658 = ORIENTED_EDGE('',*,*,#3627,.T.);
#3659 = ORIENTED_EDGE('',*,*,#1945,.T.);
#3660 = ORIENTED_EDGE('',*,*,#3661,.F.);
#3661 = EDGE_CURVE('',#3662,#1946,#3664,.T.);
#3662 = VERTEX_POINT('',#3663);
#3663 = CARTESIAN_POINT('',(71.967196734986,-59.,-5.327777777778));
#3664 = LINE('',#3665,#3666);
#3665 = CARTESIAN_POINT('',(71.967196734986,-73.,-5.327777777778));
#3666 = VECTOR('',#3667,1.);
#3667 = DIRECTION('',(0.,-1.,2.22044604925E-16));
#3668 = ORIENTED_EDGE('',*,*,#3669,.F.);
#3669 = EDGE_CURVE('',#2308,#3662,#3670,.T.);
#3670 = CIRCLE('',#3671,9.75);
#3671 = AXIS2_PLACEMENT_3D('',#3672,#3673,#3674);
#3672 = CARTESIAN_POINT('',(63.,-59.,-1.5));
#3673 = DIRECTION('',(0.,1.,-0.));
#3674 = DIRECTION('',(-1.,0.,0.));
#3675 = ORIENTED_EDGE('',*,*,#2315,.F.);
#3676 = ORIENTED_EDGE('',*,*,#2339,.T.);
#3677 = ORIENTED_EDGE('',*,*,#2365,.F.);
#3678 = CYLINDRICAL_SURFACE('',#3679,9.75);
#3679 = AXIS2_PLACEMENT_3D('',#3680,#3681,#3682);
#3680 = CARTESIAN_POINT('',(63.,-73.,-1.5));
#3681 = DIRECTION('',(0.,1.,0.));
#3682 = DIRECTION('',(-1.,0.,0.));
#3683 = ADVANCED_FACE('',(#3684),#3696,.F.);
#3684 = FACE_BOUND('',#3685,.F.);
#3685 = EDGE_LOOP('',(#3686,#3687,#3688,#3689));
#3686 = ORIENTED_EDGE('',*,*,#3661,.T.);
#3687 = ORIENTED_EDGE('',*,*,#1954,.T.);
#3688 = ORIENTED_EDGE('',*,*,#3597,.F.);
#3689 = ORIENTED_EDGE('',*,*,#3690,.F.);
#3690 = EDGE_CURVE('',#3662,#3598,#3691,.T.);
#3691 = CIRCLE('',#3692,3.);
#3692 = AXIS2_PLACEMENT_3D('',#3693,#3694,#3695);
#3693 = CARTESIAN_POINT('',(69.208059278067,-59.,-4.15));
#3694 = DIRECTION('',(0.,1.,-2.2E-16));
#3695 = DIRECTION('',(0.,-2.2E-16,-1.));
#3696 = CYLINDRICAL_SURFACE('',#3697,3.);
#3697 = AXIS2_PLACEMENT_3D('',#3698,#3699,#3700);
#3698 = CARTESIAN_POINT('',(69.208059278067,-73.,-4.15));
#3699 = DIRECTION('',(0.,1.,-2.2E-16));
#3700 = DIRECTION('',(0.,-2.2E-16,-1.));
#3701 = ADVANCED_FACE('',(#3702),#3720,.T.);
#3702 = FACE_BOUND('',#3703,.T.);
#3703 = EDGE_LOOP('',(#3704,#3705,#3711,#3712,#3718,#3719));
#3704 = ORIENTED_EDGE('',*,*,#1969,.F.);
#3705 = ORIENTED_EDGE('',*,*,#3706,.T.);
#3706 = EDGE_CURVE('',#1970,#2132,#3707,.T.);
#3707 = LINE('',#3708,#3709);
#3708 = CARTESIAN_POINT('',(25.,-28.,-13.5));
#3709 = VECTOR('',#3710,1.);
#3710 = DIRECTION('',(0.,-1.,2.22044604925E-16));
#3711 = ORIENTED_EDGE('',*,*,#2131,.F.);
#3712 = ORIENTED_EDGE('',*,*,#3713,.F.);
#3713 = EDGE_CURVE('',#2065,#2123,#3714,.T.);
#3714 = LINE('',#3715,#3716);
#3715 = CARTESIAN_POINT('',(73.8,-27.,-13.5));
#3716 = VECTOR('',#3717,1.);
#3717 = DIRECTION('',(0.,-1.,0.));
#3718 = ORIENTED_EDGE('',*,*,#2064,.F.);
#3719 = ORIENTED_EDGE('',*,*,#2030,.F.);
#3720 = PLANE('',#3721);
#3721 = AXIS2_PLACEMENT_3D('',#3722,#3723,#3724);
#3722 = CARTESIAN_POINT('',(2.070798501304E-15,-42.5,-13.5));
#3723 = DIRECTION('',(0.,0.,1.));
#3724 = DIRECTION('',(1.,0.,0.));
#3725 = ADVANCED_FACE('',(#3726),#3737,.F.);
#3726 = FACE_BOUND('',#3727,.T.);
#3727 = EDGE_LOOP('',(#3728,#3729,#3735,#3736));
#3728 = ORIENTED_EDGE('',*,*,#2005,.T.);
#3729 = ORIENTED_EDGE('',*,*,#3730,.T.);
#3730 = EDGE_CURVE('',#1998,#2140,#3731,.T.);
#3731 = LINE('',#3732,#3733);
#3732 = CARTESIAN_POINT('',(22.,-28.,-10.5));
#3733 = VECTOR('',#3734,1.);
#3734 = DIRECTION('',(0.,-1.,2.22044604925E-16));
#3735 = ORIENTED_EDGE('',*,*,#2139,.F.);
#3736 = ORIENTED_EDGE('',*,*,#3706,.F.);
#3737 = CYLINDRICAL_SURFACE('',#3738,3.);
#3738 = AXIS2_PLACEMENT_3D('',#3739,#3740,#3741);
#3739 = CARTESIAN_POINT('',(25.,-28.,-10.5));
#3740 = DIRECTION('',(0.,-1.,2.22044604925E-16));
#3741 = DIRECTION('',(-0.,-2.22044604925E-16,-1.));
#3742 = ADVANCED_FACE('',(#3743),#3749,.T.);
#3743 = FACE_BOUND('',#3744,.T.);
#3744 = EDGE_LOOP('',(#3745,#3746,#3747,#3748));
#3745 = ORIENTED_EDGE('',*,*,#1997,.F.);
#3746 = ORIENTED_EDGE('',*,*,#2788,.T.);
#3747 = ORIENTED_EDGE('',*,*,#2148,.F.);
#3748 = ORIENTED_EDGE('',*,*,#3730,.F.);
#3749 = PLANE('',#3750);
#3750 = AXIS2_PLACEMENT_3D('',#3751,#3752,#3753);
#3751 = CARTESIAN_POINT('',(22.,-42.75,-6.));
#3752 = DIRECTION('',(1.,0.,0.));
#3753 = DIRECTION('',(0.,0.,1.));
#3754 = ADVANCED_FACE('',(#3755),#3761,.F.);
#3755 = FACE_BOUND('',#3756,.T.);
#3756 = EDGE_LOOP('',(#3757,#3758,#3759,#3760));
#3757 = ORIENTED_EDGE('',*,*,#2072,.T.);
#3758 = ORIENTED_EDGE('',*,*,#3713,.T.);
#3759 = ORIENTED_EDGE('',*,*,#2122,.F.);
#3760 = ORIENTED_EDGE('',*,*,#2105,.F.);
#3761 = CYLINDRICAL_SURFACE('',#3762,3.);
#3762 = AXIS2_PLACEMENT_3D('',#3763,#3764,#3765);
#3763 = CARTESIAN_POINT('',(73.8,-27.,-10.5));
#3764 = DIRECTION('',(0.,-1.,0.));
#3765 = DIRECTION('',(1.,0.,0.));
#3766 = ADVANCED_FACE('',(#3767),#3786,.F.);
#3767 = FACE_BOUND('',#3768,.F.);
#3768 = EDGE_LOOP('',(#3769,#3778,#3784,#3785));
#3769 = ORIENTED_EDGE('',*,*,#3770,.F.);
#3770 = EDGE_CURVE('',#3771,#2299,#3773,.T.);
#3771 = VERTEX_POINT('',#3772);
#3772 = CARTESIAN_POINT('',(72.359081151481,-59.,-6.26));
#3773 = CIRCLE('',#3774,10.5);
#3774 = AXIS2_PLACEMENT_3D('',#3775,#3776,#3777);
#3775 = CARTESIAN_POINT('',(63.,-59.,-1.5));
#3776 = DIRECTION('',(0.,-1.,0.));
#3777 = DIRECTION('',(1.,0.,0.));
#3778 = ORIENTED_EDGE('',*,*,#3779,.T.);
#3779 = EDGE_CURVE('',#3771,#2265,#3780,.T.);
#3780 = LINE('',#3781,#3782);
#3781 = CARTESIAN_POINT('',(72.359081151481,-59.,-6.26));
#3782 = VECTOR('',#3783,1.);
#3783 = DIRECTION('',(0.,1.,-2.2E-16));
#3784 = ORIENTED_EDGE('',*,*,#2273,.T.);
#3785 = ORIENTED_EDGE('',*,*,#2298,.F.);
#3786 = CYLINDRICAL_SURFACE('',#3787,10.5);
#3787 = AXIS2_PLACEMENT_3D('',#3788,#3789,#3790);
#3788 = CARTESIAN_POINT('',(63.,-59.,-1.5));
#3789 = DIRECTION('',(0.,-1.,2.2E-16));
#3790 = DIRECTION('',(1.,0.,0.));
#3791 = ADVANCED_FACE('',(#3792),#3811,.F.);
#3792 = FACE_BOUND('',#3793,.F.);
#3793 = EDGE_LOOP('',(#3794,#3803,#3809,#3810));
#3794 = ORIENTED_EDGE('',*,*,#3795,.T.);
#3795 = EDGE_CURVE('',#3771,#3796,#3798,.T.);
#3796 = VERTEX_POINT('',#3797);
#3797 = CARTESIAN_POINT('',(69.685057965343,-59.,-7.9));
#3798 = CIRCLE('',#3799,3.);
#3799 = AXIS2_PLACEMENT_3D('',#3800,#3801,#3802);
#3800 = CARTESIAN_POINT('',(69.685057965343,-59.,-4.9));
#3801 = DIRECTION('',(0.,1.,-2.2E-16));
#3802 = DIRECTION('',(0.,2.2E-16,1.));
#3803 = ORIENTED_EDGE('',*,*,#3804,.T.);
#3804 = EDGE_CURVE('',#3796,#2257,#3805,.T.);
#3805 = LINE('',#3806,#3807);
#3806 = CARTESIAN_POINT('',(69.685057965343,-59.,-7.9));
#3807 = VECTOR('',#3808,1.);
#3808 = DIRECTION('',(0.,1.,-2.2E-16));
#3809 = ORIENTED_EDGE('',*,*,#2264,.F.);
#3810 = ORIENTED_EDGE('',*,*,#3779,.F.);
#3811 = CYLINDRICAL_SURFACE('',#3812,3.);
#3812 = AXIS2_PLACEMENT_3D('',#3813,#3814,#3815);
#3813 = CARTESIAN_POINT('',(69.685057965343,-59.,-4.9));
#3814 = DIRECTION('',(0.,1.,-2.2E-16));
#3815 = DIRECTION('',(0.891341062046,-9.973333333326E-17,-0.453333333333
    ));
#3816 = ADVANCED_FACE('',(#3817),#3835,.T.);
#3817 = FACE_BOUND('',#3818,.F.);
#3818 = EDGE_LOOP('',(#3819,#3827,#3833,#3834));
#3819 = ORIENTED_EDGE('',*,*,#3820,.F.);
#3820 = EDGE_CURVE('',#3821,#3796,#3823,.T.);
#3821 = VERTEX_POINT('',#3822);
#3822 = CARTESIAN_POINT('',(56.314942034657,-59.,-7.9));
#3823 = LINE('',#3824,#3825);
#3824 = CARTESIAN_POINT('',(54.675938491337,-59.,-7.9));
#3825 = VECTOR('',#3826,1.);
#3826 = DIRECTION('',(1.,0.,0.));
#3827 = ORIENTED_EDGE('',*,*,#3828,.T.);
#3828 = EDGE_CURVE('',#3821,#2248,#3829,.T.);
#3829 = LINE('',#3830,#3831);
#3830 = CARTESIAN_POINT('',(56.314942034657,-59.,-7.9));
#3831 = VECTOR('',#3832,1.);
#3832 = DIRECTION('',(0.,1.,-2.2E-16));
#3833 = ORIENTED_EDGE('',*,*,#2256,.T.);
#3834 = ORIENTED_EDGE('',*,*,#3804,.F.);
#3835 = PLANE('',#3836);
#3836 = AXIS2_PLACEMENT_3D('',#3837,#3838,#3839);
#3837 = CARTESIAN_POINT('',(54.675938491337,-59.,-7.9));
#3838 = DIRECTION('',(0.,2.2E-16,1.));
#3839 = DIRECTION('',(-1.,0.,0.));
#3840 = ADVANCED_FACE('',(#3841),#3860,.F.);
#3841 = FACE_BOUND('',#3842,.F.);
#3842 = EDGE_LOOP('',(#3843,#3851,#3852,#3853));
#3843 = ORIENTED_EDGE('',*,*,#3844,.T.);
#3844 = EDGE_CURVE('',#3845,#2239,#3847,.T.);
#3845 = VERTEX_POINT('',#3846);
#3846 = CARTESIAN_POINT('',(53.640918848519,-59.,-6.26));
#3847 = LINE('',#3848,#3849);
#3848 = CARTESIAN_POINT('',(53.640918848519,-59.,-6.26));
#3849 = VECTOR('',#3850,1.);
#3850 = DIRECTION('',(0.,1.,-2.2E-16));
#3851 = ORIENTED_EDGE('',*,*,#2247,.T.);
#3852 = ORIENTED_EDGE('',*,*,#3828,.F.);
#3853 = ORIENTED_EDGE('',*,*,#3854,.F.);
#3854 = EDGE_CURVE('',#3845,#3821,#3855,.T.);
#3855 = CIRCLE('',#3856,3.);
#3856 = AXIS2_PLACEMENT_3D('',#3857,#3858,#3859);
#3857 = CARTESIAN_POINT('',(56.314942034657,-59.,-4.9));
#3858 = DIRECTION('',(0.,-1.,2.2E-16));
#3859 = DIRECTION('',(0.,2.2E-16,1.));
#3860 = CYLINDRICAL_SURFACE('',#3861,3.);
#3861 = AXIS2_PLACEMENT_3D('',#3862,#3863,#3864);
#3862 = CARTESIAN_POINT('',(56.314942034657,-59.,-4.9));
#3863 = DIRECTION('',(0.,1.,-2.2E-16));
#3864 = DIRECTION('',(-0.891341062046,-9.973333333326E-17,
    -0.453333333333));
#3865 = ADVANCED_FACE('',(#3866),#3878,.F.);
#3866 = FACE_BOUND('',#3867,.F.);
#3867 = EDGE_LOOP('',(#3868,#3875,#3876,#3877));
#3868 = ORIENTED_EDGE('',*,*,#3869,.F.);
#3869 = EDGE_CURVE('',#2375,#3845,#3870,.T.);
#3870 = CIRCLE('',#3871,10.5);
#3871 = AXIS2_PLACEMENT_3D('',#3872,#3873,#3874);
#3872 = CARTESIAN_POINT('',(63.,-59.,-1.5));
#3873 = DIRECTION('',(0.,-1.,0.));
#3874 = DIRECTION('',(1.,0.,0.));
#3875 = ORIENTED_EDGE('',*,*,#2382,.F.);
#3876 = ORIENTED_EDGE('',*,*,#2238,.T.);
#3877 = ORIENTED_EDGE('',*,*,#3844,.F.);
#3878 = CYLINDRICAL_SURFACE('',#3879,10.5);
#3879 = AXIS2_PLACEMENT_3D('',#3880,#3881,#3882);
#3880 = CARTESIAN_POINT('',(63.,-59.,-1.5));
#3881 = DIRECTION('',(0.,-1.,2.2E-16));
#3882 = DIRECTION('',(1.,0.,0.));
#3883 = ADVANCED_FACE('',(#3884),#3903,.F.);
#3884 = FACE_BOUND('',#3885,.F.);
#3885 = EDGE_LOOP('',(#3886,#3895,#3896,#3897));
#3886 = ORIENTED_EDGE('',*,*,#3887,.F.);
#3887 = EDGE_CURVE('',#2477,#3888,#3890,.T.);
#3888 = VERTEX_POINT('',#3889);
#3889 = CARTESIAN_POINT('',(25.640918848519,-59.,-6.26));
#3890 = CIRCLE('',#3891,10.5);
#3891 = AXIS2_PLACEMENT_3D('',#3892,#3893,#3894);
#3892 = CARTESIAN_POINT('',(35.,-59.,-1.5));
#3893 = DIRECTION('',(0.,-1.,0.));
#3894 = DIRECTION('',(1.,0.,0.));
#3895 = ORIENTED_EDGE('',*,*,#2484,.F.);
#3896 = ORIENTED_EDGE('',*,*,#2179,.T.);
#3897 = ORIENTED_EDGE('',*,*,#3898,.F.);
#3898 = EDGE_CURVE('',#3888,#2180,#3899,.T.);
#3899 = LINE('',#3900,#3901);
#3900 = CARTESIAN_POINT('',(25.640918848519,-59.,-6.26));
#3901 = VECTOR('',#3902,1.);
#3902 = DIRECTION('',(0.,1.,-2.2E-16));
#3903 = CYLINDRICAL_SURFACE('',#3904,10.5);
#3904 = AXIS2_PLACEMENT_3D('',#3905,#3906,#3907);
#3905 = CARTESIAN_POINT('',(35.,-59.,-1.5));
#3906 = DIRECTION('',(0.,-1.,2.2E-16));
#3907 = DIRECTION('',(1.,0.,0.));
#3908 = ADVANCED_FACE('',(#3909),#3928,.F.);
#3909 = FACE_BOUND('',#3910,.F.);
#3910 = EDGE_LOOP('',(#3911,#3920,#3926,#3927));
#3911 = ORIENTED_EDGE('',*,*,#3912,.F.);
#3912 = EDGE_CURVE('',#3913,#2401,#3915,.T.);
#3913 = VERTEX_POINT('',#3914);
#3914 = CARTESIAN_POINT('',(44.359081151481,-59.,-6.26));
#3915 = CIRCLE('',#3916,10.5);
#3916 = AXIS2_PLACEMENT_3D('',#3917,#3918,#3919);
#3917 = CARTESIAN_POINT('',(35.,-59.,-1.5));
#3918 = DIRECTION('',(0.,-1.,0.));
#3919 = DIRECTION('',(1.,0.,0.));
#3920 = ORIENTED_EDGE('',*,*,#3921,.T.);
#3921 = EDGE_CURVE('',#3913,#2206,#3922,.T.);
#3922 = LINE('',#3923,#3924);
#3923 = CARTESIAN_POINT('',(44.359081151481,-59.,-6.26));
#3924 = VECTOR('',#3925,1.);
#3925 = DIRECTION('',(0.,1.,-2.2E-16));
#3926 = ORIENTED_EDGE('',*,*,#2214,.T.);
#3927 = ORIENTED_EDGE('',*,*,#2400,.F.);
#3928 = CYLINDRICAL_SURFACE('',#3929,10.5);
#3929 = AXIS2_PLACEMENT_3D('',#3930,#3931,#3932);
#3930 = CARTESIAN_POINT('',(35.,-59.,-1.5));
#3931 = DIRECTION('',(0.,-1.,2.2E-16));
#3932 = DIRECTION('',(1.,0.,0.));
#3933 = ADVANCED_FACE('',(#3934),#3953,.F.);
#3934 = FACE_BOUND('',#3935,.F.);
#3935 = EDGE_LOOP('',(#3936,#3937,#3938,#3946));
#3936 = ORIENTED_EDGE('',*,*,#3898,.T.);
#3937 = ORIENTED_EDGE('',*,*,#2188,.T.);
#3938 = ORIENTED_EDGE('',*,*,#3939,.F.);
#3939 = EDGE_CURVE('',#3940,#2189,#3942,.T.);
#3940 = VERTEX_POINT('',#3941);
#3941 = CARTESIAN_POINT('',(28.314942034657,-59.,-7.9));
#3942 = LINE('',#3943,#3944);
#3943 = CARTESIAN_POINT('',(28.314942034657,-59.,-7.9));
#3944 = VECTOR('',#3945,1.);
#3945 = DIRECTION('',(0.,1.,-2.2E-16));
#3946 = ORIENTED_EDGE('',*,*,#3947,.F.);
#3947 = EDGE_CURVE('',#3888,#3940,#3948,.T.);
#3948 = CIRCLE('',#3949,3.);
#3949 = AXIS2_PLACEMENT_3D('',#3950,#3951,#3952);
#3950 = CARTESIAN_POINT('',(28.314942034657,-59.,-4.9));
#3951 = DIRECTION('',(0.,-1.,2.2E-16));
#3952 = DIRECTION('',(0.,2.2E-16,1.));
#3953 = CYLINDRICAL_SURFACE('',#3954,3.);
#3954 = AXIS2_PLACEMENT_3D('',#3955,#3956,#3957);
#3955 = CARTESIAN_POINT('',(28.314942034657,-59.,-4.9));
#3956 = DIRECTION('',(0.,1.,-2.2E-16));
#3957 = DIRECTION('',(-0.891341062046,-9.973333333326E-17,
    -0.453333333333));
#3958 = ADVANCED_FACE('',(#3959),#3978,.F.);
#3959 = FACE_BOUND('',#3960,.F.);
#3960 = EDGE_LOOP('',(#3961,#3970,#3976,#3977));
#3961 = ORIENTED_EDGE('',*,*,#3962,.T.);
#3962 = EDGE_CURVE('',#3913,#3963,#3965,.T.);
#3963 = VERTEX_POINT('',#3964);
#3964 = CARTESIAN_POINT('',(41.685057965343,-59.,-7.9));
#3965 = CIRCLE('',#3966,3.);
#3966 = AXIS2_PLACEMENT_3D('',#3967,#3968,#3969);
#3967 = CARTESIAN_POINT('',(41.685057965343,-59.,-4.9));
#3968 = DIRECTION('',(0.,1.,-2.2E-16));
#3969 = DIRECTION('',(0.,2.2E-16,1.));
#3970 = ORIENTED_EDGE('',*,*,#3971,.T.);
#3971 = EDGE_CURVE('',#3963,#2198,#3972,.T.);
#3972 = LINE('',#3973,#3974);
#3973 = CARTESIAN_POINT('',(41.685057965343,-59.,-7.9));
#3974 = VECTOR('',#3975,1.);
#3975 = DIRECTION('',(0.,1.,-2.2E-16));
#3976 = ORIENTED_EDGE('',*,*,#2205,.F.);
#3977 = ORIENTED_EDGE('',*,*,#3921,.F.);
#3978 = CYLINDRICAL_SURFACE('',#3979,3.);
#3979 = AXIS2_PLACEMENT_3D('',#3980,#3981,#3982);
#3980 = CARTESIAN_POINT('',(41.685057965343,-59.,-4.9));
#3981 = DIRECTION('',(0.,1.,-2.2E-16));
#3982 = DIRECTION('',(0.891341062046,-9.973333333326E-17,-0.453333333333
    ));
#3983 = ADVANCED_FACE('',(#3984),#3995,.T.);
#3984 = FACE_BOUND('',#3985,.F.);
#3985 = EDGE_LOOP('',(#3986,#3992,#3993,#3994));
#3986 = ORIENTED_EDGE('',*,*,#3987,.F.);
#3987 = EDGE_CURVE('',#3940,#3963,#3988,.T.);
#3988 = LINE('',#3989,#3990);
#3989 = CARTESIAN_POINT('',(26.675938491337,-59.,-7.9));
#3990 = VECTOR('',#3991,1.);
#3991 = DIRECTION('',(1.,0.,0.));
#3992 = ORIENTED_EDGE('',*,*,#3939,.T.);
#3993 = ORIENTED_EDGE('',*,*,#2197,.T.);
#3994 = ORIENTED_EDGE('',*,*,#3971,.F.);
#3995 = PLANE('',#3996);
#3996 = AXIS2_PLACEMENT_3D('',#3997,#3998,#3999);
#3997 = CARTESIAN_POINT('',(26.675938491337,-59.,-7.9));
#3998 = DIRECTION('',(0.,2.2E-16,1.));
#3999 = DIRECTION('',(-1.,0.,0.));
#4000 = ADVANCED_FACE('',(#4001),#4015,.T.);
#4001 = FACE_BOUND('',#4002,.F.);
#4002 = EDGE_LOOP('',(#4003,#4004,#4005,#4006,#4007,#4008,#4009,#4010,
    #4011,#4012,#4013,#4014));
#4003 = ORIENTED_EDGE('',*,*,#3795,.F.);
#4004 = ORIENTED_EDGE('',*,*,#3770,.T.);
#4005 = ORIENTED_EDGE('',*,*,#2307,.T.);
#4006 = ORIENTED_EDGE('',*,*,#3669,.T.);
#4007 = ORIENTED_EDGE('',*,*,#3690,.T.);
#4008 = ORIENTED_EDGE('',*,*,#3605,.T.);
#4009 = ORIENTED_EDGE('',*,*,#3637,.F.);
#4010 = ORIENTED_EDGE('',*,*,#3652,.T.);
#4011 = ORIENTED_EDGE('',*,*,#2374,.T.);
#4012 = ORIENTED_EDGE('',*,*,#3869,.T.);
#4013 = ORIENTED_EDGE('',*,*,#3854,.T.);
#4014 = ORIENTED_EDGE('',*,*,#3820,.T.);
#4015 = PLANE('',#4016);
#4016 = AXIS2_PLACEMENT_3D('',#4017,#4018,#4019);
#4017 = CARTESIAN_POINT('',(63.,-59.,-1.123569901137));
#4018 = DIRECTION('',(0.,1.,0.));
#4019 = DIRECTION('',(0.,0.,-1.));
#4020 = ADVANCED_FACE('',(#4021),#4035,.T.);
#4021 = FACE_BOUND('',#4022,.F.);
#4022 = EDGE_LOOP('',(#4023,#4024,#4025,#4026,#4027,#4028,#4029,#4030,
    #4031,#4032,#4033,#4034));
#4023 = ORIENTED_EDGE('',*,*,#3962,.F.);
#4024 = ORIENTED_EDGE('',*,*,#3912,.T.);
#4025 = ORIENTED_EDGE('',*,*,#2409,.T.);
#4026 = ORIENTED_EDGE('',*,*,#3560,.T.);
#4027 = ORIENTED_EDGE('',*,*,#3581,.T.);
#4028 = ORIENTED_EDGE('',*,*,#3496,.T.);
#4029 = ORIENTED_EDGE('',*,*,#3528,.F.);
#4030 = ORIENTED_EDGE('',*,*,#3543,.T.);
#4031 = ORIENTED_EDGE('',*,*,#2476,.T.);
#4032 = ORIENTED_EDGE('',*,*,#3887,.T.);
#4033 = ORIENTED_EDGE('',*,*,#3947,.T.);
#4034 = ORIENTED_EDGE('',*,*,#3987,.T.);
#4035 = PLANE('',#4036);
#4036 = AXIS2_PLACEMENT_3D('',#4037,#4038,#4039);
#4037 = CARTESIAN_POINT('',(35.,-59.,-1.123569901137));
#4038 = DIRECTION('',(0.,1.,0.));
#4039 = DIRECTION('',(0.,0.,-1.));
#4040 = ADVANCED_FACE('',(#4041),#4059,.T.);
#4041 = FACE_BOUND('',#4042,.T.);
#4042 = EDGE_LOOP('',(#4043,#4044,#4050,#4051,#4057,#4058));
#4043 = ORIENTED_EDGE('',*,*,#3042,.F.);
#4044 = ORIENTED_EDGE('',*,*,#4045,.F.);
#4045 = EDGE_CURVE('',#2601,#3034,#4046,.T.);
#4046 = LINE('',#4047,#4048);
#4047 = CARTESIAN_POINT('',(-73.8,-57.5,-13.5));
#4048 = VECTOR('',#4049,1.);
#4049 = DIRECTION('',(0.,1.,0.));
#4050 = ORIENTED_EDGE('',*,*,#2600,.T.);
#4051 = ORIENTED_EDGE('',*,*,#4052,.F.);
#4052 = EDGE_CURVE('',#2514,#2603,#4053,.T.);
#4053 = LINE('',#4054,#4055);
#4054 = CARTESIAN_POINT('',(-25.,-28.,-13.5));
#4055 = VECTOR('',#4056,1.);
#4056 = DIRECTION('',(0.,-1.,2.22044604925E-16));
#4057 = ORIENTED_EDGE('',*,*,#2513,.T.);
#4058 = ORIENTED_EDGE('',*,*,#3076,.T.);
#4059 = PLANE('',#4060);
#4060 = AXIS2_PLACEMENT_3D('',#4061,#4062,#4063);
#4061 = CARTESIAN_POINT('',(2.070798501304E-15,-42.5,-13.5));
#4062 = DIRECTION('',(0.,0.,1.));
#4063 = DIRECTION('',(1.,0.,0.));
#4064 = ADVANCED_FACE('',(#4065),#4076,.F.);
#4065 = FACE_BOUND('',#4066,.F.);
#4066 = EDGE_LOOP('',(#4067,#4068,#4074,#4075));
#4067 = ORIENTED_EDGE('',*,*,#2523,.T.);
#4068 = ORIENTED_EDGE('',*,*,#4069,.T.);
#4069 = EDGE_CURVE('',#2524,#2753,#4070,.T.);
#4070 = LINE('',#4071,#4072);
#4071 = CARTESIAN_POINT('',(-22.,-28.,-10.5));
#4072 = VECTOR('',#4073,1.);
#4073 = DIRECTION('',(0.,-1.,2.22044604925E-16));
#4074 = ORIENTED_EDGE('',*,*,#2760,.F.);
#4075 = ORIENTED_EDGE('',*,*,#4052,.F.);
#4076 = CYLINDRICAL_SURFACE('',#4077,3.);
#4077 = AXIS2_PLACEMENT_3D('',#4078,#4079,#4080);
#4078 = CARTESIAN_POINT('',(-25.,-28.,-10.5));
#4079 = DIRECTION('',(0.,-1.,2.22044604925E-16));
#4080 = DIRECTION('',(-0.,-2.22044604925E-16,-1.));
#4081 = ADVANCED_FACE('',(#4082),#4088,.T.);
#4082 = FACE_BOUND('',#4083,.T.);
#4083 = EDGE_LOOP('',(#4084,#4085,#4086,#4087));
#4084 = ORIENTED_EDGE('',*,*,#2532,.T.);
#4085 = ORIENTED_EDGE('',*,*,#4069,.T.);
#4086 = ORIENTED_EDGE('',*,*,#2752,.T.);
#4087 = ORIENTED_EDGE('',*,*,#2576,.F.);
#4088 = PLANE('',#4089);
#4089 = AXIS2_PLACEMENT_3D('',#4090,#4091,#4092);
#4090 = CARTESIAN_POINT('',(-22.,-42.75,-6.));
#4091 = DIRECTION('',(-1.,-0.,-0.));
#4092 = DIRECTION('',(0.,0.,-1.));
#4093 = ADVANCED_FACE('',(#4094),#4100,.F.);
#4094 = FACE_BOUND('',#4095,.T.);
#4095 = EDGE_LOOP('',(#4096,#4097,#4098,#4099));
#4096 = ORIENTED_EDGE('',*,*,#2610,.T.);
#4097 = ORIENTED_EDGE('',*,*,#4045,.T.);
#4098 = ORIENTED_EDGE('',*,*,#3033,.F.);
#4099 = ORIENTED_EDGE('',*,*,#3016,.F.);
#4100 = CYLINDRICAL_SURFACE('',#4101,3.);
#4101 = AXIS2_PLACEMENT_3D('',#4102,#4103,#4104);
#4102 = CARTESIAN_POINT('',(-73.8,-57.5,-10.5));
#4103 = DIRECTION('',(0.,1.,0.));
#4104 = DIRECTION('',(-1.,0.,0.));
#4105 = ADVANCED_FACE('',(#4106),#4125,.F.);
#4106 = FACE_BOUND('',#4107,.F.);
#4107 = EDGE_LOOP('',(#4108,#4109,#4110,#4118));
#4108 = ORIENTED_EDGE('',*,*,#2993,.T.);
#4109 = ORIENTED_EDGE('',*,*,#2634,.F.);
#4110 = ORIENTED_EDGE('',*,*,#4111,.F.);
#4111 = EDGE_CURVE('',#4112,#2635,#4114,.T.);
#4112 = VERTEX_POINT('',#4113);
#4113 = CARTESIAN_POINT('',(-72.35908115148,-59.,-6.26));
#4114 = LINE('',#4115,#4116);
#4115 = CARTESIAN_POINT('',(-72.35908115148,-59.,-6.26));
#4116 = VECTOR('',#4117,1.);
#4117 = DIRECTION('',(0.,1.,-2.2E-16));
#4118 = ORIENTED_EDGE('',*,*,#4119,.T.);
#4119 = EDGE_CURVE('',#4112,#2986,#4120,.T.);
#4120 = CIRCLE('',#4121,10.5);
#4121 = AXIS2_PLACEMENT_3D('',#4122,#4123,#4124);
#4122 = CARTESIAN_POINT('',(-63.,-59.,-1.5));
#4123 = DIRECTION('',(0.,1.,-0.));
#4124 = DIRECTION('',(-1.,0.,0.));
#4125 = CYLINDRICAL_SURFACE('',#4126,10.5);
#4126 = AXIS2_PLACEMENT_3D('',#4127,#4128,#4129);
#4127 = CARTESIAN_POINT('',(-63.,-59.,-1.5));
#4128 = DIRECTION('',(0.,-1.,2.2E-16));
#4129 = DIRECTION('',(-1.,0.,0.));
#4130 = ADVANCED_FACE('',(#4131),#4150,.F.);
#4131 = FACE_BOUND('',#4132,.F.);
#4132 = EDGE_LOOP('',(#4133,#4134,#4135,#4143));
#4133 = ORIENTED_EDGE('',*,*,#4111,.T.);
#4134 = ORIENTED_EDGE('',*,*,#2643,.T.);
#4135 = ORIENTED_EDGE('',*,*,#4136,.F.);
#4136 = EDGE_CURVE('',#4137,#2644,#4139,.T.);
#4137 = VERTEX_POINT('',#4138);
#4138 = CARTESIAN_POINT('',(-69.68505796534,-59.,-7.9));
#4139 = LINE('',#4140,#4141);
#4140 = CARTESIAN_POINT('',(-69.68505796534,-59.,-7.9));
#4141 = VECTOR('',#4142,1.);
#4142 = DIRECTION('',(0.,1.,-2.2E-16));
#4143 = ORIENTED_EDGE('',*,*,#4144,.F.);
#4144 = EDGE_CURVE('',#4112,#4137,#4145,.T.);
#4145 = CIRCLE('',#4146,3.);
#4146 = AXIS2_PLACEMENT_3D('',#4147,#4148,#4149);
#4147 = CARTESIAN_POINT('',(-69.68505796534,-59.,-4.9));
#4148 = DIRECTION('',(0.,-1.,2.2E-16));
#4149 = DIRECTION('',(0.,2.2E-16,1.));
#4150 = CYLINDRICAL_SURFACE('',#4151,3.);
#4151 = AXIS2_PLACEMENT_3D('',#4152,#4153,#4154);
#4152 = CARTESIAN_POINT('',(-69.68505796534,-59.,-4.9));
#4153 = DIRECTION('',(0.,1.,-2.2E-16));
#4154 = DIRECTION('',(-0.891341062046,-9.973333333326E-17,
    -0.453333333333));
#4155 = ADVANCED_FACE('',(#4156),#4174,.T.);
#4156 = FACE_BOUND('',#4157,.T.);
#4157 = EDGE_LOOP('',(#4158,#4166,#4172,#4173));
#4158 = ORIENTED_EDGE('',*,*,#4159,.F.);
#4159 = EDGE_CURVE('',#4160,#4137,#4162,.T.);
#4160 = VERTEX_POINT('',#4161);
#4161 = CARTESIAN_POINT('',(-56.31494203465,-59.,-7.9));
#4162 = LINE('',#4163,#4164);
#4163 = CARTESIAN_POINT('',(-54.67593849133,-59.,-7.9));
#4164 = VECTOR('',#4165,1.);
#4165 = DIRECTION('',(-1.,0.,0.));
#4166 = ORIENTED_EDGE('',*,*,#4167,.T.);
#4167 = EDGE_CURVE('',#4160,#2653,#4168,.T.);
#4168 = LINE('',#4169,#4170);
#4169 = CARTESIAN_POINT('',(-56.31494203465,-59.,-7.9));
#4170 = VECTOR('',#4171,1.);
#4171 = DIRECTION('',(0.,1.,-2.2E-16));
#4172 = ORIENTED_EDGE('',*,*,#2652,.T.);
#4173 = ORIENTED_EDGE('',*,*,#4136,.F.);
#4174 = PLANE('',#4175);
#4175 = AXIS2_PLACEMENT_3D('',#4176,#4177,#4178);
#4176 = CARTESIAN_POINT('',(-54.67593849133,-59.,-7.9));
#4177 = DIRECTION('',(0.,2.2E-16,1.));
#4178 = DIRECTION('',(-1.,0.,0.));
#4179 = ADVANCED_FACE('',(#4180),#4199,.F.);
#4180 = FACE_BOUND('',#4181,.F.);
#4181 = EDGE_LOOP('',(#4182,#4191,#4192,#4193));
#4182 = ORIENTED_EDGE('',*,*,#4183,.T.);
#4183 = EDGE_CURVE('',#4184,#4160,#4186,.T.);
#4184 = VERTEX_POINT('',#4185);
#4185 = CARTESIAN_POINT('',(-53.64091884851,-59.,-6.26));
#4186 = CIRCLE('',#4187,3.);
#4187 = AXIS2_PLACEMENT_3D('',#4188,#4189,#4190);
#4188 = CARTESIAN_POINT('',(-56.31494203465,-59.,-4.9));
#4189 = DIRECTION('',(0.,1.,-2.2E-16));
#4190 = DIRECTION('',(0.,2.2E-16,1.));
#4191 = ORIENTED_EDGE('',*,*,#4167,.T.);
#4192 = ORIENTED_EDGE('',*,*,#2660,.F.);
#4193 = ORIENTED_EDGE('',*,*,#4194,.F.);
#4194 = EDGE_CURVE('',#4184,#2661,#4195,.T.);
#4195 = LINE('',#4196,#4197);
#4196 = CARTESIAN_POINT('',(-53.64091884851,-59.,-6.26));
#4197 = VECTOR('',#4198,1.);
#4198 = DIRECTION('',(0.,1.,-2.2E-16));
#4199 = CYLINDRICAL_SURFACE('',#4200,3.);
#4200 = AXIS2_PLACEMENT_3D('',#4201,#4202,#4203);
#4201 = CARTESIAN_POINT('',(-56.31494203465,-59.,-4.9));
#4202 = DIRECTION('',(0.,1.,-2.2E-16));
#4203 = DIRECTION('',(0.891341062046,-9.973333333326E-17,-0.453333333333
    ));
#4204 = ADVANCED_FACE('',(#4205),#4217,.F.);
#4205 = FACE_BOUND('',#4206,.F.);
#4206 = EDGE_LOOP('',(#4207,#4208,#4209,#4210));
#4207 = ORIENTED_EDGE('',*,*,#4194,.T.);
#4208 = ORIENTED_EDGE('',*,*,#2669,.F.);
#4209 = ORIENTED_EDGE('',*,*,#2916,.T.);
#4210 = ORIENTED_EDGE('',*,*,#4211,.T.);
#4211 = EDGE_CURVE('',#2917,#4184,#4212,.T.);
#4212 = CIRCLE('',#4213,10.5);
#4213 = AXIS2_PLACEMENT_3D('',#4214,#4215,#4216);
#4214 = CARTESIAN_POINT('',(-63.,-59.,-1.5));
#4215 = DIRECTION('',(0.,1.,-0.));
#4216 = DIRECTION('',(-1.,0.,0.));
#4217 = CYLINDRICAL_SURFACE('',#4218,10.5);
#4218 = AXIS2_PLACEMENT_3D('',#4219,#4220,#4221);
#4219 = CARTESIAN_POINT('',(-63.,-59.,-1.5));
#4220 = DIRECTION('',(0.,-1.,2.2E-16));
#4221 = DIRECTION('',(-1.,0.,0.));
#4222 = ADVANCED_FACE('',(#4223),#4242,.F.);
#4223 = FACE_BOUND('',#4224,.F.);
#4224 = EDGE_LOOP('',(#4225,#4233,#4234,#4235));
#4225 = ORIENTED_EDGE('',*,*,#4226,.T.);
#4226 = EDGE_CURVE('',#4227,#2720,#4229,.T.);
#4227 = VERTEX_POINT('',#4228);
#4228 = CARTESIAN_POINT('',(-25.64091884851,-59.,-6.26));
#4229 = LINE('',#4230,#4231);
#4230 = CARTESIAN_POINT('',(-25.64091884851,-59.,-6.26));
#4231 = VECTOR('',#4232,1.);
#4232 = DIRECTION('',(0.,1.,-2.2E-16));
#4233 = ORIENTED_EDGE('',*,*,#2728,.F.);
#4234 = ORIENTED_EDGE('',*,*,#2814,.T.);
#4235 = ORIENTED_EDGE('',*,*,#4236,.T.);
#4236 = EDGE_CURVE('',#2815,#4227,#4237,.T.);
#4237 = CIRCLE('',#4238,10.5);
#4238 = AXIS2_PLACEMENT_3D('',#4239,#4240,#4241);
#4239 = CARTESIAN_POINT('',(-35.,-59.,-1.5));
#4240 = DIRECTION('',(0.,1.,-0.));
#4241 = DIRECTION('',(-1.,0.,0.));
#4242 = CYLINDRICAL_SURFACE('',#4243,10.5);
#4243 = AXIS2_PLACEMENT_3D('',#4244,#4245,#4246);
#4244 = CARTESIAN_POINT('',(-35.,-59.,-1.5));
#4245 = DIRECTION('',(0.,-1.,2.2E-16));
#4246 = DIRECTION('',(-1.,0.,0.));
#4247 = ADVANCED_FACE('',(#4248),#4267,.F.);
#4248 = FACE_BOUND('',#4249,.F.);
#4249 = EDGE_LOOP('',(#4250,#4259,#4265,#4266));
#4250 = ORIENTED_EDGE('',*,*,#4251,.T.);
#4251 = EDGE_CURVE('',#4227,#4252,#4254,.T.);
#4252 = VERTEX_POINT('',#4253);
#4253 = CARTESIAN_POINT('',(-28.31494203465,-59.,-7.9));
#4254 = CIRCLE('',#4255,3.);
#4255 = AXIS2_PLACEMENT_3D('',#4256,#4257,#4258);
#4256 = CARTESIAN_POINT('',(-28.31494203465,-59.,-4.9));
#4257 = DIRECTION('',(0.,1.,-2.2E-16));
#4258 = DIRECTION('',(0.,2.2E-16,1.));
#4259 = ORIENTED_EDGE('',*,*,#4260,.T.);
#4260 = EDGE_CURVE('',#4252,#2712,#4261,.T.);
#4261 = LINE('',#4262,#4263);
#4262 = CARTESIAN_POINT('',(-28.31494203465,-59.,-7.9));
#4263 = VECTOR('',#4264,1.);
#4264 = DIRECTION('',(0.,1.,-2.2E-16));
#4265 = ORIENTED_EDGE('',*,*,#2719,.F.);
#4266 = ORIENTED_EDGE('',*,*,#4226,.F.);
#4267 = CYLINDRICAL_SURFACE('',#4268,3.);
#4268 = AXIS2_PLACEMENT_3D('',#4269,#4270,#4271);
#4269 = CARTESIAN_POINT('',(-28.31494203465,-59.,-4.9));
#4270 = DIRECTION('',(0.,1.,-2.2E-16));
#4271 = DIRECTION('',(0.891341062046,-9.973333333326E-17,-0.453333333333
    ));
#4272 = ADVANCED_FACE('',(#4273),#4291,.T.);
#4273 = FACE_BOUND('',#4274,.T.);
#4274 = EDGE_LOOP('',(#4275,#4283,#4284,#4285));
#4275 = ORIENTED_EDGE('',*,*,#4276,.F.);
#4276 = EDGE_CURVE('',#4252,#4277,#4279,.T.);
#4277 = VERTEX_POINT('',#4278);
#4278 = CARTESIAN_POINT('',(-41.68505796534,-59.,-7.9));
#4279 = LINE('',#4280,#4281);
#4280 = CARTESIAN_POINT('',(-26.67593849133,-59.,-7.9));
#4281 = VECTOR('',#4282,1.);
#4282 = DIRECTION('',(-1.,0.,0.));
#4283 = ORIENTED_EDGE('',*,*,#4260,.T.);
#4284 = ORIENTED_EDGE('',*,*,#2711,.T.);
#4285 = ORIENTED_EDGE('',*,*,#4286,.F.);
#4286 = EDGE_CURVE('',#4277,#2703,#4287,.T.);
#4287 = LINE('',#4288,#4289);
#4288 = CARTESIAN_POINT('',(-41.68505796534,-59.,-7.9));
#4289 = VECTOR('',#4290,1.);
#4290 = DIRECTION('',(0.,1.,-2.2E-16));
#4291 = PLANE('',#4292);
#4292 = AXIS2_PLACEMENT_3D('',#4293,#4294,#4295);
#4293 = CARTESIAN_POINT('',(-26.67593849133,-59.,-7.9));
#4294 = DIRECTION('',(0.,2.2E-16,1.));
#4295 = DIRECTION('',(-1.,0.,0.));
#4296 = ADVANCED_FACE('',(#4297),#4316,.F.);
#4297 = FACE_BOUND('',#4298,.F.);
#4298 = EDGE_LOOP('',(#4299,#4307,#4308,#4309));
#4299 = ORIENTED_EDGE('',*,*,#4300,.T.);
#4300 = EDGE_CURVE('',#4301,#2694,#4303,.T.);
#4301 = VERTEX_POINT('',#4302);
#4302 = CARTESIAN_POINT('',(-44.35908115148,-59.,-6.26));
#4303 = LINE('',#4304,#4305);
#4304 = CARTESIAN_POINT('',(-44.35908115148,-59.,-6.26));
#4305 = VECTOR('',#4306,1.);
#4306 = DIRECTION('',(0.,1.,-2.2E-16));
#4307 = ORIENTED_EDGE('',*,*,#2702,.T.);
#4308 = ORIENTED_EDGE('',*,*,#4286,.F.);
#4309 = ORIENTED_EDGE('',*,*,#4310,.F.);
#4310 = EDGE_CURVE('',#4301,#4277,#4311,.T.);
#4311 = CIRCLE('',#4312,3.);
#4312 = AXIS2_PLACEMENT_3D('',#4313,#4314,#4315);
#4313 = CARTESIAN_POINT('',(-41.68505796534,-59.,-4.9));
#4314 = DIRECTION('',(0.,-1.,2.2E-16));
#4315 = DIRECTION('',(0.,2.2E-16,1.));
#4316 = CYLINDRICAL_SURFACE('',#4317,3.);
#4317 = AXIS2_PLACEMENT_3D('',#4318,#4319,#4320);
#4318 = CARTESIAN_POINT('',(-41.68505796534,-59.,-4.9));
#4319 = DIRECTION('',(0.,1.,-2.2E-16));
#4320 = DIRECTION('',(-0.891341062046,-9.973333333326E-17,
    -0.453333333333));
#4321 = ADVANCED_FACE('',(#4322),#4334,.F.);
#4322 = FACE_BOUND('',#4323,.F.);
#4323 = EDGE_LOOP('',(#4324,#4325,#4326,#4327));
#4324 = ORIENTED_EDGE('',*,*,#2891,.T.);
#4325 = ORIENTED_EDGE('',*,*,#2693,.F.);
#4326 = ORIENTED_EDGE('',*,*,#4300,.F.);
#4327 = ORIENTED_EDGE('',*,*,#4328,.T.);
#4328 = EDGE_CURVE('',#4301,#2884,#4329,.T.);
#4329 = CIRCLE('',#4330,10.5);
#4330 = AXIS2_PLACEMENT_3D('',#4331,#4332,#4333);
#4331 = CARTESIAN_POINT('',(-35.,-59.,-1.5));
#4332 = DIRECTION('',(0.,1.,-0.));
#4333 = DIRECTION('',(-1.,0.,0.));
#4334 = CYLINDRICAL_SURFACE('',#4335,10.5);
#4335 = AXIS2_PLACEMENT_3D('',#4336,#4337,#4338);
#4336 = CARTESIAN_POINT('',(-35.,-59.,-1.5));
#4337 = DIRECTION('',(0.,-1.,2.2E-16));
#4338 = DIRECTION('',(-1.,0.,0.));
#4339 = ADVANCED_FACE('',(#4340),#4354,.T.);
#4340 = FACE_BOUND('',#4341,.T.);
#4341 = EDGE_LOOP('',(#4342,#4343,#4344,#4345,#4346,#4347,#4348,#4349,
    #4350,#4351,#4352,#4353));
#4342 = ORIENTED_EDGE('',*,*,#4310,.F.);
#4343 = ORIENTED_EDGE('',*,*,#4328,.T.);
#4344 = ORIENTED_EDGE('',*,*,#2883,.T.);
#4345 = ORIENTED_EDGE('',*,*,#3402,.T.);
#4346 = ORIENTED_EDGE('',*,*,#3472,.T.);
#4347 = ORIENTED_EDGE('',*,*,#3446,.T.);
#4348 = ORIENTED_EDGE('',*,*,#3430,.F.);
#4349 = ORIENTED_EDGE('',*,*,#3378,.T.);
#4350 = ORIENTED_EDGE('',*,*,#2823,.T.);
#4351 = ORIENTED_EDGE('',*,*,#4236,.T.);
#4352 = ORIENTED_EDGE('',*,*,#4251,.T.);
#4353 = ORIENTED_EDGE('',*,*,#4276,.T.);
#4354 = PLANE('',#4355);
#4355 = AXIS2_PLACEMENT_3D('',#4356,#4357,#4358);
#4356 = CARTESIAN_POINT('',(-35.,-59.,-1.123569901137));
#4357 = DIRECTION('',(0.,1.,0.));
#4358 = DIRECTION('',(0.,0.,1.));
#4359 = ADVANCED_FACE('',(#4360),#4374,.T.);
#4360 = FACE_BOUND('',#4361,.T.);
#4361 = EDGE_LOOP('',(#4362,#4363,#4364,#4365,#4366,#4367,#4368,#4369,
    #4370,#4371,#4372,#4373));
#4362 = ORIENTED_EDGE('',*,*,#4144,.F.);
#4363 = ORIENTED_EDGE('',*,*,#4119,.T.);
#4364 = ORIENTED_EDGE('',*,*,#2985,.T.);
#4365 = ORIENTED_EDGE('',*,*,#3293,.T.);
#4366 = ORIENTED_EDGE('',*,*,#3363,.T.);
#4367 = ORIENTED_EDGE('',*,*,#3337,.T.);
#4368 = ORIENTED_EDGE('',*,*,#3321,.F.);
#4369 = ORIENTED_EDGE('',*,*,#3269,.T.);
#4370 = ORIENTED_EDGE('',*,*,#2925,.T.);
#4371 = ORIENTED_EDGE('',*,*,#4211,.T.);
#4372 = ORIENTED_EDGE('',*,*,#4183,.T.);
#4373 = ORIENTED_EDGE('',*,*,#4159,.T.);
#4374 = PLANE('',#4375);
#4375 = AXIS2_PLACEMENT_3D('',#4376,#4377,#4378);
#4376 = CARTESIAN_POINT('',(-63.,-59.,-1.123569901137));
#4377 = DIRECTION('',(0.,1.,0.));
#4378 = DIRECTION('',(0.,0.,1.));
#4379 = ADVANCED_FACE('',(#4380),#4390,.F.);
#4380 = FACE_BOUND('',#4381,.F.);
#4381 = EDGE_LOOP('',(#4382,#4387,#4388,#4389));
#4382 = ORIENTED_EDGE('',*,*,#4383,.F.);
#4383 = EDGE_CURVE('',#262,#1382,#4384,.T.);
#4384 = B_SPLINE_CURVE_WITH_KNOTS('',1,(#4385,#4386),.UNSPECIFIED.,.F.,
  .F.,(2,2),(-2.5,2.683346170859),.PIECEWISE_BEZIER_KNOTS.);
#4385 = CARTESIAN_POINT('',(38.,-19.,-16.));
#4386 = CARTESIAN_POINT('',(38.,-19.,-10.81665382914));
#4387 = ORIENTED_EDGE('',*,*,#261,.T.);
#4388 = ORIENTED_EDGE('',*,*,#4383,.T.);
#4389 = ORIENTED_EDGE('',*,*,#1381,.F.);
#4390 = CYLINDRICAL_SURFACE('',#4391,2.);
#4391 = AXIS2_PLACEMENT_3D('',#4392,#4393,#4394);
#4392 = CARTESIAN_POINT('',(36.,-19.,-13.5));
#4393 = DIRECTION('',(0.,0.,1.));
#4394 = DIRECTION('',(1.,0.,0.));
#4395 = ADVANCED_FACE('',(#4396),#4406,.F.);
#4396 = FACE_BOUND('',#4397,.F.);
#4397 = EDGE_LOOP('',(#4398,#4403,#4404,#4405));
#4398 = ORIENTED_EDGE('',*,*,#4399,.F.);
#4399 = EDGE_CURVE('',#273,#1649,#4400,.T.);
#4400 = B_SPLINE_CURVE_WITH_KNOTS('',1,(#4401,#4402),.UNSPECIFIED.,.F.,
  .F.,(2,2),(-2.5,2.683346170859),.PIECEWISE_BEZIER_KNOTS.);
#4401 = CARTESIAN_POINT('',(65.7,-18.,-16.));
#4402 = CARTESIAN_POINT('',(65.7,-18.,-10.81665382914));
#4403 = ORIENTED_EDGE('',*,*,#272,.T.);
#4404 = ORIENTED_EDGE('',*,*,#4399,.T.);
#4405 = ORIENTED_EDGE('',*,*,#1648,.F.);
#4406 = CYLINDRICAL_SURFACE('',#4407,2.);
#4407 = AXIS2_PLACEMENT_3D('',#4408,#4409,#4410);
#4408 = CARTESIAN_POINT('',(63.7,-18.,-13.5));
#4409 = DIRECTION('',(0.,0.,1.));
#4410 = DIRECTION('',(1.,0.,0.));
#4411 = ADVANCED_FACE('',(#4412),#4422,.F.);
#4412 = FACE_BOUND('',#4413,.F.);
#4413 = EDGE_LOOP('',(#4414,#4415,#4420,#4421));
#4414 = ORIENTED_EDGE('',*,*,#1191,.T.);
#4415 = ORIENTED_EDGE('',*,*,#4416,.F.);
#4416 = EDGE_CURVE('',#565,#1192,#4417,.T.);
#4417 = B_SPLINE_CURVE_WITH_KNOTS('',1,(#4418,#4419),.UNSPECIFIED.,.F.,
  .F.,(2,2),(-2.5,2.68334617361),.PIECEWISE_BEZIER_KNOTS.);
#4418 = CARTESIAN_POINT('',(-34.,-19.,-16.));
#4419 = CARTESIAN_POINT('',(-34.,-19.,-10.81665382639));
#4420 = ORIENTED_EDGE('',*,*,#564,.T.);
#4421 = ORIENTED_EDGE('',*,*,#4416,.T.);
#4422 = CYLINDRICAL_SURFACE('',#4423,2.);
#4423 = AXIS2_PLACEMENT_3D('',#4424,#4425,#4426);
#4424 = CARTESIAN_POINT('',(-36.,-19.,-13.5));
#4425 = DIRECTION('',(0.,0.,1.));
#4426 = DIRECTION('',(1.,0.,0.));
#4427 = ADVANCED_FACE('',(#4428),#4438,.F.);
#4428 = FACE_BOUND('',#4429,.F.);
#4429 = EDGE_LOOP('',(#4430,#4431,#4436,#4437));
#4430 = ORIENTED_EDGE('',*,*,#992,.T.);
#4431 = ORIENTED_EDGE('',*,*,#4432,.F.);
#4432 = EDGE_CURVE('',#576,#993,#4433,.T.);
#4433 = B_SPLINE_CURVE_WITH_KNOTS('',1,(#4434,#4435),.UNSPECIFIED.,.F.,
  .F.,(2,2),(-2.5,2.68334617361),.PIECEWISE_BEZIER_KNOTS.);
#4434 = CARTESIAN_POINT('',(-61.7,-18.,-16.));
#4435 = CARTESIAN_POINT('',(-61.7,-18.,-10.81665382639));
#4436 = ORIENTED_EDGE('',*,*,#575,.T.);
#4437 = ORIENTED_EDGE('',*,*,#4432,.T.);
#4438 = CYLINDRICAL_SURFACE('',#4439,2.);
#4439 = AXIS2_PLACEMENT_3D('',#4440,#4441,#4442);
#4440 = CARTESIAN_POINT('',(-63.7,-18.,-13.5));
#4441 = DIRECTION('',(0.,0.,1.));
#4442 = DIRECTION('',(1.,0.,0.));
#4443 = ( GEOMETRIC_REPRESENTATION_CONTEXT(3) 
GLOBAL_UNCERTAINTY_ASSIGNED_CONTEXT((#4447)) 
GLOBAL_UNIT_ASSIGNED_CONTEXT((#4444,#4445,#4446)) REPRESENTATION_CONTEXT
('Context #1','3D Context with UNIT and UNCERTAINTY') );
#4444 = ( LENGTH_UNIT() NAMED_UNIT(*) SI_UNIT(.MILLI.,.METRE.) );
#4445 = ( NAMED_UNIT(*) PLANE_ANGLE_UNIT() SI_UNIT($,.RADIAN.) );
#4446 = ( NAMED_UNIT(*) SI_UNIT($,.STERADIAN.) SOLID_ANGLE_UNIT() );
#4447 = UNCERTAINTY_MEASURE_WITH_UNIT(LENGTH_MEASURE(2.E-04),#4444,
  'distance_accuracy_value','confusion accuracy');
#4448 = PRODUCT_RELATED_PRODUCT_CATEGORY('part',$,(#7));
#4449 = MECHANICAL_DESIGN_GEOMETRIC_PRESENTATION_REPRESENTATION('',(
    #4450),#4443);
#4450 = STYLED_ITEM('color',(#4451),#15);
#4451 = PRESENTATION_STYLE_ASSIGNMENT((#4452,#4458));
#4452 = SURFACE_STYLE_USAGE(.BOTH.,#4453);
#4453 = SURFACE_SIDE_STYLE('',(#4454));
#4454 = SURFACE_STYLE_FILL_AREA(#4455);
#4455 = FILL_AREA_STYLE('',(#4456));
#4456 = FILL_AREA_STYLE_COLOUR('',#4457);
#4457 = COLOUR_RGB('',0.654901979974,0.325490203104,0.145098047169);
#4458 = CURVE_STYLE('',#4459,POSITIVE_LENGTH_MEASURE(0.1),#4457);
#4459 = DRAUGHTING_PRE_DEFINED_CURVE_FONT('continuous');
ENDSEC;
END-ISO-10303-21;
